01-Oct-2026 09:00:03.059 SEVERE [http-nio-8080-exec-2] org.glassfish.jersey.message.internal.WriterInterceptorExecutor$TerminalWriterInterceptor.aroundWriteTo MessageBodyWriter not found for media type=text/xml, type=class com.hmdm.rest.json.Response, genericType=class com.hmdm.rest.json.Response.
01-Oct-2026 09:00:05.799 SEVERE [http-nio-8080-exec-3] org.glassfish.jersey.message.internal.WriterInterceptorExecutor$TerminalWriterInterceptor.aroundWriteTo MessageBodyWriter not found for media type=text/xml, type=class com.hmdm.rest.json.Response, genericType=class com.hmdm.rest.json.Response.
01-Oct-2026 09:24:18.969 INFO [main] org.apache.catalina.startup.VersionLoggerListener.log Server version name:   Apache Tomcat/9.0.117
01-Oct-2026 09:24:18.978 INFO [main] org.apache.catalina.startup.VersionLoggerListener.log Server built:          Mar 30 2026 18:21:16 UTC
01-Oct-2026 09:24:18.980 INFO [main] org.apache.catalina.startup.VersionLoggerListener.log Server version number: 9.0.117.0
01-Oct-2026 09:24:18.980 INFO [main] org.apache.catalina.startup.VersionLoggerListener.log OS Name:               Linux
01-Oct-2026 09:24:18.980 INFO [main] org.apache.catalina.startup.VersionLoggerListener.log OS Version:            6.8.0-142-generic
01-Oct-2026 09:24:18.981 INFO [main] org.apache.catalina.startup.VersionLoggerListener.log Architecture:          amd64
01-Oct-2026 09:24:18.981 INFO [main] org.apache.catalina.startup.VersionLoggerListener.log Java Home:             /opt/java/openjdk
01-Oct-2026 09:24:18.981 INFO [main] org.apache.catalina.startup.VersionLoggerListener.log JVM Version:           11.0.31+11
01-Oct-2026 09:24:18.982 INFO [main] org.apache.catalina.startup.VersionLoggerListener.log JVM Vendor:            Eclipse Adoptium
01-Oct-2026 09:24:18.983 INFO [main] org.apache.catalina.startup.VersionLoggerListener.log CATALINA_BASE:         /usr/local/tomcat
01-Oct-2026 09:24:18.984 INFO [main] org.apache.catalina.startup.VersionLoggerListener.log CATALINA_HOME:         /usr/local/tomcat
01-Oct-2026 09:24:19.049 INFO [main] org.apache.catalina.startup.VersionLoggerListener.log Command line argument: --add-opens=java.base/java.lang=ALL-UNNAMED
01-Oct-2026 09:24:19.051 INFO [main] org.apache.catalina.startup.VersionLoggerListener.log Command line argument: --add-opens=java.base/java.lang.invoke=ALL-UNNAMED
01-Oct-2026 09:24:19.051 INFO [main] org.apache.catalina.startup.VersionLoggerListener.log Command line argument: --add-opens=java.base/java.lang.reflect=ALL-UNNAMED
01-Oct-2026 09:24:19.052 INFO [main] org.apache.catalina.startup.VersionLoggerListener.log Command line argument: --add-opens=java.base/java.io=ALL-UNNAMED
01-Oct-2026 09:24:19.052 INFO [main] org.apache.catalina.startup.VersionLoggerListener.log Command line argument: --add-opens=java.base/java.util=ALL-UNNAMED
01-Oct-2026 09:24:19.052 INFO [main] org.apache.catalina.startup.VersionLoggerListener.log Command line argument: --add-opens=java.base/java.util.concurrent=ALL-UNNAMED
01-Oct-2026 09:24:19.053 INFO [main] org.apache.catalina.startup.VersionLoggerListener.log Command line argument: --add-opens=java.rmi/sun.rmi.transport=ALL-UNNAMED
01-Oct-2026 09:24:19.053 INFO [main] org.apache.catalina.startup.VersionLoggerListener.log Command line argument: -Djava.util.logging.config.file=/usr/local/tomcat/conf/logging.properties
01-Oct-2026 09:24:19.054 INFO [main] org.apache.catalina.startup.VersionLoggerListener.log Command line argument: -Djava.util.logging.manager=org.apache.juli.ClassLoaderLogManager
01-Oct-2026 09:24:19.055 INFO [main] org.apache.catalina.startup.VersionLoggerListener.log Command line argument: -Djdk.tls.ephemeralDHKeySize=2048
01-Oct-2026 09:24:19.055 INFO [main] org.apache.catalina.startup.VersionLoggerListener.log Command line argument: -Djava.protocol.handler.pkgs=org.apache.catalina.webresources
01-Oct-2026 09:24:19.055 INFO [main] org.apache.catalina.startup.VersionLoggerListener.log Command line argument: -Dsun.io.useCanonCaches=false
01-Oct-2026 09:24:19.055 INFO [main] org.apache.catalina.startup.VersionLoggerListener.log Command line argument: -Dorg.apache.catalina.security.SecurityListener.UMASK=0022
01-Oct-2026 09:24:19.055 INFO [main] org.apache.catalina.startup.VersionLoggerListener.log Command line argument: -Dignore.endorsed.dirs=
01-Oct-2026 09:24:19.055 INFO [main] org.apache.catalina.startup.VersionLoggerListener.log Command line argument: -Dcatalina.base=/usr/local/tomcat
01-Oct-2026 09:24:19.055 INFO [main] org.apache.catalina.startup.VersionLoggerListener.log Command line argument: -Dcatalina.home=/usr/local/tomcat
01-Oct-2026 09:24:19.055 INFO [main] org.apache.catalina.startup.VersionLoggerListener.log Command line argument: -Djava.io.tmpdir=/usr/local/tomcat/temp
01-Oct-2026 09:24:19.109 INFO [main] org.apache.catalina.core.AprLifecycleListener.lifecycleEvent Loaded Apache Tomcat Native library [1.3.7] using APR version [1.7.0].
01-Oct-2026 09:24:19.111 INFO [main] org.apache.catalina.core.AprLifecycleListener.lifecycleEvent APR capabilities: IPv6 [true], sendfile [true], accept filters [false], random [true], UDS [true].
01-Oct-2026 09:24:19.112 INFO [main] org.apache.catalina.core.AprLifecycleListener.lifecycleEvent APR/OpenSSL configuration: useAprConnector [false], useOpenSSL [true]
01-Oct-2026 09:24:19.119 INFO [main] org.apache.catalina.core.AprLifecycleListener.initializeSSL OpenSSL successfully initialized [OpenSSL 3.0.2 15 Mar 2022]
01-Oct-2026 09:24:20.055 INFO [main] org.apache.coyote.AbstractProtocol.init Initializing ProtocolHandler ["http-nio-8080"]
01-Oct-2026 09:24:20.631 INFO [main] org.apache.catalina.startup.Catalina.load Server initialization in [2523] milliseconds
01-Oct-2026 09:24:21.807 INFO [main] org.apache.catalina.core.StandardService.startInternal Starting service [Catalina]
01-Oct-2026 09:24:21.810 INFO [main] org.apache.catalina.core.StandardEngine.startInternal Starting Servlet engine: [Apache Tomcat/9.0.117]
01-Oct-2026 09:24:21.837 INFO [main] org.apache.catalina.startup.HostConfig.deployDescriptor Deploying deployment descriptor [/usr/local/tomcat/conf/Catalina/localhost/ROOT.xml]
01-Oct-2026 09:24:21.895 INFO [main] org.apache.catalina.startup.ExpandWar.expand An expanded directory [/usr/local/tomcat/webapps/ROOT] was found with a last modified time that did not match the associated WAR. It will be deleted.
01-Oct-2026 09:24:28.156 INFO [main] org.apache.jasper.servlet.TldScanner.scanJars At least one JAR was scanned for TLDs yet contained no TLDs. Enable debug logging for this logger for a complete list of JARs that were scanned but no TLDs were found in them. Skipping unneeded JARs during scanning can improve startup time and JSP compilation time.
01-Oct-2026 09:24:38.332 INFO [main] nonapi.io.github.classgraph.classloaderhandler.lifecycle.ServletLifeCycleListener.contextInitialized Servlet context initialized
01-Oct-2026 09:24:42.483 INFO [main] org.apache.catalina.startup.HostConfig.deployDescriptor Deployment of deployment descriptor [/usr/local/tomcat/conf/Catalina/localhost/ROOT.xml] has finished in [20,644] ms
01-Oct-2026 09:24:42.490 INFO [main] org.apache.coyote.AbstractProtocol.start Starting ProtocolHandler ["http-nio-8080"]
01-Oct-2026 09:24:42.543 INFO [main] org.apache.catalina.startup.Catalina.start Server startup in [21911] milliseconds
01-Oct-2026 09:26:09.842 INFO [main] org.apache.catalina.startup.VersionLoggerListener.log Server version name:   Apache Tomcat/9.0.117
01-Oct-2026 09:26:09.846 INFO [main] org.apache.catalina.startup.VersionLoggerListener.log Server built:          Mar 30 2026 18:21:16 UTC
01-Oct-2026 09:26:09.848 INFO [main] org.apache.catalina.startup.VersionLoggerListener.log Server version number: 9.0.117.0
01-Oct-2026 09:26:09.848 INFO [main] org.apache.catalina.startup.VersionLoggerListener.log OS Name:               Linux
01-Oct-2026 09:26:09.848 INFO [main] org.apache.catalina.startup.VersionLoggerListener.log OS Version:            6.8.0-142-generic
01-Oct-2026 09:26:09.848 INFO [main] org.apache.catalina.startup.VersionLoggerListener.log Architecture:          amd64
01-Oct-2026 09:26:09.848 INFO [main] org.apache.catalina.startup.VersionLoggerListener.log Java Home:             /opt/java/openjdk
01-Oct-2026 09:26:09.848 INFO [main] org.apache.catalina.startup.VersionLoggerListener.log JVM Version:           11.0.31+11
01-Oct-2026 09:26:09.849 INFO [main] org.apache.catalina.startup.VersionLoggerListener.log JVM Vendor:            Eclipse Adoptium
01-Oct-2026 09:26:09.849 INFO [main] org.apache.catalina.startup.VersionLoggerListener.log CATALINA_BASE:         /usr/local/tomcat
01-Oct-2026 09:26:09.849 INFO [main] org.apache.catalina.startup.VersionLoggerListener.log CATALINA_HOME:         /usr/local/tomcat
01-Oct-2026 09:26:09.861 INFO [main] org.apache.catalina.startup.VersionLoggerListener.log Command line argument: --add-opens=java.base/java.lang=ALL-UNNAMED
01-Oct-2026 09:26:09.861 INFO [main] org.apache.catalina.startup.VersionLoggerListener.log Command line argument: --add-opens=java.base/java.lang.invoke=ALL-UNNAMED
01-Oct-2026 09:26:09.861 INFO [main] org.apache.catalina.startup.VersionLoggerListener.log Command line argument: --add-opens=java.base/java.lang.reflect=ALL-UNNAMED
01-Oct-2026 09:26:09.861 INFO [main] org.apache.catalina.startup.VersionLoggerListener.log Command line argument: --add-opens=java.base/java.io=ALL-UNNAMED
01-Oct-2026 09:26:09.862 INFO [main] org.apache.catalina.startup.VersionLoggerListener.log Command line argument: --add-opens=java.base/java.util=ALL-UNNAMED
01-Oct-2026 09:26:09.862 INFO [main] org.apache.catalina.startup.VersionLoggerListener.log Command line argument: --add-opens=java.base/java.util.concurrent=ALL-UNNAMED
01-Oct-2026 09:26:09.862 INFO [main] org.apache.catalina.startup.VersionLoggerListener.log Command line argument: --add-opens=java.rmi/sun.rmi.transport=ALL-UNNAMED
01-Oct-2026 09:26:09.862 INFO [main] org.apache.catalina.startup.VersionLoggerListener.log Command line argument: -Djava.util.logging.config.file=/usr/local/tomcat/conf/logging.properties
01-Oct-2026 09:26:09.862 INFO [main] org.apache.catalina.startup.VersionLoggerListener.log Command line argument: -Djava.util.logging.manager=org.apache.juli.ClassLoaderLogManager
01-Oct-2026 09:26:09.862 INFO [main] org.apache.catalina.startup.VersionLoggerListener.log Command line argument: -Djdk.tls.ephemeralDHKeySize=2048
01-Oct-2026 09:26:09.862 INFO [main] org.apache.catalina.startup.VersionLoggerListener.log Command line argument: -Djava.protocol.handler.pkgs=org.apache.catalina.webresources
01-Oct-2026 09:26:09.862 INFO [main] org.apache.catalina.startup.VersionLoggerListener.log Command line argument: -Dsun.io.useCanonCaches=false
01-Oct-2026 09:26:09.863 INFO [main] org.apache.catalina.startup.VersionLoggerListener.log Command line argument: -Dorg.apache.catalina.security.SecurityListener.UMASK=0022
01-Oct-2026 09:26:09.865 INFO [main] org.apache.catalina.startup.VersionLoggerListener.log Command line argument: -Dignore.endorsed.dirs=
01-Oct-2026 09:26:09.865 INFO [main] org.apache.catalina.startup.VersionLoggerListener.log Command line argument: -Dcatalina.base=/usr/local/tomcat
01-Oct-2026 09:26:09.865 INFO [main] org.apache.catalina.startup.VersionLoggerListener.log Command line argument: -Dcatalina.home=/usr/local/tomcat
01-Oct-2026 09:26:09.865 INFO [main] org.apache.catalina.startup.VersionLoggerListener.log Command line argument: -Djava.io.tmpdir=/usr/local/tomcat/temp
01-Oct-2026 09:26:09.874 INFO [main] org.apache.catalina.core.AprLifecycleListener.lifecycleEvent Loaded Apache Tomcat Native library [1.3.7] using APR version [1.7.0].
01-Oct-2026 09:26:09.874 INFO [main] org.apache.catalina.core.AprLifecycleListener.lifecycleEvent APR capabilities: IPv6 [true], sendfile [true], accept filters [false], random [true], UDS [true].
01-Oct-2026 09:26:09.875 INFO [main] org.apache.catalina.core.AprLifecycleListener.lifecycleEvent APR/OpenSSL configuration: useAprConnector [false], useOpenSSL [true]
01-Oct-2026 09:26:09.879 INFO [main] org.apache.catalina.core.AprLifecycleListener.initializeSSL OpenSSL successfully initialized [OpenSSL 3.0.2 15 Mar 2022]
01-Oct-2026 09:26:10.323 INFO [main] org.apache.coyote.AbstractProtocol.init Initializing ProtocolHandler ["http-nio-8080"]
01-Oct-2026 09:26:10.363 INFO [main] org.apache.catalina.startup.Catalina.load Server initialization in [784] milliseconds
01-Oct-2026 09:26:10.496 INFO [main] org.apache.catalina.core.StandardService.startInternal Starting service [Catalina]
01-Oct-2026 09:26:10.499 INFO [main] org.apache.catalina.core.StandardEngine.startInternal Starting Servlet engine: [Apache Tomcat/9.0.117]
01-Oct-2026 09:26:10.513 INFO [main] org.apache.catalina.startup.HostConfig.deployDescriptor Deploying deployment descriptor [/usr/local/tomcat/conf/Catalina/localhost/ROOT.xml]
01-Oct-2026 09:26:10.559 INFO [main] org.apache.catalina.startup.ExpandWar.expand An expanded directory [/usr/local/tomcat/webapps/ROOT] was found with a last modified time that did not match the associated WAR. It will be deleted.
01-Oct-2026 09:26:13.953 INFO [main] org.apache.jasper.servlet.TldScanner.scanJars At least one JAR was scanned for TLDs yet contained no TLDs. Enable debug logging for this logger for a complete list of JARs that were scanned but no TLDs were found in them. Skipping unneeded JARs during scanning can improve startup time and JSP compilation time.
01-Oct-2026 09:26:22.048 INFO [main] nonapi.io.github.classgraph.classloaderhandler.lifecycle.ServletLifeCycleListener.contextInitialized Servlet context initialized
01-Oct-2026 09:26:26.209 INFO [main] org.apache.catalina.startup.HostConfig.deployDescriptor Deployment of deployment descriptor [/usr/local/tomcat/conf/Catalina/localhost/ROOT.xml] has finished in [15,694] ms
01-Oct-2026 09:26:26.215 INFO [main] org.apache.coyote.AbstractProtocol.start Starting ProtocolHandler ["http-nio-8080"]
01-Oct-2026 09:26:26.235 INFO [main] org.apache.catalina.startup.Catalina.start Server startup in [15871] milliseconds
01-Oct-2026 09:27:03.790 INFO [main] org.apache.catalina.startup.VersionLoggerListener.log Server version name:   Apache Tomcat/9.0.117
01-Oct-2026 09:27:03.795 INFO [main] org.apache.catalina.startup.VersionLoggerListener.log Server built:          Mar 30 2026 18:21:16 UTC
01-Oct-2026 09:27:03.796 INFO [main] org.apache.catalina.startup.VersionLoggerListener.log Server version number: 9.0.117.0
01-Oct-2026 09:27:03.797 INFO [main] org.apache.catalina.startup.VersionLoggerListener.log OS Name:               Linux
01-Oct-2026 09:27:03.798 INFO [main] org.apache.catalina.startup.VersionLoggerListener.log OS Version:            6.8.0-142-generic
01-Oct-2026 09:27:03.798 INFO [main] org.apache.catalina.startup.VersionLoggerListener.log Architecture:          amd64
01-Oct-2026 09:27:03.798 INFO [main] org.apache.catalina.startup.VersionLoggerListener.log Java Home:             /opt/java/openjdk
01-Oct-2026 09:27:03.798 INFO [main] org.apache.catalina.startup.VersionLoggerListener.log JVM Version:           11.0.31+11
01-Oct-2026 09:27:03.799 INFO [main] org.apache.catalina.startup.VersionLoggerListener.log JVM Vendor:            Eclipse Adoptium
01-Oct-2026 09:27:03.799 INFO [main] org.apache.catalina.startup.VersionLoggerListener.log CATALINA_BASE:         /usr/local/tomcat
01-Oct-2026 09:27:03.799 INFO [main] org.apache.catalina.startup.VersionLoggerListener.log CATALINA_HOME:         /usr/local/tomcat
01-Oct-2026 09:27:03.815 INFO [main] org.apache.catalina.startup.VersionLoggerListener.log Command line argument: --add-opens=java.base/java.lang=ALL-UNNAMED
01-Oct-2026 09:27:03.815 INFO [main] org.apache.catalina.startup.VersionLoggerListener.log Command line argument: --add-opens=java.base/java.lang.invoke=ALL-UNNAMED
01-Oct-2026 09:27:03.815 INFO [main] org.apache.catalina.startup.VersionLoggerListener.log Command line argument: --add-opens=java.base/java.lang.reflect=ALL-UNNAMED
01-Oct-2026 09:27:03.815 INFO [main] org.apache.catalina.startup.VersionLoggerListener.log Command line argument: --add-opens=java.base/java.io=ALL-UNNAMED
01-Oct-2026 09:27:03.816 INFO [main] org.apache.catalina.startup.VersionLoggerListener.log Command line argument: --add-opens=java.base/java.util=ALL-UNNAMED
01-Oct-2026 09:27:03.816 INFO [main] org.apache.catalina.startup.VersionLoggerListener.log Command line argument: --add-opens=java.base/java.util.concurrent=ALL-UNNAMED
01-Oct-2026 09:27:03.816 INFO [main] org.apache.catalina.startup.VersionLoggerListener.log Command line argument: --add-opens=java.rmi/sun.rmi.transport=ALL-UNNAMED
01-Oct-2026 09:27:03.816 INFO [main] org.apache.catalina.startup.VersionLoggerListener.log Command line argument: -Djava.util.logging.config.file=/usr/local/tomcat/conf/logging.properties
01-Oct-2026 09:27:03.817 INFO [main] org.apache.catalina.startup.VersionLoggerListener.log Command line argument: -Djava.util.logging.manager=org.apache.juli.ClassLoaderLogManager
01-Oct-2026 09:27:03.817 INFO [main] org.apache.catalina.startup.VersionLoggerListener.log Command line argument: -Djdk.tls.ephemeralDHKeySize=2048
01-Oct-2026 09:27:03.817 INFO [main] org.apache.catalina.startup.VersionLoggerListener.log Command line argument: -Djava.protocol.handler.pkgs=org.apache.catalina.webresources
01-Oct-2026 09:27:03.817 INFO [main] org.apache.catalina.startup.VersionLoggerListener.log Command line argument: -Dsun.io.useCanonCaches=false
01-Oct-2026 09:27:03.818 INFO [main] org.apache.catalina.startup.VersionLoggerListener.log Command line argument: -Dorg.apache.catalina.security.SecurityListener.UMASK=0022
01-Oct-2026 09:27:03.818 INFO [main] org.apache.catalina.startup.VersionLoggerListener.log Command line argument: -Dignore.endorsed.dirs=
01-Oct-2026 09:27:03.819 INFO [main] org.apache.catalina.startup.VersionLoggerListener.log Command line argument: -Dcatalina.base=/usr/local/tomcat
01-Oct-2026 09:27:03.819 INFO [main] org.apache.catalina.startup.VersionLoggerListener.log Command line argument: -Dcatalina.home=/usr/local/tomcat
01-Oct-2026 09:27:03.820 INFO [main] org.apache.catalina.startup.VersionLoggerListener.log Command line argument: -Djava.io.tmpdir=/usr/local/tomcat/temp
01-Oct-2026 09:27:03.826 INFO [main] org.apache.catalina.core.AprLifecycleListener.lifecycleEvent Loaded Apache Tomcat Native library [1.3.7] using APR version [1.7.0].
01-Oct-2026 09:27:03.826 INFO [main] org.apache.catalina.core.AprLifecycleListener.lifecycleEvent APR capabilities: IPv6 [true], sendfile [true], accept filters [false], random [true], UDS [true].
01-Oct-2026 09:27:03.826 INFO [main] org.apache.catalina.core.AprLifecycleListener.lifecycleEvent APR/OpenSSL configuration: useAprConnector [false], useOpenSSL [true]
01-Oct-2026 09:27:03.831 INFO [main] org.apache.catalina.core.AprLifecycleListener.initializeSSL OpenSSL successfully initialized [OpenSSL 3.0.2 15 Mar 2022]
01-Oct-2026 09:27:04.395 INFO [main] org.apache.coyote.AbstractProtocol.init Initializing ProtocolHandler ["http-nio-8080"]
01-Oct-2026 09:27:04.471 INFO [main] org.apache.catalina.startup.Catalina.load Server initialization in [1026] milliseconds
01-Oct-2026 09:27:04.648 INFO [main] org.apache.catalina.core.StandardService.startInternal Starting service [Catalina]
01-Oct-2026 09:27:04.649 INFO [main] org.apache.catalina.core.StandardEngine.startInternal Starting Servlet engine: [Apache Tomcat/9.0.117]
01-Oct-2026 09:27:04.700 INFO [main] org.apache.catalina.startup.HostConfig.deployDescriptor Deploying deployment descriptor [/usr/local/tomcat/conf/Catalina/localhost/ROOT.xml]
01-Oct-2026 09:27:04.870 INFO [main] org.apache.catalina.startup.ExpandWar.expand An expanded directory [/usr/local/tomcat/webapps/ROOT] was found with a last modified time that did not match the associated WAR. It will be deleted.
01-Oct-2026 09:27:08.469 INFO [main] org.apache.jasper.servlet.TldScanner.scanJars At least one JAR was scanned for TLDs yet contained no TLDs. Enable debug logging for this logger for a complete list of JARs that were scanned but no TLDs were found in them. Skipping unneeded JARs during scanning can improve startup time and JSP compilation time.
01-Oct-2026 09:27:13.986 INFO [main] com.google.inject.internal.MessageProcessor.visit An exception was caught and reported. Message: liquibase.exception.ValidationFailedException: Validation Failed:
     1 change sets check sum
          db.changelog.xml::28.09.19-14:41::seva was: 8:ae7efd3d3719eb53bf071cbf1df3005f but is now: 8:283838fa16a90af9f0255c3366ff535d

	java.lang.RuntimeException: liquibase.exception.ValidationFailedException: Validation Failed:
     1 change sets check sum
          db.changelog.xml::28.09.19-14:41::seva was: 8:ae7efd3d3719eb53bf071cbf1df3005f but is now: 8:283838fa16a90af9f0255c3366ff535d

		at com.hmdm.guice.module.AbstractLiquibaseModule.configure(AbstractLiquibaseModule.java:78)
		at com.google.inject.AbstractModule.configure(AbstractModule.java:61)
		at com.google.inject.spi.Elements$RecordingBinder.install(Elements.java:344)
		at com.google.inject.spi.Elements.getElements(Elements.java:103)
		at com.google.inject.internal.InjectorShell$Builder.build(InjectorShell.java:137)
		at com.google.inject.internal.InternalInjectorCreator.build(InternalInjectorCreator.java:103)
		at com.google.inject.Guice.createInjector(Guice.java:87)
		at com.hmdm.guice.Initializer.getInjector(Initializer.java:62)
		at com.google.inject.servlet.GuiceServletContextListener.contextInitialized(GuiceServletContextListener.java:45)
		at com.hmdm.guice.Initializer.contextInitialized(Initializer.java:126)
		at org.apache.catalina.core.StandardContext.listenerStart(StandardContext.java:4047)
		at org.apache.catalina.core.StandardContext.startInternal(StandardContext.java:4489)
		at org.apache.catalina.util.LifecycleBase.start(LifecycleBase.java:164)
		at org.apache.catalina.core.ContainerBase.addChildInternal(ContainerBase.java:597)
		at org.apache.catalina.core.ContainerBase.addChild(ContainerBase.java:569)
		at org.apache.catalina.core.StandardHost.addChild(StandardHost.java:608)
		at org.apache.catalina.startup.HostConfig.deployDescriptor(HostConfig.java:677)
		at org.apache.catalina.startup.HostConfig$DeployDescriptor.run(HostConfig.java:1836)
		at java.base/java.util.concurrent.Executors$RunnableAdapter.call(Executors.java:515)
		at java.base/java.util.concurrent.FutureTask.run(FutureTask.java:264)
		at org.apache.tomcat.util.threads.InlineExecutorService.execute(InlineExecutorService.java:82)
		at java.base/java.util.concurrent.AbstractExecutorService.submit(AbstractExecutorService.java:118)
		at org.apache.catalina.startup.HostConfig.deployDescriptors(HostConfig.java:572)
		at org.apache.catalina.startup.HostConfig.deployApps(HostConfig.java:463)
		at org.apache.catalina.startup.HostConfig.start(HostConfig.java:1576)
		at org.apache.catalina.startup.HostConfig.lifecycleEvent(HostConfig.java:309)
		at org.apache.catalina.util.LifecycleBase.fireLifecycleEvent(LifecycleBase.java:109)
		at org.apache.catalina.util.LifecycleBase.setStateInternal(LifecycleBase.java:389)
		at org.apache.catalina.util.LifecycleBase.setState(LifecycleBase.java:336)
		at org.apache.catalina.core.ContainerBase.startInternal(ContainerBase.java:774)
		at org.apache.catalina.core.StandardHost.startInternal(StandardHost.java:726)
		at org.apache.catalina.util.LifecycleBase.start(LifecycleBase.java:164)
		at org.apache.catalina.core.ContainerBase$StartChild.call(ContainerBase.java:1201)
		at org.apache.catalina.core.ContainerBase$StartChild.call(ContainerBase.java:1191)
		at java.base/java.util.concurrent.FutureTask.run(FutureTask.java:264)
		at org.apache.tomcat.util.threads.InlineExecutorService.execute(InlineExecutorService.java:82)
		at java.base/java.util.concurrent.AbstractExecutorService.submit(AbstractExecutorService.java:140)
		at org.apache.catalina.core.ContainerBase.startInternal(ContainerBase.java:747)
		at org.apache.catalina.core.StandardEngine.startInternal(StandardEngine.java:209)
		at org.apache.catalina.util.LifecycleBase.start(LifecycleBase.java:164)
		at org.apache.catalina.core.StandardService.startInternal(StandardService.java:410)
		at org.apache.catalina.util.LifecycleBase.start(LifecycleBase.java:164)
		at org.apache.catalina.core.StandardServer.startInternal(StandardServer.java:872)
		at org.apache.catalina.util.LifecycleBase.start(LifecycleBase.java:164)
		at org.apache.catalina.startup.Catalina.start(Catalina.java:736)
		at java.base/jdk.internal.reflect.NativeMethodAccessorImpl.invoke0(Native Method)
		at java.base/jdk.internal.reflect.NativeMethodAccessorImpl.invoke(NativeMethodAccessorImpl.java:62)
		at java.base/jdk.internal.reflect.DelegatingMethodAccessorImpl.invoke(DelegatingMethodAccessorImpl.java:43)
		at java.base/java.lang.reflect.Method.invoke(Method.java:566)
		at org.apache.catalina.startup.Bootstrap.start(Bootstrap.java:342)
		at org.apache.catalina.startup.Bootstrap.main(Bootstrap.java:473)
	Caused by: liquibase.exception.ValidationFailedException: Validation Failed:
     1 change sets check sum
          db.changelog.xml::28.09.19-14:41::seva was: 8:ae7efd3d3719eb53bf071cbf1df3005f but is now: 8:283838fa16a90af9f0255c3366ff535d

		at liquibase.changelog.DatabaseChangeLog.validate(DatabaseChangeLog.java:276)
		at liquibase.Liquibase.update(Liquibase.java:198)
		at liquibase.Liquibase.update(Liquibase.java:179)
		at liquibase.Liquibase.update(Liquibase.java:175)
		at liquibase.Liquibase.update(Liquibase.java:168)
		at com.hmdm.guice.module.AbstractLiquibaseModule.configure(AbstractLiquibaseModule.java:75)
		... 50 more
01-Oct-2026 09:27:14.758 INFO [main] nonapi.io.github.classgraph.classloaderhandler.lifecycle.ServletLifeCycleListener.contextInitialized Servlet context initialized
01-Oct-2026 09:27:14.759 SEVERE [main] org.apache.catalina.core.StandardContext.startInternal One or more listeners failed to start. Full details will be found in the appropriate container log file
01-Oct-2026 09:27:14.764 SEVERE [main] org.apache.catalina.core.StandardContext.startInternal Context [] startup failed due to previous errors
01-Oct-2026 09:27:14.766 INFO [main] nonapi.io.github.classgraph.classloaderhandler.lifecycle.ServletLifeCycleListener.contextDestroyed Servlet context destroyed -- closing any remaning open ClassGraph ScanResult instances
01-Oct-2026 09:27:14.769 WARNING [main] org.apache.catalina.loader.WebappClassLoaderBase.clearReferencesJdbc The web application [ROOT] registered the JDBC driver [org.postgresql.Driver] but failed to unregister it when the web application was stopped. To prevent a memory leak, the JDBC Driver has been forcibly unregistered.
01-Oct-2026 09:27:14.853 INFO [main] org.apache.catalina.startup.HostConfig.deployDescriptor Deployment of deployment descriptor [/usr/local/tomcat/conf/Catalina/localhost/ROOT.xml] has finished in [10,153] ms
01-Oct-2026 09:27:14.859 INFO [main] org.apache.coyote.AbstractProtocol.start Starting ProtocolHandler ["http-nio-8080"]
01-Oct-2026 09:27:14.877 INFO [main] org.apache.catalina.startup.Catalina.start Server startup in [10405] milliseconds
01-Oct-2026 09:27:30.050 INFO [main] org.apache.catalina.startup.VersionLoggerListener.log Server version name:   Apache Tomcat/9.0.117
01-Oct-2026 09:27:30.056 INFO [main] org.apache.catalina.startup.VersionLoggerListener.log Server built:          Mar 30 2026 18:21:16 UTC
01-Oct-2026 09:27:30.057 INFO [main] org.apache.catalina.startup.VersionLoggerListener.log Server version number: 9.0.117.0
01-Oct-2026 09:27:30.057 INFO [main] org.apache.catalina.startup.VersionLoggerListener.log OS Name:               Linux
01-Oct-2026 09:27:30.058 INFO [main] org.apache.catalina.startup.VersionLoggerListener.log OS Version:            6.8.0-142-generic
01-Oct-2026 09:27:30.058 INFO [main] org.apache.catalina.startup.VersionLoggerListener.log Architecture:          amd64
01-Oct-2026 09:27:30.059 INFO [main] org.apache.catalina.startup.VersionLoggerListener.log Java Home:             /opt/java/openjdk
01-Oct-2026 09:27:30.059 INFO [main] org.apache.catalina.startup.VersionLoggerListener.log JVM Version:           11.0.31+11
01-Oct-2026 09:27:30.060 INFO [main] org.apache.catalina.startup.VersionLoggerListener.log JVM Vendor:            Eclipse Adoptium
01-Oct-2026 09:27:30.060 INFO [main] org.apache.catalina.startup.VersionLoggerListener.log CATALINA_BASE:         /usr/local/tomcat
01-Oct-2026 09:27:30.061 INFO [main] org.apache.catalina.startup.VersionLoggerListener.log CATALINA_HOME:         /usr/local/tomcat
01-Oct-2026 09:27:30.081 INFO [main] org.apache.catalina.startup.VersionLoggerListener.log Command line argument: --add-opens=java.base/java.lang=ALL-UNNAMED
01-Oct-2026 09:27:30.082 INFO [main] org.apache.catalina.startup.VersionLoggerListener.log Command line argument: --add-opens=java.base/java.lang.invoke=ALL-UNNAMED
01-Oct-2026 09:27:30.084 INFO [main] org.apache.catalina.startup.VersionLoggerListener.log Command line argument: --add-opens=java.base/java.lang.reflect=ALL-UNNAMED
01-Oct-2026 09:27:30.084 INFO [main] org.apache.catalina.startup.VersionLoggerListener.log Command line argument: --add-opens=java.base/java.io=ALL-UNNAMED
01-Oct-2026 09:27:30.084 INFO [main] org.apache.catalina.startup.VersionLoggerListener.log Command line argument: --add-opens=java.base/java.util=ALL-UNNAMED
01-Oct-2026 09:27:30.084 INFO [main] org.apache.catalina.startup.VersionLoggerListener.log Command line argument: --add-opens=java.base/java.util.concurrent=ALL-UNNAMED
01-Oct-2026 09:27:30.084 INFO [main] org.apache.catalina.startup.VersionLoggerListener.log Command line argument: --add-opens=java.rmi/sun.rmi.transport=ALL-UNNAMED
01-Oct-2026 09:27:30.084 INFO [main] org.apache.catalina.startup.VersionLoggerListener.log Command line argument: -Djava.util.logging.config.file=/usr/local/tomcat/conf/logging.properties
01-Oct-2026 09:27:30.084 INFO [main] org.apache.catalina.startup.VersionLoggerListener.log Command line argument: -Djava.util.logging.manager=org.apache.juli.ClassLoaderLogManager
01-Oct-2026 09:27:30.084 INFO [main] org.apache.catalina.startup.VersionLoggerListener.log Command line argument: -Djdk.tls.ephemeralDHKeySize=2048
01-Oct-2026 09:27:30.085 INFO [main] org.apache.catalina.startup.VersionLoggerListener.log Command line argument: -Djava.protocol.handler.pkgs=org.apache.catalina.webresources
01-Oct-2026 09:27:30.085 INFO [main] org.apache.catalina.startup.VersionLoggerListener.log Command line argument: -Dsun.io.useCanonCaches=false
01-Oct-2026 09:27:30.085 INFO [main] org.apache.catalina.startup.VersionLoggerListener.log Command line argument: -Dorg.apache.catalina.security.SecurityListener.UMASK=0022
01-Oct-2026 09:27:30.085 INFO [main] org.apache.catalina.startup.VersionLoggerListener.log Command line argument: -Dignore.endorsed.dirs=
01-Oct-2026 09:27:30.085 INFO [main] org.apache.catalina.startup.VersionLoggerListener.log Command line argument: -Dcatalina.base=/usr/local/tomcat
01-Oct-2026 09:27:30.085 INFO [main] org.apache.catalina.startup.VersionLoggerListener.log Command line argument: -Dcatalina.home=/usr/local/tomcat
01-Oct-2026 09:27:30.085 INFO [main] org.apache.catalina.startup.VersionLoggerListener.log Command line argument: -Djava.io.tmpdir=/usr/local/tomcat/temp
01-Oct-2026 09:27:30.093 INFO [main] org.apache.catalina.core.AprLifecycleListener.lifecycleEvent Loaded Apache Tomcat Native library [1.3.7] using APR version [1.7.0].
01-Oct-2026 09:27:30.094 INFO [main] org.apache.catalina.core.AprLifecycleListener.lifecycleEvent APR capabilities: IPv6 [true], sendfile [true], accept filters [false], random [true], UDS [true].
01-Oct-2026 09:27:30.094 INFO [main] org.apache.catalina.core.AprLifecycleListener.lifecycleEvent APR/OpenSSL configuration: useAprConnector [false], useOpenSSL [true]
01-Oct-2026 09:27:30.098 INFO [main] org.apache.catalina.core.AprLifecycleListener.initializeSSL OpenSSL successfully initialized [OpenSSL 3.0.2 15 Mar 2022]
01-Oct-2026 09:27:30.583 INFO [main] org.apache.coyote.AbstractProtocol.init Initializing ProtocolHandler ["http-nio-8080"]
01-Oct-2026 09:27:30.625 INFO [main] org.apache.catalina.startup.Catalina.load Server initialization in [859] milliseconds
01-Oct-2026 09:27:30.724 INFO [main] org.apache.catalina.core.StandardService.startInternal Starting service [Catalina]
01-Oct-2026 09:27:30.727 INFO [main] org.apache.catalina.core.StandardEngine.startInternal Starting Servlet engine: [Apache Tomcat/9.0.117]
01-Oct-2026 09:27:30.749 INFO [main] org.apache.catalina.startup.HostConfig.deployDescriptor Deploying deployment descriptor [/usr/local/tomcat/conf/Catalina/localhost/ROOT.xml]
01-Oct-2026 09:27:33.870 INFO [main] org.apache.jasper.servlet.TldScanner.scanJars At least one JAR was scanned for TLDs yet contained no TLDs. Enable debug logging for this logger for a complete list of JARs that were scanned but no TLDs were found in them. Skipping unneeded JARs during scanning can improve startup time and JSP compilation time.
01-Oct-2026 09:27:39.176 INFO [main] com.google.inject.internal.MessageProcessor.visit An exception was caught and reported. Message: liquibase.exception.ValidationFailedException: Validation Failed:
     1 change sets check sum
          db.changelog.xml::28.09.19-14:41::seva was: 8:ae7efd3d3719eb53bf071cbf1df3005f but is now: 8:283838fa16a90af9f0255c3366ff535d

	java.lang.RuntimeException: liquibase.exception.ValidationFailedException: Validation Failed:
     1 change sets check sum
          db.changelog.xml::28.09.19-14:41::seva was: 8:ae7efd3d3719eb53bf071cbf1df3005f but is now: 8:283838fa16a90af9f0255c3366ff535d

		at com.hmdm.guice.module.AbstractLiquibaseModule.configure(AbstractLiquibaseModule.java:78)
		at com.google.inject.AbstractModule.configure(AbstractModule.java:61)
		at com.google.inject.spi.Elements$RecordingBinder.install(Elements.java:344)
		at com.google.inject.spi.Elements.getElements(Elements.java:103)
		at com.google.inject.internal.InjectorShell$Builder.build(InjectorShell.java:137)
		at com.google.inject.internal.InternalInjectorCreator.build(InternalInjectorCreator.java:103)
		at com.google.inject.Guice.createInjector(Guice.java:87)
		at com.hmdm.guice.Initializer.getInjector(Initializer.java:62)
		at com.google.inject.servlet.GuiceServletContextListener.contextInitialized(GuiceServletContextListener.java:45)
		at com.hmdm.guice.Initializer.contextInitialized(Initializer.java:126)
		at org.apache.catalina.core.StandardContext.listenerStart(StandardContext.java:4047)
		at org.apache.catalina.core.StandardContext.startInternal(StandardContext.java:4489)
		at org.apache.catalina.util.LifecycleBase.start(LifecycleBase.java:164)
		at org.apache.catalina.core.ContainerBase.addChildInternal(ContainerBase.java:597)
		at org.apache.catalina.core.ContainerBase.addChild(ContainerBase.java:569)
		at org.apache.catalina.core.StandardHost.addChild(StandardHost.java:608)
		at org.apache.catalina.startup.HostConfig.deployDescriptor(HostConfig.java:677)
		at org.apache.catalina.startup.HostConfig$DeployDescriptor.run(HostConfig.java:1836)
		at java.base/java.util.concurrent.Executors$RunnableAdapter.call(Executors.java:515)
		at java.base/java.util.concurrent.FutureTask.run(FutureTask.java:264)
		at org.apache.tomcat.util.threads.InlineExecutorService.execute(InlineExecutorService.java:82)
		at java.base/java.util.concurrent.AbstractExecutorService.submit(AbstractExecutorService.java:118)
		at org.apache.catalina.startup.HostConfig.deployDescriptors(HostConfig.java:572)
		at org.apache.catalina.startup.HostConfig.deployApps(HostConfig.java:463)
		at org.apache.catalina.startup.HostConfig.start(HostConfig.java:1576)
		at org.apache.catalina.startup.HostConfig.lifecycleEvent(HostConfig.java:309)
		at org.apache.catalina.util.LifecycleBase.fireLifecycleEvent(LifecycleBase.java:109)
		at org.apache.catalina.util.LifecycleBase.setStateInternal(LifecycleBase.java:389)
		at org.apache.catalina.util.LifecycleBase.setState(LifecycleBase.java:336)
		at org.apache.catalina.core.ContainerBase.startInternal(ContainerBase.java:774)
		at org.apache.catalina.core.StandardHost.startInternal(StandardHost.java:726)
		at org.apache.catalina.util.LifecycleBase.start(LifecycleBase.java:164)
		at org.apache.catalina.core.ContainerBase$StartChild.call(ContainerBase.java:1201)
		at org.apache.catalina.core.ContainerBase$StartChild.call(ContainerBase.java:1191)
		at java.base/java.util.concurrent.FutureTask.run(FutureTask.java:264)
		at org.apache.tomcat.util.threads.InlineExecutorService.execute(InlineExecutorService.java:82)
		at java.base/java.util.concurrent.AbstractExecutorService.submit(AbstractExecutorService.java:140)
		at org.apache.catalina.core.ContainerBase.startInternal(ContainerBase.java:747)
		at org.apache.catalina.core.StandardEngine.startInternal(StandardEngine.java:209)
		at org.apache.catalina.util.LifecycleBase.start(LifecycleBase.java:164)
		at org.apache.catalina.core.StandardService.startInternal(StandardService.java:410)
		at org.apache.catalina.util.LifecycleBase.start(LifecycleBase.java:164)
		at org.apache.catalina.core.StandardServer.startInternal(StandardServer.java:872)
		at org.apache.catalina.util.LifecycleBase.start(LifecycleBase.java:164)
		at org.apache.catalina.startup.Catalina.start(Catalina.java:736)
		at java.base/jdk.internal.reflect.NativeMethodAccessorImpl.invoke0(Native Method)
		at java.base/jdk.internal.reflect.NativeMethodAccessorImpl.invoke(NativeMethodAccessorImpl.java:62)
		at java.base/jdk.internal.reflect.DelegatingMethodAccessorImpl.invoke(DelegatingMethodAccessorImpl.java:43)
		at java.base/java.lang.reflect.Method.invoke(Method.java:566)
		at org.apache.catalina.startup.Bootstrap.start(Bootstrap.java:342)
		at org.apache.catalina.startup.Bootstrap.main(Bootstrap.java:473)
	Caused by: liquibase.exception.ValidationFailedException: Validation Failed:
     1 change sets check sum
          db.changelog.xml::28.09.19-14:41::seva was: 8:ae7efd3d3719eb53bf071cbf1df3005f but is now: 8:283838fa16a90af9f0255c3366ff535d

		at liquibase.changelog.DatabaseChangeLog.validate(DatabaseChangeLog.java:276)
		at liquibase.Liquibase.update(Liquibase.java:198)
		at liquibase.Liquibase.update(Liquibase.java:179)
		at liquibase.Liquibase.update(Liquibase.java:175)
		at liquibase.Liquibase.update(Liquibase.java:168)
		at com.hmdm.guice.module.AbstractLiquibaseModule.configure(AbstractLiquibaseModule.java:75)
		... 50 more
01-Oct-2026 09:27:40.174 INFO [main] nonapi.io.github.classgraph.classloaderhandler.lifecycle.ServletLifeCycleListener.contextInitialized Servlet context initialized
01-Oct-2026 09:27:40.177 SEVERE [main] org.apache.catalina.core.StandardContext.startInternal One or more listeners failed to start. Full details will be found in the appropriate container log file
01-Oct-2026 09:27:40.181 SEVERE [main] org.apache.catalina.core.StandardContext.startInternal Context [] startup failed due to previous errors
01-Oct-2026 09:27:40.185 INFO [main] nonapi.io.github.classgraph.classloaderhandler.lifecycle.ServletLifeCycleListener.contextDestroyed Servlet context destroyed -- closing any remaning open ClassGraph ScanResult instances
01-Oct-2026 09:27:40.188 WARNING [main] org.apache.catalina.loader.WebappClassLoaderBase.clearReferencesJdbc The web application [ROOT] registered the JDBC driver [org.postgresql.Driver] but failed to unregister it when the web application was stopped. To prevent a memory leak, the JDBC Driver has been forcibly unregistered.
01-Oct-2026 09:27:40.195 INFO [main] org.apache.catalina.startup.HostConfig.deployDescriptor Deployment of deployment descriptor [/usr/local/tomcat/conf/Catalina/localhost/ROOT.xml] has finished in [9,445] ms
01-Oct-2026 09:27:40.200 INFO [main] org.apache.coyote.AbstractProtocol.start Starting ProtocolHandler ["http-nio-8080"]
01-Oct-2026 09:27:40.218 INFO [main] org.apache.catalina.startup.Catalina.start Server startup in [9592] milliseconds
01-Oct-2026 09:32:20.901 INFO [main] org.apache.catalina.startup.VersionLoggerListener.log Server version name:   Apache Tomcat/9.0.117
01-Oct-2026 09:32:20.907 INFO [main] org.apache.catalina.startup.VersionLoggerListener.log Server built:          Mar 30 2026 18:21:16 UTC
01-Oct-2026 09:32:20.908 INFO [main] org.apache.catalina.startup.VersionLoggerListener.log Server version number: 9.0.117.0
01-Oct-2026 09:32:20.908 INFO [main] org.apache.catalina.startup.VersionLoggerListener.log OS Name:               Linux
01-Oct-2026 09:32:20.908 INFO [main] org.apache.catalina.startup.VersionLoggerListener.log OS Version:            6.8.0-142-generic
01-Oct-2026 09:32:20.908 INFO [main] org.apache.catalina.startup.VersionLoggerListener.log Architecture:          amd64
01-Oct-2026 09:32:20.908 INFO [main] org.apache.catalina.startup.VersionLoggerListener.log Java Home:             /opt/java/openjdk
01-Oct-2026 09:32:20.908 INFO [main] org.apache.catalina.startup.VersionLoggerListener.log JVM Version:           11.0.31+11
01-Oct-2026 09:32:20.908 INFO [main] org.apache.catalina.startup.VersionLoggerListener.log JVM Vendor:            Eclipse Adoptium
01-Oct-2026 09:32:20.908 INFO [main] org.apache.catalina.startup.VersionLoggerListener.log CATALINA_BASE:         /usr/local/tomcat
01-Oct-2026 09:32:20.909 INFO [main] org.apache.catalina.startup.VersionLoggerListener.log CATALINA_HOME:         /usr/local/tomcat
01-Oct-2026 09:32:20.929 INFO [main] org.apache.catalina.startup.VersionLoggerListener.log Command line argument: --add-opens=java.base/java.lang=ALL-UNNAMED
01-Oct-2026 09:32:20.929 INFO [main] org.apache.catalina.startup.VersionLoggerListener.log Command line argument: --add-opens=java.base/java.lang.invoke=ALL-UNNAMED
01-Oct-2026 09:32:20.929 INFO [main] org.apache.catalina.startup.VersionLoggerListener.log Command line argument: --add-opens=java.base/java.lang.reflect=ALL-UNNAMED
01-Oct-2026 09:32:20.929 INFO [main] org.apache.catalina.startup.VersionLoggerListener.log Command line argument: --add-opens=java.base/java.io=ALL-UNNAMED
01-Oct-2026 09:32:20.929 INFO [main] org.apache.catalina.startup.VersionLoggerListener.log Command line argument: --add-opens=java.base/java.util=ALL-UNNAMED
01-Oct-2026 09:32:20.929 INFO [main] org.apache.catalina.startup.VersionLoggerListener.log Command line argument: --add-opens=java.base/java.util.concurrent=ALL-UNNAMED
01-Oct-2026 09:32:20.929 INFO [main] org.apache.catalina.startup.VersionLoggerListener.log Command line argument: --add-opens=java.rmi/sun.rmi.transport=ALL-UNNAMED
01-Oct-2026 09:32:20.930 INFO [main] org.apache.catalina.startup.VersionLoggerListener.log Command line argument: -Djava.util.logging.config.file=/usr/local/tomcat/conf/logging.properties
01-Oct-2026 09:32:20.933 INFO [main] org.apache.catalina.startup.VersionLoggerListener.log Command line argument: -Djava.util.logging.manager=org.apache.juli.ClassLoaderLogManager
01-Oct-2026 09:32:20.933 INFO [main] org.apache.catalina.startup.VersionLoggerListener.log Command line argument: -Djdk.tls.ephemeralDHKeySize=2048
01-Oct-2026 09:32:20.933 INFO [main] org.apache.catalina.startup.VersionLoggerListener.log Command line argument: -Djava.protocol.handler.pkgs=org.apache.catalina.webresources
01-Oct-2026 09:32:20.933 INFO [main] org.apache.catalina.startup.VersionLoggerListener.log Command line argument: -Dsun.io.useCanonCaches=false
01-Oct-2026 09:32:20.934 INFO [main] org.apache.catalina.startup.VersionLoggerListener.log Command line argument: -Dorg.apache.catalina.security.SecurityListener.UMASK=0022
01-Oct-2026 09:32:20.934 INFO [main] org.apache.catalina.startup.VersionLoggerListener.log Command line argument: -Dignore.endorsed.dirs=
01-Oct-2026 09:32:20.934 INFO [main] org.apache.catalina.startup.VersionLoggerListener.log Command line argument: -Dcatalina.base=/usr/local/tomcat
01-Oct-2026 09:32:20.934 INFO [main] org.apache.catalina.startup.VersionLoggerListener.log Command line argument: -Dcatalina.home=/usr/local/tomcat
01-Oct-2026 09:32:20.934 INFO [main] org.apache.catalina.startup.VersionLoggerListener.log Command line argument: -Djava.io.tmpdir=/usr/local/tomcat/temp
01-Oct-2026 09:32:20.941 INFO [main] org.apache.catalina.core.AprLifecycleListener.lifecycleEvent Loaded Apache Tomcat Native library [1.3.7] using APR version [1.7.0].
01-Oct-2026 09:32:20.941 INFO [main] org.apache.catalina.core.AprLifecycleListener.lifecycleEvent APR capabilities: IPv6 [true], sendfile [true], accept filters [false], random [true], UDS [true].
01-Oct-2026 09:32:20.941 INFO [main] org.apache.catalina.core.AprLifecycleListener.lifecycleEvent APR/OpenSSL configuration: useAprConnector [false], useOpenSSL [true]
01-Oct-2026 09:32:20.945 INFO [main] org.apache.catalina.core.AprLifecycleListener.initializeSSL OpenSSL successfully initialized [OpenSSL 3.0.2 15 Mar 2022]
01-Oct-2026 09:32:21.482 INFO [main] org.apache.coyote.AbstractProtocol.init Initializing ProtocolHandler ["http-nio-8080"]
01-Oct-2026 09:32:21.524 INFO [main] org.apache.catalina.startup.Catalina.load Server initialization in [964] milliseconds
01-Oct-2026 09:32:21.631 INFO [main] org.apache.catalina.core.StandardService.startInternal Starting service [Catalina]
01-Oct-2026 09:32:21.635 INFO [main] org.apache.catalina.core.StandardEngine.startInternal Starting Servlet engine: [Apache Tomcat/9.0.117]
01-Oct-2026 09:32:21.658 INFO [main] org.apache.catalina.startup.HostConfig.deployDescriptor Deploying deployment descriptor [/usr/local/tomcat/conf/Catalina/localhost/ROOT.xml]
01-Oct-2026 09:32:21.715 INFO [main] org.apache.catalina.startup.ExpandWar.expand An expanded directory [/usr/local/tomcat/webapps/ROOT] was found with a last modified time that did not match the associated WAR. It will be deleted.
01-Oct-2026 09:32:25.221 INFO [main] org.apache.jasper.servlet.TldScanner.scanJars At least one JAR was scanned for TLDs yet contained no TLDs. Enable debug logging for this logger for a complete list of JARs that were scanned but no TLDs were found in them. Skipping unneeded JARs during scanning can improve startup time and JSP compilation time.
01-Oct-2026 09:32:33.032 INFO [main] nonapi.io.github.classgraph.classloaderhandler.lifecycle.ServletLifeCycleListener.contextInitialized Servlet context initialized
01-Oct-2026 09:32:36.807 INFO [main] org.apache.catalina.startup.HostConfig.deployDescriptor Deployment of deployment descriptor [/usr/local/tomcat/conf/Catalina/localhost/ROOT.xml] has finished in [15,147] ms
01-Oct-2026 09:32:36.812 INFO [main] org.apache.coyote.AbstractProtocol.start Starting ProtocolHandler ["http-nio-8080"]
01-Oct-2026 09:32:36.848 INFO [main] org.apache.catalina.startup.Catalina.start Server startup in [15322] milliseconds
01-Oct-2026 09:48:11.705 INFO [main] org.apache.catalina.startup.VersionLoggerListener.log Server version name:   Apache Tomcat/9.0.117
01-Oct-2026 09:48:11.711 INFO [main] org.apache.catalina.startup.VersionLoggerListener.log Server built:          Mar 30 2026 18:21:16 UTC
01-Oct-2026 09:48:11.712 INFO [main] org.apache.catalina.startup.VersionLoggerListener.log Server version number: 9.0.117.0
01-Oct-2026 09:48:11.713 INFO [main] org.apache.catalina.startup.VersionLoggerListener.log OS Name:               Linux
01-Oct-2026 09:48:11.713 INFO [main] org.apache.catalina.startup.VersionLoggerListener.log OS Version:            6.8.0-142-generic
01-Oct-2026 09:48:11.713 INFO [main] org.apache.catalina.startup.VersionLoggerListener.log Architecture:          amd64
01-Oct-2026 09:48:11.713 INFO [main] org.apache.catalina.startup.VersionLoggerListener.log Java Home:             /opt/java/openjdk
01-Oct-2026 09:48:11.713 INFO [main] org.apache.catalina.startup.VersionLoggerListener.log JVM Version:           11.0.31+11
01-Oct-2026 09:48:11.713 INFO [main] org.apache.catalina.startup.VersionLoggerListener.log JVM Vendor:            Eclipse Adoptium
01-Oct-2026 09:48:11.714 INFO [main] org.apache.catalina.startup.VersionLoggerListener.log CATALINA_BASE:         /usr/local/tomcat
01-Oct-2026 09:48:11.714 INFO [main] org.apache.catalina.startup.VersionLoggerListener.log CATALINA_HOME:         /usr/local/tomcat
01-Oct-2026 09:48:11.743 INFO [main] org.apache.catalina.startup.VersionLoggerListener.log Command line argument: --add-opens=java.base/java.lang=ALL-UNNAMED
01-Oct-2026 09:48:11.744 INFO [main] org.apache.catalina.startup.VersionLoggerListener.log Command line argument: --add-opens=java.base/java.lang.invoke=ALL-UNNAMED
01-Oct-2026 09:48:11.744 INFO [main] org.apache.catalina.startup.VersionLoggerListener.log Command line argument: --add-opens=java.base/java.lang.reflect=ALL-UNNAMED
01-Oct-2026 09:48:11.744 INFO [main] org.apache.catalina.startup.VersionLoggerListener.log Command line argument: --add-opens=java.base/java.io=ALL-UNNAMED
01-Oct-2026 09:48:11.744 INFO [main] org.apache.catalina.startup.VersionLoggerListener.log Command line argument: --add-opens=java.base/java.util=ALL-UNNAMED
01-Oct-2026 09:48:11.744 INFO [main] org.apache.catalina.startup.VersionLoggerListener.log Command line argument: --add-opens=java.base/java.util.concurrent=ALL-UNNAMED
01-Oct-2026 09:48:11.744 INFO [main] org.apache.catalina.startup.VersionLoggerListener.log Command line argument: --add-opens=java.rmi/sun.rmi.transport=ALL-UNNAMED
01-Oct-2026 09:48:11.744 INFO [main] org.apache.catalina.startup.VersionLoggerListener.log Command line argument: -Djava.util.logging.config.file=/usr/local/tomcat/conf/logging.properties
01-Oct-2026 09:48:11.745 INFO [main] org.apache.catalina.startup.VersionLoggerListener.log Command line argument: -Djava.util.logging.manager=org.apache.juli.ClassLoaderLogManager
01-Oct-2026 09:48:11.746 INFO [main] org.apache.catalina.startup.VersionLoggerListener.log Command line argument: -Djdk.tls.ephemeralDHKeySize=2048
01-Oct-2026 09:48:11.746 INFO [main] org.apache.catalina.startup.VersionLoggerListener.log Command line argument: -Djava.protocol.handler.pkgs=org.apache.catalina.webresources
01-Oct-2026 09:48:11.746 INFO [main] org.apache.catalina.startup.VersionLoggerListener.log Command line argument: -Dsun.io.useCanonCaches=false
01-Oct-2026 09:48:11.746 INFO [main] org.apache.catalina.startup.VersionLoggerListener.log Command line argument: -Dorg.apache.catalina.security.SecurityListener.UMASK=0022
01-Oct-2026 09:48:11.746 INFO [main] org.apache.catalina.startup.VersionLoggerListener.log Command line argument: -Dignore.endorsed.dirs=
01-Oct-2026 09:48:11.747 INFO [main] org.apache.catalina.startup.VersionLoggerListener.log Command line argument: -Dcatalina.base=/usr/local/tomcat
01-Oct-2026 09:48:11.747 INFO [main] org.apache.catalina.startup.VersionLoggerListener.log Command line argument: -Dcatalina.home=/usr/local/tomcat
01-Oct-2026 09:48:11.747 INFO [main] org.apache.catalina.startup.VersionLoggerListener.log Command line argument: -Djava.io.tmpdir=/usr/local/tomcat/temp
01-Oct-2026 09:48:11.755 INFO [main] org.apache.catalina.core.AprLifecycleListener.lifecycleEvent Loaded Apache Tomcat Native library [1.3.7] using APR version [1.7.0].
01-Oct-2026 09:48:11.755 INFO [main] org.apache.catalina.core.AprLifecycleListener.lifecycleEvent APR capabilities: IPv6 [true], sendfile [true], accept filters [false], random [true], UDS [true].
01-Oct-2026 09:48:11.755 INFO [main] org.apache.catalina.core.AprLifecycleListener.lifecycleEvent APR/OpenSSL configuration: useAprConnector [false], useOpenSSL [true]
01-Oct-2026 09:48:11.760 INFO [main] org.apache.catalina.core.AprLifecycleListener.initializeSSL OpenSSL successfully initialized [OpenSSL 3.0.2 15 Mar 2022]
01-Oct-2026 09:48:12.282 INFO [main] org.apache.coyote.AbstractProtocol.init Initializing ProtocolHandler ["http-nio-8080"]
01-Oct-2026 09:48:12.338 INFO [main] org.apache.catalina.startup.Catalina.load Server initialization in [959] milliseconds
01-Oct-2026 09:48:12.497 INFO [main] org.apache.catalina.core.StandardService.startInternal Starting service [Catalina]
01-Oct-2026 09:48:12.500 INFO [main] org.apache.catalina.core.StandardEngine.startInternal Starting Servlet engine: [Apache Tomcat/9.0.117]
01-Oct-2026 09:48:12.516 INFO [main] org.apache.catalina.startup.HostConfig.deployDescriptor Deploying deployment descriptor [/usr/local/tomcat/conf/Catalina/localhost/ROOT.xml]
01-Oct-2026 09:48:19.075 INFO [main] org.apache.jasper.servlet.TldScanner.scanJars At least one JAR was scanned for TLDs yet contained no TLDs. Enable debug logging for this logger for a complete list of JARs that were scanned but no TLDs were found in them. Skipping unneeded JARs during scanning can improve startup time and JSP compilation time.
01-Oct-2026 09:48:27.627 INFO [main] nonapi.io.github.classgraph.classloaderhandler.lifecycle.ServletLifeCycleListener.contextInitialized Servlet context initialized
01-Oct-2026 09:48:31.535 INFO [main] org.apache.catalina.startup.HostConfig.deployDescriptor Deployment of deployment descriptor [/usr/local/tomcat/conf/Catalina/localhost/ROOT.xml] has finished in [19,017] ms
01-Oct-2026 09:48:31.539 INFO [main] org.apache.coyote.AbstractProtocol.start Starting ProtocolHandler ["http-nio-8080"]
01-Oct-2026 09:48:31.562 INFO [main] org.apache.catalina.startup.Catalina.start Server startup in [19223] milliseconds
01-Oct-2026 09:54:23.723 INFO [main] org.apache.catalina.startup.VersionLoggerListener.log Server version name:   Apache Tomcat/9.0.117
01-Oct-2026 09:54:23.727 INFO [main] org.apache.catalina.startup.VersionLoggerListener.log Server built:          Mar 30 2026 18:21:16 UTC
01-Oct-2026 09:54:23.727 INFO [main] org.apache.catalina.startup.VersionLoggerListener.log Server version number: 9.0.117.0
01-Oct-2026 09:54:23.728 INFO [main] org.apache.catalina.startup.VersionLoggerListener.log OS Name:               Linux
01-Oct-2026 09:54:23.729 INFO [main] org.apache.catalina.startup.VersionLoggerListener.log OS Version:            6.8.0-142-generic
01-Oct-2026 09:54:23.729 INFO [main] org.apache.catalina.startup.VersionLoggerListener.log Architecture:          amd64
01-Oct-2026 09:54:23.729 INFO [main] org.apache.catalina.startup.VersionLoggerListener.log Java Home:             /opt/java/openjdk
01-Oct-2026 09:54:23.729 INFO [main] org.apache.catalina.startup.VersionLoggerListener.log JVM Version:           11.0.31+11
01-Oct-2026 09:54:23.729 INFO [main] org.apache.catalina.startup.VersionLoggerListener.log JVM Vendor:            Eclipse Adoptium
01-Oct-2026 09:54:23.729 INFO [main] org.apache.catalina.startup.VersionLoggerListener.log CATALINA_BASE:         /usr/local/tomcat
01-Oct-2026 09:54:23.730 INFO [main] org.apache.catalina.startup.VersionLoggerListener.log CATALINA_HOME:         /usr/local/tomcat
01-Oct-2026 09:54:23.743 INFO [main] org.apache.catalina.startup.VersionLoggerListener.log Command line argument: --add-opens=java.base/java.lang=ALL-UNNAMED
01-Oct-2026 09:54:23.743 INFO [main] org.apache.catalina.startup.VersionLoggerListener.log Command line argument: --add-opens=java.base/java.lang.invoke=ALL-UNNAMED
01-Oct-2026 09:54:23.743 INFO [main] org.apache.catalina.startup.VersionLoggerListener.log Command line argument: --add-opens=java.base/java.lang.reflect=ALL-UNNAMED
01-Oct-2026 09:54:23.743 INFO [main] org.apache.catalina.startup.VersionLoggerListener.log Command line argument: --add-opens=java.base/java.io=ALL-UNNAMED
01-Oct-2026 09:54:23.744 INFO [main] org.apache.catalina.startup.VersionLoggerListener.log Command line argument: --add-opens=java.base/java.util=ALL-UNNAMED
01-Oct-2026 09:54:23.747 INFO [main] org.apache.catalina.startup.VersionLoggerListener.log Command line argument: --add-opens=java.base/java.util.concurrent=ALL-UNNAMED
01-Oct-2026 09:54:23.747 INFO [main] org.apache.catalina.startup.VersionLoggerListener.log Command line argument: --add-opens=java.rmi/sun.rmi.transport=ALL-UNNAMED
01-Oct-2026 09:54:23.747 INFO [main] org.apache.catalina.startup.VersionLoggerListener.log Command line argument: -Djava.util.logging.config.file=/usr/local/tomcat/conf/logging.properties
01-Oct-2026 09:54:23.748 INFO [main] org.apache.catalina.startup.VersionLoggerListener.log Command line argument: -Djava.util.logging.manager=org.apache.juli.ClassLoaderLogManager
01-Oct-2026 09:54:23.748 INFO [main] org.apache.catalina.startup.VersionLoggerListener.log Command line argument: -Djdk.tls.ephemeralDHKeySize=2048
01-Oct-2026 09:54:23.749 INFO [main] org.apache.catalina.startup.VersionLoggerListener.log Command line argument: -Djava.protocol.handler.pkgs=org.apache.catalina.webresources
01-Oct-2026 09:54:23.749 INFO [main] org.apache.catalina.startup.VersionLoggerListener.log Command line argument: -Dsun.io.useCanonCaches=false
01-Oct-2026 09:54:23.749 INFO [main] org.apache.catalina.startup.VersionLoggerListener.log Command line argument: -Dorg.apache.catalina.security.SecurityListener.UMASK=0022
01-Oct-2026 09:54:23.749 INFO [main] org.apache.catalina.startup.VersionLoggerListener.log Command line argument: -Dignore.endorsed.dirs=
01-Oct-2026 09:54:23.749 INFO [main] org.apache.catalina.startup.VersionLoggerListener.log Command line argument: -Dcatalina.base=/usr/local/tomcat
01-Oct-2026 09:54:23.749 INFO [main] org.apache.catalina.startup.VersionLoggerListener.log Command line argument: -Dcatalina.home=/usr/local/tomcat
01-Oct-2026 09:54:23.749 INFO [main] org.apache.catalina.startup.VersionLoggerListener.log Command line argument: -Djava.io.tmpdir=/usr/local/tomcat/temp
01-Oct-2026 09:54:23.758 INFO [main] org.apache.catalina.core.AprLifecycleListener.lifecycleEvent Loaded Apache Tomcat Native library [1.3.7] using APR version [1.7.0].
01-Oct-2026 09:54:23.758 INFO [main] org.apache.catalina.core.AprLifecycleListener.lifecycleEvent APR capabilities: IPv6 [true], sendfile [true], accept filters [false], random [true], UDS [true].
01-Oct-2026 09:54:23.758 INFO [main] org.apache.catalina.core.AprLifecycleListener.lifecycleEvent APR/OpenSSL configuration: useAprConnector [false], useOpenSSL [true]
01-Oct-2026 09:54:23.765 INFO [main] org.apache.catalina.core.AprLifecycleListener.initializeSSL OpenSSL successfully initialized [OpenSSL 3.0.2 15 Mar 2022]
01-Oct-2026 09:54:24.243 INFO [main] org.apache.coyote.AbstractProtocol.init Initializing ProtocolHandler ["http-nio-8080"]
01-Oct-2026 09:54:24.282 INFO [main] org.apache.catalina.startup.Catalina.load Server initialization in [805] milliseconds
01-Oct-2026 09:54:24.397 INFO [main] org.apache.catalina.core.StandardService.startInternal Starting service [Catalina]
01-Oct-2026 09:54:24.398 INFO [main] org.apache.catalina.core.StandardEngine.startInternal Starting Servlet engine: [Apache Tomcat/9.0.117]
01-Oct-2026 09:54:24.426 INFO [main] org.apache.catalina.startup.HostConfig.deployDescriptor Deploying deployment descriptor [/usr/local/tomcat/conf/Catalina/localhost/ROOT.xml]
01-Oct-2026 09:54:27.603 INFO [main] org.apache.jasper.servlet.TldScanner.scanJars At least one JAR was scanned for TLDs yet contained no TLDs. Enable debug logging for this logger for a complete list of JARs that were scanned but no TLDs were found in them. Skipping unneeded JARs during scanning can improve startup time and JSP compilation time.
01-Oct-2026 09:54:36.316 INFO [main] nonapi.io.github.classgraph.classloaderhandler.lifecycle.ServletLifeCycleListener.contextInitialized Servlet context initialized
01-Oct-2026 09:54:40.022 INFO [main] org.apache.catalina.startup.HostConfig.deployDescriptor Deployment of deployment descriptor [/usr/local/tomcat/conf/Catalina/localhost/ROOT.xml] has finished in [15,591] ms
01-Oct-2026 09:54:40.028 INFO [main] org.apache.coyote.AbstractProtocol.start Starting ProtocolHandler ["http-nio-8080"]
01-Oct-2026 09:54:40.047 INFO [main] org.apache.catalina.startup.Catalina.start Server startup in [15764] milliseconds
01-Oct-2026 10:37:17.218 INFO [main] org.apache.catalina.startup.VersionLoggerListener.log Server version name:   Apache Tomcat/9.0.117
01-Oct-2026 10:37:17.223 INFO [main] org.apache.catalina.startup.VersionLoggerListener.log Server built:          Mar 30 2026 18:21:16 UTC
01-Oct-2026 10:37:17.229 INFO [main] org.apache.catalina.startup.VersionLoggerListener.log Server version number: 9.0.117.0
01-Oct-2026 10:37:17.229 INFO [main] org.apache.catalina.startup.VersionLoggerListener.log OS Name:               Linux
01-Oct-2026 10:37:17.230 INFO [main] org.apache.catalina.startup.VersionLoggerListener.log OS Version:            6.8.0-142-generic
01-Oct-2026 10:37:17.230 INFO [main] org.apache.catalina.startup.VersionLoggerListener.log Architecture:          amd64
01-Oct-2026 10:37:17.231 INFO [main] org.apache.catalina.startup.VersionLoggerListener.log Java Home:             /opt/java/openjdk
01-Oct-2026 10:37:17.231 INFO [main] org.apache.catalina.startup.VersionLoggerListener.log JVM Version:           11.0.31+11
01-Oct-2026 10:37:17.232 INFO [main] org.apache.catalina.startup.VersionLoggerListener.log JVM Vendor:            Eclipse Adoptium
01-Oct-2026 10:37:17.232 INFO [main] org.apache.catalina.startup.VersionLoggerListener.log CATALINA_BASE:         /usr/local/tomcat
01-Oct-2026 10:37:17.233 INFO [main] org.apache.catalina.startup.VersionLoggerListener.log CATALINA_HOME:         /usr/local/tomcat
01-Oct-2026 10:37:17.268 INFO [main] org.apache.catalina.startup.VersionLoggerListener.log Command line argument: --add-opens=java.base/java.lang=ALL-UNNAMED
01-Oct-2026 10:37:17.270 INFO [main] org.apache.catalina.startup.VersionLoggerListener.log Command line argument: --add-opens=java.base/java.lang.invoke=ALL-UNNAMED
01-Oct-2026 10:37:17.270 INFO [main] org.apache.catalina.startup.VersionLoggerListener.log Command line argument: --add-opens=java.base/java.lang.reflect=ALL-UNNAMED
01-Oct-2026 10:37:17.270 INFO [main] org.apache.catalina.startup.VersionLoggerListener.log Command line argument: --add-opens=java.base/java.io=ALL-UNNAMED
01-Oct-2026 10:37:17.271 INFO [main] org.apache.catalina.startup.VersionLoggerListener.log Command line argument: --add-opens=java.base/java.util=ALL-UNNAMED
01-Oct-2026 10:37:17.271 INFO [main] org.apache.catalina.startup.VersionLoggerListener.log Command line argument: --add-opens=java.base/java.util.concurrent=ALL-UNNAMED
01-Oct-2026 10:37:17.273 INFO [main] org.apache.catalina.startup.VersionLoggerListener.log Command line argument: --add-opens=java.rmi/sun.rmi.transport=ALL-UNNAMED
01-Oct-2026 10:37:17.274 INFO [main] org.apache.catalina.startup.VersionLoggerListener.log Command line argument: -Djava.util.logging.config.file=/usr/local/tomcat/conf/logging.properties
01-Oct-2026 10:37:17.274 INFO [main] org.apache.catalina.startup.VersionLoggerListener.log Command line argument: -Djava.util.logging.manager=org.apache.juli.ClassLoaderLogManager
01-Oct-2026 10:37:17.274 INFO [main] org.apache.catalina.startup.VersionLoggerListener.log Command line argument: -Djdk.tls.ephemeralDHKeySize=2048
01-Oct-2026 10:37:17.274 INFO [main] org.apache.catalina.startup.VersionLoggerListener.log Command line argument: -Djava.protocol.handler.pkgs=org.apache.catalina.webresources
01-Oct-2026 10:37:17.274 INFO [main] org.apache.catalina.startup.VersionLoggerListener.log Command line argument: -Dsun.io.useCanonCaches=false
01-Oct-2026 10:37:17.274 INFO [main] org.apache.catalina.startup.VersionLoggerListener.log Command line argument: -Dorg.apache.catalina.security.SecurityListener.UMASK=0022
01-Oct-2026 10:37:17.274 INFO [main] org.apache.catalina.startup.VersionLoggerListener.log Command line argument: -Dignore.endorsed.dirs=
01-Oct-2026 10:37:17.274 INFO [main] org.apache.catalina.startup.VersionLoggerListener.log Command line argument: -Dcatalina.base=/usr/local/tomcat
01-Oct-2026 10:37:17.275 INFO [main] org.apache.catalina.startup.VersionLoggerListener.log Command line argument: -Dcatalina.home=/usr/local/tomcat
01-Oct-2026 10:37:17.275 INFO [main] org.apache.catalina.startup.VersionLoggerListener.log Command line argument: -Djava.io.tmpdir=/usr/local/tomcat/temp
01-Oct-2026 10:37:17.281 INFO [main] org.apache.catalina.core.AprLifecycleListener.lifecycleEvent Loaded Apache Tomcat Native library [1.3.7] using APR version [1.7.0].
01-Oct-2026 10:37:17.282 INFO [main] org.apache.catalina.core.AprLifecycleListener.lifecycleEvent APR capabilities: IPv6 [true], sendfile [true], accept filters [false], random [true], UDS [true].
01-Oct-2026 10:37:17.282 INFO [main] org.apache.catalina.core.AprLifecycleListener.lifecycleEvent APR/OpenSSL configuration: useAprConnector [false], useOpenSSL [true]
01-Oct-2026 10:37:17.287 INFO [main] org.apache.catalina.core.AprLifecycleListener.initializeSSL OpenSSL successfully initialized [OpenSSL 3.0.2 15 Mar 2022]
01-Oct-2026 10:37:17.819 INFO [main] org.apache.coyote.AbstractProtocol.init Initializing ProtocolHandler ["http-nio-8080"]
01-Oct-2026 10:37:17.876 INFO [main] org.apache.catalina.startup.Catalina.load Server initialization in [1089] milliseconds
01-Oct-2026 10:37:17.959 INFO [main] org.apache.catalina.core.StandardService.startInternal Starting service [Catalina]
01-Oct-2026 10:37:17.959 INFO [main] org.apache.catalina.core.StandardEngine.startInternal Starting Servlet engine: [Apache Tomcat/9.0.117]
01-Oct-2026 10:37:17.973 INFO [main] org.apache.catalina.startup.HostConfig.deployDescriptor Deploying deployment descriptor [/usr/local/tomcat/conf/Catalina/localhost/ROOT.xml]
01-Oct-2026 10:37:18.029 INFO [main] org.apache.catalina.startup.ExpandWar.expand An expanded directory [/usr/local/tomcat/webapps/ROOT] was found with a last modified time that did not match the associated WAR. It will be deleted.
01-Oct-2026 10:37:25.453 INFO [main] org.apache.jasper.servlet.TldScanner.scanJars At least one JAR was scanned for TLDs yet contained no TLDs. Enable debug logging for this logger for a complete list of JARs that were scanned but no TLDs were found in them. Skipping unneeded JARs during scanning can improve startup time and JSP compilation time.
01-Oct-2026 10:37:44.261 INFO [main] nonapi.io.github.classgraph.classloaderhandler.lifecycle.ServletLifeCycleListener.contextInitialized Servlet context initialized
01-Oct-2026 10:37:48.371 INFO [main] org.apache.catalina.startup.HostConfig.deployDescriptor Deployment of deployment descriptor [/usr/local/tomcat/conf/Catalina/localhost/ROOT.xml] has finished in [30,395] ms
01-Oct-2026 10:37:48.379 INFO [main] org.apache.coyote.AbstractProtocol.start Starting ProtocolHandler ["http-nio-8080"]
01-Oct-2026 10:37:48.401 INFO [main] org.apache.catalina.startup.Catalina.start Server startup in [30523] milliseconds
01-Oct-2026 10:41:30.779 INFO [main] org.apache.catalina.startup.VersionLoggerListener.log Server version name:   Apache Tomcat/9.0.117
01-Oct-2026 10:41:30.785 INFO [main] org.apache.catalina.startup.VersionLoggerListener.log Server built:          Mar 30 2026 18:21:16 UTC
01-Oct-2026 10:41:30.785 INFO [main] org.apache.catalina.startup.VersionLoggerListener.log Server version number: 9.0.117.0
01-Oct-2026 10:41:30.786 INFO [main] org.apache.catalina.startup.VersionLoggerListener.log OS Name:               Linux
01-Oct-2026 10:41:30.786 INFO [main] org.apache.catalina.startup.VersionLoggerListener.log OS Version:            6.8.0-142-generic
01-Oct-2026 10:41:30.787 INFO [main] org.apache.catalina.startup.VersionLoggerListener.log Architecture:          amd64
01-Oct-2026 10:41:30.787 INFO [main] org.apache.catalina.startup.VersionLoggerListener.log Java Home:             /opt/java/openjdk
01-Oct-2026 10:41:30.787 INFO [main] org.apache.catalina.startup.VersionLoggerListener.log JVM Version:           11.0.31+11
01-Oct-2026 10:41:30.787 INFO [main] org.apache.catalina.startup.VersionLoggerListener.log JVM Vendor:            Eclipse Adoptium
01-Oct-2026 10:41:30.788 INFO [main] org.apache.catalina.startup.VersionLoggerListener.log CATALINA_BASE:         /usr/local/tomcat
01-Oct-2026 10:41:30.788 INFO [main] org.apache.catalina.startup.VersionLoggerListener.log CATALINA_HOME:         /usr/local/tomcat
01-Oct-2026 10:41:30.807 INFO [main] org.apache.catalina.startup.VersionLoggerListener.log Command line argument: --add-opens=java.base/java.lang=ALL-UNNAMED
01-Oct-2026 10:41:30.808 INFO [main] org.apache.catalina.startup.VersionLoggerListener.log Command line argument: --add-opens=java.base/java.lang.invoke=ALL-UNNAMED
01-Oct-2026 10:41:30.809 INFO [main] org.apache.catalina.startup.VersionLoggerListener.log Command line argument: --add-opens=java.base/java.lang.reflect=ALL-UNNAMED
01-Oct-2026 10:41:30.809 INFO [main] org.apache.catalina.startup.VersionLoggerListener.log Command line argument: --add-opens=java.base/java.io=ALL-UNNAMED
01-Oct-2026 10:41:30.809 INFO [main] org.apache.catalina.startup.VersionLoggerListener.log Command line argument: --add-opens=java.base/java.util=ALL-UNNAMED
01-Oct-2026 10:41:30.810 INFO [main] org.apache.catalina.startup.VersionLoggerListener.log Command line argument: --add-opens=java.base/java.util.concurrent=ALL-UNNAMED
01-Oct-2026 10:41:30.811 INFO [main] org.apache.catalina.startup.VersionLoggerListener.log Command line argument: --add-opens=java.rmi/sun.rmi.transport=ALL-UNNAMED
01-Oct-2026 10:41:30.811 INFO [main] org.apache.catalina.startup.VersionLoggerListener.log Command line argument: -Djava.util.logging.config.file=/usr/local/tomcat/conf/logging.properties
01-Oct-2026 10:41:30.812 INFO [main] org.apache.catalina.startup.VersionLoggerListener.log Command line argument: -Djava.util.logging.manager=org.apache.juli.ClassLoaderLogManager
01-Oct-2026 10:41:30.812 INFO [main] org.apache.catalina.startup.VersionLoggerListener.log Command line argument: -Djdk.tls.ephemeralDHKeySize=2048
01-Oct-2026 10:41:30.813 INFO [main] org.apache.catalina.startup.VersionLoggerListener.log Command line argument: -Djava.protocol.handler.pkgs=org.apache.catalina.webresources
01-Oct-2026 10:41:30.813 INFO [main] org.apache.catalina.startup.VersionLoggerListener.log Command line argument: -Dsun.io.useCanonCaches=false
01-Oct-2026 10:41:30.814 INFO [main] org.apache.catalina.startup.VersionLoggerListener.log Command line argument: -Dorg.apache.catalina.security.SecurityListener.UMASK=0022
01-Oct-2026 10:41:30.815 INFO [main] org.apache.catalina.startup.VersionLoggerListener.log Command line argument: -Dignore.endorsed.dirs=
01-Oct-2026 10:41:30.815 INFO [main] org.apache.catalina.startup.VersionLoggerListener.log Command line argument: -Dcatalina.base=/usr/local/tomcat
01-Oct-2026 10:41:30.815 INFO [main] org.apache.catalina.startup.VersionLoggerListener.log Command line argument: -Dcatalina.home=/usr/local/tomcat
01-Oct-2026 10:41:30.816 INFO [main] org.apache.catalina.startup.VersionLoggerListener.log Command line argument: -Djava.io.tmpdir=/usr/local/tomcat/temp
01-Oct-2026 10:41:30.823 INFO [main] org.apache.catalina.core.AprLifecycleListener.lifecycleEvent Loaded Apache Tomcat Native library [1.3.7] using APR version [1.7.0].
01-Oct-2026 10:41:30.823 INFO [main] org.apache.catalina.core.AprLifecycleListener.lifecycleEvent APR capabilities: IPv6 [true], sendfile [true], accept filters [false], random [true], UDS [true].
01-Oct-2026 10:41:30.823 INFO [main] org.apache.catalina.core.AprLifecycleListener.lifecycleEvent APR/OpenSSL configuration: useAprConnector [false], useOpenSSL [true]
01-Oct-2026 10:41:30.828 INFO [main] org.apache.catalina.core.AprLifecycleListener.initializeSSL OpenSSL successfully initialized [OpenSSL 3.0.2 15 Mar 2022]
01-Oct-2026 10:41:31.347 INFO [main] org.apache.coyote.AbstractProtocol.init Initializing ProtocolHandler ["http-nio-8080"]
01-Oct-2026 10:41:31.396 INFO [main] org.apache.catalina.startup.Catalina.load Server initialization in [948] milliseconds
01-Oct-2026 10:41:31.516 INFO [main] org.apache.catalina.core.StandardService.startInternal Starting service [Catalina]
01-Oct-2026 10:41:31.518 INFO [main] org.apache.catalina.core.StandardEngine.startInternal Starting Servlet engine: [Apache Tomcat/9.0.117]
01-Oct-2026 10:41:31.533 INFO [main] org.apache.catalina.startup.HostConfig.deployDescriptor Deploying deployment descriptor [/usr/local/tomcat/conf/Catalina/localhost/ROOT.xml]
01-Oct-2026 10:41:31.565 INFO [main] org.apache.catalina.startup.ExpandWar.expand An expanded directory [/usr/local/tomcat/webapps/ROOT] was found with a last modified time that did not match the associated WAR. It will be deleted.
01-Oct-2026 10:41:35.216 INFO [main] org.apache.jasper.servlet.TldScanner.scanJars At least one JAR was scanned for TLDs yet contained no TLDs. Enable debug logging for this logger for a complete list of JARs that were scanned but no TLDs were found in them. Skipping unneeded JARs during scanning can improve startup time and JSP compilation time.
01-Oct-2026 10:41:45.633 INFO [main] nonapi.io.github.classgraph.classloaderhandler.lifecycle.ServletLifeCycleListener.contextInitialized Servlet context initialized
01-Oct-2026 10:41:49.471 INFO [main] org.apache.catalina.startup.HostConfig.deployDescriptor Deployment of deployment descriptor [/usr/local/tomcat/conf/Catalina/localhost/ROOT.xml] has finished in [17,935] ms
01-Oct-2026 10:41:49.479 INFO [main] org.apache.coyote.AbstractProtocol.start Starting ProtocolHandler ["http-nio-8080"]
01-Oct-2026 10:41:49.520 INFO [main] org.apache.catalina.startup.Catalina.start Server startup in [18119] milliseconds
01-Oct-2026 11:00:22.041 INFO [main] org.apache.catalina.startup.VersionLoggerListener.log Server version name:   Apache Tomcat/9.0.117
01-Oct-2026 11:00:22.049 INFO [main] org.apache.catalina.startup.VersionLoggerListener.log Server built:          Mar 30 2026 18:21:16 UTC
01-Oct-2026 11:00:22.052 INFO [main] org.apache.catalina.startup.VersionLoggerListener.log Server version number: 9.0.117.0
01-Oct-2026 11:00:22.052 INFO [main] org.apache.catalina.startup.VersionLoggerListener.log OS Name:               Linux
01-Oct-2026 11:00:22.053 INFO [main] org.apache.catalina.startup.VersionLoggerListener.log OS Version:            6.8.0-142-generic
01-Oct-2026 11:00:22.053 INFO [main] org.apache.catalina.startup.VersionLoggerListener.log Architecture:          amd64
01-Oct-2026 11:00:22.054 INFO [main] org.apache.catalina.startup.VersionLoggerListener.log Java Home:             /opt/java/openjdk
01-Oct-2026 11:00:22.054 INFO [main] org.apache.catalina.startup.VersionLoggerListener.log JVM Version:           11.0.31+11
01-Oct-2026 11:00:22.054 INFO [main] org.apache.catalina.startup.VersionLoggerListener.log JVM Vendor:            Eclipse Adoptium
01-Oct-2026 11:00:22.055 INFO [main] org.apache.catalina.startup.VersionLoggerListener.log CATALINA_BASE:         /usr/local/tomcat
01-Oct-2026 11:00:22.055 INFO [main] org.apache.catalina.startup.VersionLoggerListener.log CATALINA_HOME:         /usr/local/tomcat
01-Oct-2026 11:00:22.083 INFO [main] org.apache.catalina.startup.VersionLoggerListener.log Command line argument: --add-opens=java.base/java.lang=ALL-UNNAMED
01-Oct-2026 11:00:22.084 INFO [main] org.apache.catalina.startup.VersionLoggerListener.log Command line argument: --add-opens=java.base/java.lang.invoke=ALL-UNNAMED
01-Oct-2026 11:00:22.084 INFO [main] org.apache.catalina.startup.VersionLoggerListener.log Command line argument: --add-opens=java.base/java.lang.reflect=ALL-UNNAMED
01-Oct-2026 11:00:22.085 INFO [main] org.apache.catalina.startup.VersionLoggerListener.log Command line argument: --add-opens=java.base/java.io=ALL-UNNAMED
01-Oct-2026 11:00:22.085 INFO [main] org.apache.catalina.startup.VersionLoggerListener.log Command line argument: --add-opens=java.base/java.util=ALL-UNNAMED
01-Oct-2026 11:00:22.085 INFO [main] org.apache.catalina.startup.VersionLoggerListener.log Command line argument: --add-opens=java.base/java.util.concurrent=ALL-UNNAMED
01-Oct-2026 11:00:22.086 INFO [main] org.apache.catalina.startup.VersionLoggerListener.log Command line argument: --add-opens=java.rmi/sun.rmi.transport=ALL-UNNAMED
01-Oct-2026 11:00:22.086 INFO [main] org.apache.catalina.startup.VersionLoggerListener.log Command line argument: -Djava.util.logging.config.file=/usr/local/tomcat/conf/logging.properties
01-Oct-2026 11:00:22.086 INFO [main] org.apache.catalina.startup.VersionLoggerListener.log Command line argument: -Djava.util.logging.manager=org.apache.juli.ClassLoaderLogManager
01-Oct-2026 11:00:22.086 INFO [main] org.apache.catalina.startup.VersionLoggerListener.log Command line argument: -Djdk.tls.ephemeralDHKeySize=2048
01-Oct-2026 11:00:22.086 INFO [main] org.apache.catalina.startup.VersionLoggerListener.log Command line argument: -Djava.protocol.handler.pkgs=org.apache.catalina.webresources
01-Oct-2026 11:00:22.087 INFO [main] org.apache.catalina.startup.VersionLoggerListener.log Command line argument: -Dsun.io.useCanonCaches=false
01-Oct-2026 11:00:22.087 INFO [main] org.apache.catalina.startup.VersionLoggerListener.log Command line argument: -Dorg.apache.catalina.security.SecurityListener.UMASK=0022
01-Oct-2026 11:00:22.087 INFO [main] org.apache.catalina.startup.VersionLoggerListener.log Command line argument: -Dignore.endorsed.dirs=
01-Oct-2026 11:00:22.087 INFO [main] org.apache.catalina.startup.VersionLoggerListener.log Command line argument: -Dcatalina.base=/usr/local/tomcat
01-Oct-2026 11:00:22.088 INFO [main] org.apache.catalina.startup.VersionLoggerListener.log Command line argument: -Dcatalina.home=/usr/local/tomcat
01-Oct-2026 11:00:22.088 INFO [main] org.apache.catalina.startup.VersionLoggerListener.log Command line argument: -Djava.io.tmpdir=/usr/local/tomcat/temp
01-Oct-2026 11:00:22.098 INFO [main] org.apache.catalina.core.AprLifecycleListener.lifecycleEvent Loaded Apache Tomcat Native library [1.3.7] using APR version [1.7.0].
01-Oct-2026 11:00:22.098 INFO [main] org.apache.catalina.core.AprLifecycleListener.lifecycleEvent APR capabilities: IPv6 [true], sendfile [true], accept filters [false], random [true], UDS [true].
01-Oct-2026 11:00:22.099 INFO [main] org.apache.catalina.core.AprLifecycleListener.lifecycleEvent APR/OpenSSL configuration: useAprConnector [false], useOpenSSL [true]
01-Oct-2026 11:00:22.104 INFO [main] org.apache.catalina.core.AprLifecycleListener.initializeSSL OpenSSL successfully initialized [OpenSSL 3.0.2 15 Mar 2022]
01-Oct-2026 11:00:22.632 INFO [main] org.apache.coyote.AbstractProtocol.init Initializing ProtocolHandler ["http-nio-8080"]
01-Oct-2026 11:00:22.688 INFO [main] org.apache.catalina.startup.Catalina.load Server initialization in [1077] milliseconds
01-Oct-2026 11:00:22.797 INFO [main] org.apache.catalina.core.StandardService.startInternal Starting service [Catalina]
01-Oct-2026 11:00:22.799 INFO [main] org.apache.catalina.core.StandardEngine.startInternal Starting Servlet engine: [Apache Tomcat/9.0.117]
01-Oct-2026 11:00:22.816 INFO [main] org.apache.catalina.startup.HostConfig.deployDescriptor Deploying deployment descriptor [/usr/local/tomcat/conf/Catalina/localhost/ROOT.xml]
01-Oct-2026 11:00:22.867 INFO [main] org.apache.catalina.startup.ExpandWar.expand An expanded directory [/usr/local/tomcat/webapps/ROOT] was found with a last modified time that did not match the associated WAR. It will be deleted.
01-Oct-2026 11:00:27.580 INFO [main] org.apache.jasper.servlet.TldScanner.scanJars At least one JAR was scanned for TLDs yet contained no TLDs. Enable debug logging for this logger for a complete list of JARs that were scanned but no TLDs were found in them. Skipping unneeded JARs during scanning can improve startup time and JSP compilation time.
01-Oct-2026 11:00:35.776 INFO [main] nonapi.io.github.classgraph.classloaderhandler.lifecycle.ServletLifeCycleListener.contextInitialized Servlet context initialized
01-Oct-2026 11:00:39.359 INFO [main] org.apache.catalina.startup.HostConfig.deployDescriptor Deployment of deployment descriptor [/usr/local/tomcat/conf/Catalina/localhost/ROOT.xml] has finished in [16,540] ms
01-Oct-2026 11:00:39.365 INFO [main] org.apache.coyote.AbstractProtocol.start Starting ProtocolHandler ["http-nio-8080"]
01-Oct-2026 11:00:39.391 INFO [main] org.apache.catalina.startup.Catalina.start Server startup in [16702] milliseconds
01-Oct-2026 11:38:14.214 SEVERE [MQTT Ping: HMDMServer] org.eclipse.paho.client.mqttv3.internal.ClientState.checkForActivity HMDMServer: Timed out as no activity, keepAlive=60,000,000,000 lastOutboundActivity=83,545,680,139,736 lastInboundActivity=83,406,514,526,213 time=83,583,327,383,964 lastPing=83,546,724,354,325
01-Oct-2026 13:36:23.373 INFO [main] org.apache.catalina.startup.VersionLoggerListener.log Server version name:   Apache Tomcat/9.0.117
01-Oct-2026 13:36:23.378 INFO [main] org.apache.catalina.startup.VersionLoggerListener.log Server built:          Mar 30 2026 18:21:16 UTC
01-Oct-2026 13:36:23.379 INFO [main] org.apache.catalina.startup.VersionLoggerListener.log Server version number: 9.0.117.0
01-Oct-2026 13:36:23.379 INFO [main] org.apache.catalina.startup.VersionLoggerListener.log OS Name:               Linux
01-Oct-2026 13:36:23.379 INFO [main] org.apache.catalina.startup.VersionLoggerListener.log OS Version:            6.8.0-142-generic
01-Oct-2026 13:36:23.379 INFO [main] org.apache.catalina.startup.VersionLoggerListener.log Architecture:          amd64
01-Oct-2026 13:36:23.379 INFO [main] org.apache.catalina.startup.VersionLoggerListener.log Java Home:             /opt/java/openjdk
01-Oct-2026 13:36:23.379 INFO [main] org.apache.catalina.startup.VersionLoggerListener.log JVM Version:           11.0.31+11
01-Oct-2026 13:36:23.380 INFO [main] org.apache.catalina.startup.VersionLoggerListener.log JVM Vendor:            Eclipse Adoptium
01-Oct-2026 13:36:23.380 INFO [main] org.apache.catalina.startup.VersionLoggerListener.log CATALINA_BASE:         /usr/local/tomcat
01-Oct-2026 13:36:23.380 INFO [main] org.apache.catalina.startup.VersionLoggerListener.log CATALINA_HOME:         /usr/local/tomcat
01-Oct-2026 13:36:23.432 INFO [main] org.apache.catalina.startup.VersionLoggerListener.log Command line argument: --add-opens=java.base/java.lang=ALL-UNNAMED
01-Oct-2026 13:36:23.432 INFO [main] org.apache.catalina.startup.VersionLoggerListener.log Command line argument: --add-opens=java.base/java.lang.invoke=ALL-UNNAMED
01-Oct-2026 13:36:23.433 INFO [main] org.apache.catalina.startup.VersionLoggerListener.log Command line argument: --add-opens=java.base/java.lang.reflect=ALL-UNNAMED
01-Oct-2026 13:36:23.433 INFO [main] org.apache.catalina.startup.VersionLoggerListener.log Command line argument: --add-opens=java.base/java.io=ALL-UNNAMED
01-Oct-2026 13:36:23.433 INFO [main] org.apache.catalina.startup.VersionLoggerListener.log Command line argument: --add-opens=java.base/java.util=ALL-UNNAMED
01-Oct-2026 13:36:23.433 INFO [main] org.apache.catalina.startup.VersionLoggerListener.log Command line argument: --add-opens=java.base/java.util.concurrent=ALL-UNNAMED
01-Oct-2026 13:36:23.433 INFO [main] org.apache.catalina.startup.VersionLoggerListener.log Command line argument: --add-opens=java.rmi/sun.rmi.transport=ALL-UNNAMED
01-Oct-2026 13:36:23.433 INFO [main] org.apache.catalina.startup.VersionLoggerListener.log Command line argument: -Djava.util.logging.config.file=/usr/local/tomcat/conf/logging.properties
01-Oct-2026 13:36:23.433 INFO [main] org.apache.catalina.startup.VersionLoggerListener.log Command line argument: -Djava.util.logging.manager=org.apache.juli.ClassLoaderLogManager
01-Oct-2026 13:36:23.433 INFO [main] org.apache.catalina.startup.VersionLoggerListener.log Command line argument: -Djdk.tls.ephemeralDHKeySize=2048
01-Oct-2026 13:36:23.433 INFO [main] org.apache.catalina.startup.VersionLoggerListener.log Command line argument: -Djava.protocol.handler.pkgs=org.apache.catalina.webresources
01-Oct-2026 13:36:23.433 INFO [main] org.apache.catalina.startup.VersionLoggerListener.log Command line argument: -Dsun.io.useCanonCaches=false
01-Oct-2026 13:36:23.434 INFO [main] org.apache.catalina.startup.VersionLoggerListener.log Command line argument: -Dorg.apache.catalina.security.SecurityListener.UMASK=0022
01-Oct-2026 13:36:23.434 INFO [main] org.apache.catalina.startup.VersionLoggerListener.log Command line argument: -Dignore.endorsed.dirs=
01-Oct-2026 13:36:23.434 INFO [main] org.apache.catalina.startup.VersionLoggerListener.log Command line argument: -Dcatalina.base=/usr/local/tomcat
01-Oct-2026 13:36:23.434 INFO [main] org.apache.catalina.startup.VersionLoggerListener.log Command line argument: -Dcatalina.home=/usr/local/tomcat
01-Oct-2026 13:36:23.435 INFO [main] org.apache.catalina.startup.VersionLoggerListener.log Command line argument: -Djava.io.tmpdir=/usr/local/tomcat/temp
01-Oct-2026 13:36:23.493 INFO [main] org.apache.catalina.core.AprLifecycleListener.lifecycleEvent Loaded Apache Tomcat Native library [1.3.7] using APR version [1.7.0].
01-Oct-2026 13:36:23.494 INFO [main] org.apache.catalina.core.AprLifecycleListener.lifecycleEvent APR capabilities: IPv6 [true], sendfile [true], accept filters [false], random [true], UDS [true].
01-Oct-2026 13:36:23.494 INFO [main] org.apache.catalina.core.AprLifecycleListener.lifecycleEvent APR/OpenSSL configuration: useAprConnector [false], useOpenSSL [true]
01-Oct-2026 13:36:23.498 INFO [main] org.apache.catalina.core.AprLifecycleListener.initializeSSL OpenSSL successfully initialized [OpenSSL 3.0.2 15 Mar 2022]
01-Oct-2026 13:36:24.510 INFO [main] org.apache.coyote.AbstractProtocol.init Initializing ProtocolHandler ["http-nio-8080"]
01-Oct-2026 13:36:25.443 INFO [main] org.apache.catalina.startup.Catalina.load Server initialization in [2725] milliseconds
01-Oct-2026 13:36:25.893 INFO [main] org.apache.catalina.core.StandardService.startInternal Starting service [Catalina]
01-Oct-2026 13:36:25.895 INFO [main] org.apache.catalina.core.StandardEngine.startInternal Starting Servlet engine: [Apache Tomcat/9.0.117]
01-Oct-2026 13:36:25.915 INFO [main] org.apache.catalina.startup.HostConfig.deployDescriptor Deploying deployment descriptor [/usr/local/tomcat/conf/Catalina/localhost/ROOT.xml]
01-Oct-2026 13:36:26.000 INFO [main] org.apache.catalina.startup.ExpandWar.expand An expanded directory [/usr/local/tomcat/webapps/ROOT] was found with a last modified time that did not match the associated WAR. It will be deleted.
01-Oct-2026 13:36:31.549 INFO [main] org.apache.jasper.servlet.TldScanner.scanJars At least one JAR was scanned for TLDs yet contained no TLDs. Enable debug logging for this logger for a complete list of JARs that were scanned but no TLDs were found in them. Skipping unneeded JARs during scanning can improve startup time and JSP compilation time.
01-Oct-2026 13:36:42.249 INFO [main] nonapi.io.github.classgraph.classloaderhandler.lifecycle.ServletLifeCycleListener.contextInitialized Servlet context initialized
01-Oct-2026 13:36:46.509 INFO [main] org.apache.catalina.startup.HostConfig.deployDescriptor Deployment of deployment descriptor [/usr/local/tomcat/conf/Catalina/localhost/ROOT.xml] has finished in [20,592] ms
01-Oct-2026 13:36:46.513 INFO [main] org.apache.coyote.AbstractProtocol.start Starting ProtocolHandler ["http-nio-8080"]
01-Oct-2026 13:36:46.560 INFO [main] org.apache.catalina.startup.Catalina.start Server startup in [21116] milliseconds
01-Oct-2026 13:48:16.652 INFO [main] org.apache.catalina.startup.VersionLoggerListener.log Server version name:   Apache Tomcat/9.0.117
01-Oct-2026 13:48:16.673 INFO [main] org.apache.catalina.startup.VersionLoggerListener.log Server built:          Mar 30 2026 18:21:16 UTC
01-Oct-2026 13:48:16.674 INFO [main] org.apache.catalina.startup.VersionLoggerListener.log Server version number: 9.0.117.0
01-Oct-2026 13:48:16.675 INFO [main] org.apache.catalina.startup.VersionLoggerListener.log OS Name:               Linux
01-Oct-2026 13:48:16.676 INFO [main] org.apache.catalina.startup.VersionLoggerListener.log OS Version:            6.8.0-142-generic
01-Oct-2026 13:48:16.676 INFO [main] org.apache.catalina.startup.VersionLoggerListener.log Architecture:          amd64
01-Oct-2026 13:48:16.678 INFO [main] org.apache.catalina.startup.VersionLoggerListener.log Java Home:             /opt/java/openjdk
01-Oct-2026 13:48:16.678 INFO [main] org.apache.catalina.startup.VersionLoggerListener.log JVM Version:           11.0.31+11
01-Oct-2026 13:48:16.678 INFO [main] org.apache.catalina.startup.VersionLoggerListener.log JVM Vendor:            Eclipse Adoptium
01-Oct-2026 13:48:16.678 INFO [main] org.apache.catalina.startup.VersionLoggerListener.log CATALINA_BASE:         /usr/local/tomcat
01-Oct-2026 13:48:16.679 INFO [main] org.apache.catalina.startup.VersionLoggerListener.log CATALINA_HOME:         /usr/local/tomcat
01-Oct-2026 13:48:16.720 INFO [main] org.apache.catalina.startup.VersionLoggerListener.log Command line argument: --add-opens=java.base/java.lang=ALL-UNNAMED
01-Oct-2026 13:48:16.720 INFO [main] org.apache.catalina.startup.VersionLoggerListener.log Command line argument: --add-opens=java.base/java.lang.invoke=ALL-UNNAMED
01-Oct-2026 13:48:16.721 INFO [main] org.apache.catalina.startup.VersionLoggerListener.log Command line argument: --add-opens=java.base/java.lang.reflect=ALL-UNNAMED
01-Oct-2026 13:48:16.721 INFO [main] org.apache.catalina.startup.VersionLoggerListener.log Command line argument: --add-opens=java.base/java.io=ALL-UNNAMED
01-Oct-2026 13:48:16.721 INFO [main] org.apache.catalina.startup.VersionLoggerListener.log Command line argument: --add-opens=java.base/java.util=ALL-UNNAMED
01-Oct-2026 13:48:16.721 INFO [main] org.apache.catalina.startup.VersionLoggerListener.log Command line argument: --add-opens=java.base/java.util.concurrent=ALL-UNNAMED
01-Oct-2026 13:48:16.721 INFO [main] org.apache.catalina.startup.VersionLoggerListener.log Command line argument: --add-opens=java.rmi/sun.rmi.transport=ALL-UNNAMED
01-Oct-2026 13:48:16.721 INFO [main] org.apache.catalina.startup.VersionLoggerListener.log Command line argument: -Djava.util.logging.config.file=/usr/local/tomcat/conf/logging.properties
01-Oct-2026 13:48:16.721 INFO [main] org.apache.catalina.startup.VersionLoggerListener.log Command line argument: -Djava.util.logging.manager=org.apache.juli.ClassLoaderLogManager
01-Oct-2026 13:48:16.721 INFO [main] org.apache.catalina.startup.VersionLoggerListener.log Command line argument: -Djdk.tls.ephemeralDHKeySize=2048
01-Oct-2026 13:48:16.722 INFO [main] org.apache.catalina.startup.VersionLoggerListener.log Command line argument: -Djava.protocol.handler.pkgs=org.apache.catalina.webresources
01-Oct-2026 13:48:16.722 INFO [main] org.apache.catalina.startup.VersionLoggerListener.log Command line argument: -Dsun.io.useCanonCaches=false
01-Oct-2026 13:48:16.722 INFO [main] org.apache.catalina.startup.VersionLoggerListener.log Command line argument: -Dorg.apache.catalina.security.SecurityListener.UMASK=0022
01-Oct-2026 13:48:16.722 INFO [main] org.apache.catalina.startup.VersionLoggerListener.log Command line argument: -Dignore.endorsed.dirs=
01-Oct-2026 13:48:16.722 INFO [main] org.apache.catalina.startup.VersionLoggerListener.log Command line argument: -Dcatalina.base=/usr/local/tomcat
01-Oct-2026 13:48:16.722 INFO [main] org.apache.catalina.startup.VersionLoggerListener.log Command line argument: -Dcatalina.home=/usr/local/tomcat
01-Oct-2026 13:48:16.722 INFO [main] org.apache.catalina.startup.VersionLoggerListener.log Command line argument: -Djava.io.tmpdir=/usr/local/tomcat/temp
01-Oct-2026 13:48:16.730 INFO [main] org.apache.catalina.core.AprLifecycleListener.lifecycleEvent Loaded Apache Tomcat Native library [1.3.7] using APR version [1.7.0].
01-Oct-2026 13:48:16.730 INFO [main] org.apache.catalina.core.AprLifecycleListener.lifecycleEvent APR capabilities: IPv6 [true], sendfile [true], accept filters [false], random [true], UDS [true].
01-Oct-2026 13:48:16.731 INFO [main] org.apache.catalina.core.AprLifecycleListener.lifecycleEvent APR/OpenSSL configuration: useAprConnector [false], useOpenSSL [true]
01-Oct-2026 13:48:16.747 INFO [main] org.apache.catalina.core.AprLifecycleListener.initializeSSL OpenSSL successfully initialized [OpenSSL 3.0.2 15 Mar 2022]
01-Oct-2026 13:48:17.604 INFO [main] org.apache.coyote.AbstractProtocol.init Initializing ProtocolHandler ["http-nio-8080"]
01-Oct-2026 13:48:17.653 INFO [main] org.apache.catalina.startup.Catalina.load Server initialization in [1502] milliseconds
01-Oct-2026 13:48:17.814 INFO [main] org.apache.catalina.core.StandardService.startInternal Starting service [Catalina]
01-Oct-2026 13:48:17.816 INFO [main] org.apache.catalina.core.StandardEngine.startInternal Starting Servlet engine: [Apache Tomcat/9.0.117]
01-Oct-2026 13:48:17.834 INFO [main] org.apache.catalina.startup.HostConfig.deployDescriptor Deploying deployment descriptor [/usr/local/tomcat/conf/Catalina/localhost/ROOT.xml]
01-Oct-2026 13:48:17.879 INFO [main] org.apache.catalina.startup.ExpandWar.expand An expanded directory [/usr/local/tomcat/webapps/ROOT] was found with a last modified time that did not match the associated WAR. It will be deleted.
01-Oct-2026 13:48:24.756 INFO [main] org.apache.jasper.servlet.TldScanner.scanJars At least one JAR was scanned for TLDs yet contained no TLDs. Enable debug logging for this logger for a complete list of JARs that were scanned but no TLDs were found in them. Skipping unneeded JARs during scanning can improve startup time and JSP compilation time.
01-Oct-2026 13:48:40.280 INFO [main] nonapi.io.github.classgraph.classloaderhandler.lifecycle.ServletLifeCycleListener.contextInitialized Servlet context initialized
01-Oct-2026 13:48:45.747 INFO [main] org.apache.catalina.startup.HostConfig.deployDescriptor Deployment of deployment descriptor [/usr/local/tomcat/conf/Catalina/localhost/ROOT.xml] has finished in [27,911] ms
01-Oct-2026 13:48:45.780 INFO [main] org.apache.coyote.AbstractProtocol.start Starting ProtocolHandler ["http-nio-8080"]
01-Oct-2026 13:48:45.800 INFO [main] org.apache.catalina.startup.Catalina.start Server startup in [28146] milliseconds
01-Oct-2026 14:08:55.938 INFO [Catalina-utility-1] org.apache.catalina.startup.HostConfig.reload Reloading context []
01-Oct-2026 14:08:55.940 INFO [Catalina-utility-1] org.apache.catalina.core.StandardContext.reload Reloading Context with name [] has started
01-Oct-2026 14:08:56.100 INFO [Catalina-utility-1] nonapi.io.github.classgraph.classloaderhandler.lifecycle.ServletLifeCycleListener.contextDestroyed Servlet context destroyed -- closing any remaning open ClassGraph ScanResult instances
01-Oct-2026 14:08:56.114 WARNING [Catalina-utility-1] org.apache.catalina.loader.WebappClassLoaderBase.clearReferencesJdbc The web application [ROOT] registered the JDBC driver [org.postgresql.Driver] but failed to unregister it when the web application was stopped. To prevent a memory leak, the JDBC Driver has been forcibly unregistered.
01-Oct-2026 14:08:56.121 WARNING [Catalina-utility-1] org.apache.catalina.loader.WebappClassLoaderBase.clearReferencesThreads The web application [ROOT] appears to have started a thread named [pool-2-thread-1] but has failed to stop it. This is very likely to create a memory leak. Stack trace of thread:
 java.base@11.0.31/jdk.internal.misc.Unsafe.park(Native Method)
 java.base@11.0.31/java.util.concurrent.locks.LockSupport.parkNanos(LockSupport.java:234)
 java.base@11.0.31/java.util.concurrent.locks.AbstractQueuedSynchronizer$ConditionObject.awaitNanos(AbstractQueuedSynchronizer.java:2123)
 java.base@11.0.31/java.util.concurrent.ScheduledThreadPoolExecutor$DelayedWorkQueue.take(ScheduledThreadPoolExecutor.java:1182)
 java.base@11.0.31/java.util.concurrent.ScheduledThreadPoolExecutor$DelayedWorkQueue.take(ScheduledThreadPoolExecutor.java:899)
 java.base@11.0.31/java.util.concurrent.ThreadPoolExecutor.getTask(ThreadPoolExecutor.java:1054)
 java.base@11.0.31/java.util.concurrent.ThreadPoolExecutor.runWorker(ThreadPoolExecutor.java:1114)
 java.base@11.0.31/java.util.concurrent.ThreadPoolExecutor$Worker.run(ThreadPoolExecutor.java:628)
 java.base@11.0.31/java.lang.Thread.run(Thread.java:829)
01-Oct-2026 14:08:56.124 WARNING [Catalina-utility-1] org.apache.catalina.loader.WebappClassLoaderBase.clearReferencesThreads The web application [ROOT] appears to have started a thread named [pool-4-thread-1] but has failed to stop it. This is very likely to create a memory leak. Stack trace of thread:
 java.base@11.0.31/jdk.internal.misc.Unsafe.park(Native Method)
 java.base@11.0.31/java.util.concurrent.locks.LockSupport.parkNanos(LockSupport.java:234)
 java.base@11.0.31/java.util.concurrent.locks.AbstractQueuedSynchronizer$ConditionObject.awaitNanos(AbstractQueuedSynchronizer.java:2123)
 java.base@11.0.31/java.util.concurrent.ScheduledThreadPoolExecutor$DelayedWorkQueue.take(ScheduledThreadPoolExecutor.java:1182)
 java.base@11.0.31/java.util.concurrent.ScheduledThreadPoolExecutor$DelayedWorkQueue.take(ScheduledThreadPoolExecutor.java:899)
 java.base@11.0.31/java.util.concurrent.ThreadPoolExecutor.getTask(ThreadPoolExecutor.java:1054)
 java.base@11.0.31/java.util.concurrent.ThreadPoolExecutor.runWorker(ThreadPoolExecutor.java:1114)
 java.base@11.0.31/java.util.concurrent.ThreadPoolExecutor$Worker.run(ThreadPoolExecutor.java:628)
 java.base@11.0.31/java.lang.Thread.run(Thread.java:829)
01-Oct-2026 14:08:56.127 WARNING [Catalina-utility-1] org.apache.catalina.loader.WebappClassLoaderBase.clearReferencesThreads The web application [ROOT] appears to have started a thread named [ActiveMQ Broker[localhost] Scheduler] but has failed to stop it. This is very likely to create a memory leak. Stack trace of thread:
 java.base@11.0.31/java.lang.Object.wait(Native Method)
 java.base@11.0.31/java.lang.Object.wait(Object.java:328)
 java.base@11.0.31/java.util.TimerThread.mainLoop(Timer.java:527)
 java.base@11.0.31/java.util.TimerThread.run(Timer.java:506)
01-Oct-2026 14:08:56.132 WARNING [Catalina-utility-1] org.apache.catalina.loader.WebappClassLoaderBase.clearReferencesThreads The web application [ROOT] appears to have started a thread named [ActiveMQ Transport Server Thread Handler: mqtt://0.0.0.0:31000] but has failed to stop it. This is very likely to create a memory leak. Stack trace of thread:
 java.base@11.0.31/jdk.internal.misc.Unsafe.park(Native Method)
 java.base@11.0.31/java.util.concurrent.locks.LockSupport.parkNanos(LockSupport.java:234)
 java.base@11.0.31/java.util.concurrent.locks.AbstractQueuedSynchronizer$ConditionObject.awaitNanos(AbstractQueuedSynchronizer.java:2123)
 java.base@11.0.31/java.util.concurrent.LinkedBlockingQueue.poll(LinkedBlockingQueue.java:458)
 org.apache.activemq.transport.tcp.TcpTransportServer$1.run(TcpTransportServer.java:496)
 java.base@11.0.31/java.lang.Thread.run(Thread.java:829)
01-Oct-2026 14:08:56.133 WARNING [Catalina-utility-1] org.apache.catalina.loader.WebappClassLoaderBase.clearReferencesThreads The web application [ROOT] appears to have started a thread named [ActiveMQ Transport Server: mqtt://0.0.0.0:31000] but has failed to stop it. This is very likely to create a memory leak. Stack trace of thread:
 java.base@11.0.31/java.net.PlainSocketImpl.socketAccept(Native Method)
 java.base@11.0.31/java.net.AbstractPlainSocketImpl.accept(AbstractPlainSocketImpl.java:474)
 java.base@11.0.31/java.net.ServerSocket.implAccept(ServerSocket.java:565)
 java.base@11.0.31/java.net.ServerSocket.accept(ServerSocket.java:533)
 org.apache.activemq.transport.tcp.TcpTransportServer.doRunWithServerSocket(TcpTransportServer.java:420)
 org.apache.activemq.transport.tcp.TcpTransportServer.run(TcpTransportServer.java:342)
 java.base@11.0.31/java.lang.Thread.run(Thread.java:829)
01-Oct-2026 14:08:56.134 WARNING [Catalina-utility-1] org.apache.catalina.loader.WebappClassLoaderBase.clearReferencesThreads The web application [ROOT] appears to have started a thread named [MQTT Rec: HMDMServer] but has failed to stop it. This is very likely to create a memory leak. Stack trace of thread:
 java.base@11.0.31/java.net.SocketInputStream.socketRead0(Native Method)
 java.base@11.0.31/java.net.SocketInputStream.socketRead(SocketInputStream.java:115)
 java.base@11.0.31/java.net.SocketInputStream.read(SocketInputStream.java:168)
 java.base@11.0.31/java.net.SocketInputStream.read(SocketInputStream.java:140)
 java.base@11.0.31/java.net.SocketInputStream.read(SocketInputStream.java:200)
 java.base@11.0.31/java.io.DataInputStream.readByte(DataInputStream.java:270)
 org.eclipse.paho.client.mqttv3.internal.wire.MqttInputStream.readMqttWireMessage(MqttInputStream.java:92)
 org.eclipse.paho.client.mqttv3.internal.CommsReceiver.run(CommsReceiver.java:137)
 java.base@11.0.31/java.lang.Thread.run(Thread.java:829)
01-Oct-2026 14:08:56.134 WARNING [Catalina-utility-1] org.apache.catalina.loader.WebappClassLoaderBase.clearReferencesThreads The web application [ROOT] appears to have started a thread named [MQTT Snd: HMDMServer] but has failed to stop it. This is very likely to create a memory leak. Stack trace of thread:
 java.base@11.0.31/java.lang.Object.wait(Native Method)
 java.base@11.0.31/java.lang.Object.wait(Object.java:328)
 org.eclipse.paho.client.mqttv3.internal.ClientState.get(ClientState.java:825)
 org.eclipse.paho.client.mqttv3.internal.CommsSender.run(CommsSender.java:129)
 java.base@11.0.31/java.lang.Thread.run(Thread.java:829)
01-Oct-2026 14:08:56.135 WARNING [Catalina-utility-1] org.apache.catalina.loader.WebappClassLoaderBase.clearReferencesThreads The web application [ROOT] appears to have started a thread named [ActiveMQ Transport: tcp:///172.18.0.3:55964@31000] but has failed to stop it. This is very likely to create a memory leak. Stack trace of thread:
 java.base@11.0.31/java.net.SocketInputStream.socketRead0(Native Method)
 java.base@11.0.31/java.net.SocketInputStream.socketRead(SocketInputStream.java:115)
 java.base@11.0.31/java.net.SocketInputStream.read(SocketInputStream.java:168)
 java.base@11.0.31/java.net.SocketInputStream.read(SocketInputStream.java:140)
 org.apache.activemq.transport.tcp.TcpBufferedInputStream.fill(TcpBufferedInputStream.java:50)
 org.apache.activemq.transport.tcp.TcpTransport$2.fill(TcpTransport.java:634)
 org.apache.activemq.transport.tcp.TcpBufferedInputStream.read(TcpBufferedInputStream.java:59)
 org.apache.activemq.transport.tcp.TcpTransport$2.read(TcpTransport.java:619)
 java.base@11.0.31/java.io.DataInputStream.readByte(DataInputStream.java:270)
 org.apache.activemq.transport.mqtt.MQTTWireFormat.unmarshal(MQTTWireFormat.java:86)
 org.apache.activemq.transport.tcp.TcpTransport.readCommand(TcpTransport.java:240)
 org.apache.activemq.transport.tcp.TcpTransport.doRun(TcpTransport.java:232)
 org.apache.activemq.transport.tcp.TcpTransport.run(TcpTransport.java:215)
 java.base@11.0.31/java.lang.Thread.run(Thread.java:829)
01-Oct-2026 14:08:56.136 WARNING [Catalina-utility-1] org.apache.catalina.loader.WebappClassLoaderBase.clearReferencesThreads The web application [ROOT] appears to have started a thread named [MQTT Call: HMDMServer] but has failed to stop it. This is very likely to create a memory leak. Stack trace of thread:
 java.base@11.0.31/java.lang.Object.wait(Native Method)
 java.base@11.0.31/java.lang.Object.wait(Object.java:328)
 org.eclipse.paho.client.mqttv3.internal.CommsCallback.run(CommsCallback.java:181)
 java.base@11.0.31/java.lang.Thread.run(Thread.java:829)
01-Oct-2026 14:08:56.137 WARNING [Catalina-utility-1] org.apache.catalina.loader.WebappClassLoaderBase.clearReferencesThreads The web application [ROOT] appears to have started a thread named [InactivityMonitor ReadCheck] but has failed to stop it. This is very likely to create a memory leak. Stack trace of thread:
 java.base@11.0.31/java.lang.Object.wait(Native Method)
 java.base@11.0.31/java.util.TimerThread.mainLoop(Timer.java:553)
 java.base@11.0.31/java.util.TimerThread.run(Timer.java:506)
01-Oct-2026 14:08:56.137 WARNING [Catalina-utility-1] org.apache.catalina.loader.WebappClassLoaderBase.clearReferencesThreads The web application [ROOT] appears to have started a thread named [MQTT Ping: HMDMServer] but has failed to stop it. This is very likely to create a memory leak. Stack trace of thread:
 java.base@11.0.31/java.lang.Object.wait(Native Method)
 java.base@11.0.31/java.util.TimerThread.mainLoop(Timer.java:553)
 java.base@11.0.31/java.util.TimerThread.run(Timer.java:506)
01-Oct-2026 14:08:56.140 WARNING [Catalina-utility-1] org.apache.catalina.loader.WebappClassLoaderBase.clearReferencesThreads The web application [ROOT] appears to have started a thread named [pool-2-thread-2] but has failed to stop it. This is very likely to create a memory leak. Stack trace of thread:
 java.base@11.0.31/jdk.internal.misc.Unsafe.park(Native Method)
 java.base@11.0.31/java.util.concurrent.locks.LockSupport.park(LockSupport.java:194)
 java.base@11.0.31/java.util.concurrent.locks.AbstractQueuedSynchronizer$ConditionObject.await(AbstractQueuedSynchronizer.java:2081)
 java.base@11.0.31/java.util.concurrent.ScheduledThreadPoolExecutor$DelayedWorkQueue.take(ScheduledThreadPoolExecutor.java:1177)
 java.base@11.0.31/java.util.concurrent.ScheduledThreadPoolExecutor$DelayedWorkQueue.take(ScheduledThreadPoolExecutor.java:899)
 java.base@11.0.31/java.util.concurrent.ThreadPoolExecutor.getTask(ThreadPoolExecutor.java:1054)
 java.base@11.0.31/java.util.concurrent.ThreadPoolExecutor.runWorker(ThreadPoolExecutor.java:1114)
 java.base@11.0.31/java.util.concurrent.ThreadPoolExecutor$Worker.run(ThreadPoolExecutor.java:628)
 java.base@11.0.31/java.lang.Thread.run(Thread.java:829)
01-Oct-2026 14:08:56.141 WARNING [Catalina-utility-1] org.apache.catalina.loader.WebappClassLoaderBase.clearReferencesThreads The web application [ROOT] appears to have started a thread named [pool-5-thread-1] but has failed to stop it. This is very likely to create a memory leak. Stack trace of thread:
 java.base@11.0.31/jdk.internal.misc.Unsafe.park(Native Method)
 java.base@11.0.31/java.util.concurrent.locks.LockSupport.park(LockSupport.java:194)
 java.base@11.0.31/java.util.concurrent.locks.AbstractQueuedSynchronizer$ConditionObject.await(AbstractQueuedSynchronizer.java:2081)
 java.base@11.0.31/java.util.concurrent.LinkedBlockingQueue.take(LinkedBlockingQueue.java:433)
 java.base@11.0.31/java.util.concurrent.ThreadPoolExecutor.getTask(ThreadPoolExecutor.java:1054)
 java.base@11.0.31/java.util.concurrent.ThreadPoolExecutor.runWorker(ThreadPoolExecutor.java:1114)
 java.base@11.0.31/java.util.concurrent.ThreadPoolExecutor$Worker.run(ThreadPoolExecutor.java:628)
 java.base@11.0.31/java.lang.Thread.run(Thread.java:829)
01-Oct-2026 14:08:56.142 WARNING [Catalina-utility-1] org.apache.catalina.loader.WebappClassLoaderBase.clearReferencesThreads The web application [ROOT] appears to have started a thread named [pool-1-thread-1] but has failed to stop it. This is very likely to create a memory leak. Stack trace of thread:
 java.base@11.0.31/jdk.internal.misc.Unsafe.park(Native Method)
 java.base@11.0.31/java.util.concurrent.locks.LockSupport.park(LockSupport.java:194)
 java.base@11.0.31/java.util.concurrent.locks.AbstractQueuedSynchronizer$ConditionObject.await(AbstractQueuedSynchronizer.java:2081)
 java.base@11.0.31/java.util.concurrent.LinkedBlockingQueue.take(LinkedBlockingQueue.java:433)
 java.base@11.0.31/java.util.concurrent.ThreadPoolExecutor.getTask(ThreadPoolExecutor.java:1054)
 java.base@11.0.31/java.util.concurrent.ThreadPoolExecutor.runWorker(ThreadPoolExecutor.java:1114)
 java.base@11.0.31/java.util.concurrent.ThreadPoolExecutor$Worker.run(ThreadPoolExecutor.java:628)
 java.base@11.0.31/java.lang.Thread.run(Thread.java:829)
01-Oct-2026 14:08:56.143 WARNING [Catalina-utility-1] org.apache.catalina.loader.WebappClassLoaderBase.clearReferencesThreads The web application [ROOT] appears to have started a thread named [pool-1-thread-2] but has failed to stop it. This is very likely to create a memory leak. Stack trace of thread:
 java.base@11.0.31/jdk.internal.misc.Unsafe.park(Native Method)
 java.base@11.0.31/java.util.concurrent.locks.LockSupport.park(LockSupport.java:194)
 java.base@11.0.31/java.util.concurrent.locks.AbstractQueuedSynchronizer$ConditionObject.await(AbstractQueuedSynchronizer.java:2081)
 java.base@11.0.31/java.util.concurrent.LinkedBlockingQueue.take(LinkedBlockingQueue.java:433)
 java.base@11.0.31/java.util.concurrent.ThreadPoolExecutor.getTask(ThreadPoolExecutor.java:1054)
 java.base@11.0.31/java.util.concurrent.ThreadPoolExecutor.runWorker(ThreadPoolExecutor.java:1114)
 java.base@11.0.31/java.util.concurrent.ThreadPoolExecutor$Worker.run(ThreadPoolExecutor.java:628)
 java.base@11.0.31/java.lang.Thread.run(Thread.java:829)
01-Oct-2026 14:08:56.144 WARNING [Catalina-utility-1] org.apache.catalina.loader.WebappClassLoaderBase.clearReferencesThreads The web application [ROOT] appears to have started a thread named [pool-1-thread-3] but has failed to stop it. This is very likely to create a memory leak. Stack trace of thread:
 java.base@11.0.31/jdk.internal.misc.Unsafe.park(Native Method)
 java.base@11.0.31/java.util.concurrent.locks.LockSupport.park(LockSupport.java:194)
 java.base@11.0.31/java.util.concurrent.locks.AbstractQueuedSynchronizer$ConditionObject.await(AbstractQueuedSynchronizer.java:2081)
 java.base@11.0.31/java.util.concurrent.LinkedBlockingQueue.take(LinkedBlockingQueue.java:433)
 java.base@11.0.31/java.util.concurrent.ThreadPoolExecutor.getTask(ThreadPoolExecutor.java:1054)
 java.base@11.0.31/java.util.concurrent.ThreadPoolExecutor.runWorker(ThreadPoolExecutor.java:1114)
 java.base@11.0.31/java.util.concurrent.ThreadPoolExecutor$Worker.run(ThreadPoolExecutor.java:628)
 java.base@11.0.31/java.lang.Thread.run(Thread.java:829)
01-Oct-2026 14:08:56.144 WARNING [Catalina-utility-1] org.apache.catalina.loader.WebappClassLoaderBase.clearReferencesThreads The web application [ROOT] appears to have started a thread named [pool-1-thread-4] but has failed to stop it. This is very likely to create a memory leak. Stack trace of thread:
 java.base@11.0.31/jdk.internal.misc.Unsafe.park(Native Method)
 java.base@11.0.31/java.util.concurrent.locks.LockSupport.park(LockSupport.java:194)
 java.base@11.0.31/java.util.concurrent.locks.AbstractQueuedSynchronizer$ConditionObject.await(AbstractQueuedSynchronizer.java:2081)
 java.base@11.0.31/java.util.concurrent.LinkedBlockingQueue.take(LinkedBlockingQueue.java:433)
 java.base@11.0.31/java.util.concurrent.ThreadPoolExecutor.getTask(ThreadPoolExecutor.java:1054)
 java.base@11.0.31/java.util.concurrent.ThreadPoolExecutor.runWorker(ThreadPoolExecutor.java:1114)
 java.base@11.0.31/java.util.concurrent.ThreadPoolExecutor$Worker.run(ThreadPoolExecutor.java:628)
 java.base@11.0.31/java.lang.Thread.run(Thread.java:829)
01-Oct-2026 14:08:56.146 WARNING [Catalina-utility-1] org.apache.catalina.loader.WebappClassLoaderBase.clearReferencesThreads The web application [ROOT] appears to have started a thread named [pool-1-thread-5] but has failed to stop it. This is very likely to create a memory leak. Stack trace of thread:
 java.base@11.0.31/jdk.internal.misc.Unsafe.park(Native Method)
 java.base@11.0.31/java.util.concurrent.locks.LockSupport.park(LockSupport.java:194)
 java.base@11.0.31/java.util.concurrent.locks.AbstractQueuedSynchronizer$ConditionObject.await(AbstractQueuedSynchronizer.java:2081)
 java.base@11.0.31/java.util.concurrent.LinkedBlockingQueue.take(LinkedBlockingQueue.java:433)
 java.base@11.0.31/java.util.concurrent.ThreadPoolExecutor.getTask(ThreadPoolExecutor.java:1054)
 java.base@11.0.31/java.util.concurrent.ThreadPoolExecutor.runWorker(ThreadPoolExecutor.java:1114)
 java.base@11.0.31/java.util.concurrent.ThreadPoolExecutor$Worker.run(ThreadPoolExecutor.java:628)
 java.base@11.0.31/java.lang.Thread.run(Thread.java:829)
01-Oct-2026 14:08:56.147 WARNING [Catalina-utility-1] org.apache.catalina.loader.WebappClassLoaderBase.clearReferencesThreads The web application [ROOT] appears to have started a thread named [pool-1-thread-6] but has failed to stop it. This is very likely to create a memory leak. Stack trace of thread:
 java.base@11.0.31/jdk.internal.misc.Unsafe.park(Native Method)
 java.base@11.0.31/java.util.concurrent.locks.LockSupport.park(LockSupport.java:194)
 java.base@11.0.31/java.util.concurrent.locks.AbstractQueuedSynchronizer$ConditionObject.await(AbstractQueuedSynchronizer.java:2081)
 java.base@11.0.31/java.util.concurrent.LinkedBlockingQueue.take(LinkedBlockingQueue.java:433)
 java.base@11.0.31/java.util.concurrent.ThreadPoolExecutor.getTask(ThreadPoolExecutor.java:1054)
 java.base@11.0.31/java.util.concurrent.ThreadPoolExecutor.runWorker(ThreadPoolExecutor.java:1114)
 java.base@11.0.31/java.util.concurrent.ThreadPoolExecutor$Worker.run(ThreadPoolExecutor.java:628)
 java.base@11.0.31/java.lang.Thread.run(Thread.java:829)
01-Oct-2026 14:08:56.148 WARNING [Catalina-utility-1] org.apache.catalina.loader.WebappClassLoaderBase.clearReferencesThreads The web application [ROOT] appears to have started a thread named [pool-1-thread-7] but has failed to stop it. This is very likely to create a memory leak. Stack trace of thread:
 java.base@11.0.31/jdk.internal.misc.Unsafe.park(Native Method)
 java.base@11.0.31/java.util.concurrent.locks.LockSupport.park(LockSupport.java:194)
 java.base@11.0.31/java.util.concurrent.locks.AbstractQueuedSynchronizer$ConditionObject.await(AbstractQueuedSynchronizer.java:2081)
 java.base@11.0.31/java.util.concurrent.LinkedBlockingQueue.take(LinkedBlockingQueue.java:433)
 java.base@11.0.31/java.util.concurrent.ThreadPoolExecutor.getTask(ThreadPoolExecutor.java:1054)
 java.base@11.0.31/java.util.concurrent.ThreadPoolExecutor.runWorker(ThreadPoolExecutor.java:1114)
 java.base@11.0.31/java.util.concurrent.ThreadPoolExecutor$Worker.run(ThreadPoolExecutor.java:628)
 java.base@11.0.31/java.lang.Thread.run(Thread.java:829)
01-Oct-2026 14:08:56.149 WARNING [Catalina-utility-1] org.apache.catalina.loader.WebappClassLoaderBase.clearReferencesThreads The web application [ROOT] appears to have started a thread named [pool-1-thread-8] but has failed to stop it. This is very likely to create a memory leak. Stack trace of thread:
 java.base@11.0.31/jdk.internal.misc.Unsafe.park(Native Method)
 java.base@11.0.31/java.util.concurrent.locks.LockSupport.park(LockSupport.java:194)
 java.base@11.0.31/java.util.concurrent.locks.AbstractQueuedSynchronizer$ConditionObject.await(AbstractQueuedSynchronizer.java:2081)
 java.base@11.0.31/java.util.concurrent.LinkedBlockingQueue.take(LinkedBlockingQueue.java:433)
 java.base@11.0.31/java.util.concurrent.ThreadPoolExecutor.getTask(ThreadPoolExecutor.java:1054)
 java.base@11.0.31/java.util.concurrent.ThreadPoolExecutor.runWorker(ThreadPoolExecutor.java:1114)
 java.base@11.0.31/java.util.concurrent.ThreadPoolExecutor$Worker.run(ThreadPoolExecutor.java:628)
 java.base@11.0.31/java.lang.Thread.run(Thread.java:829)
01-Oct-2026 14:08:56.152 WARNING [Catalina-utility-1] org.apache.catalina.loader.WebappClassLoaderBase.clearReferencesThreads The web application [ROOT] appears to have started a thread named [pool-1-thread-9] but has failed to stop it. This is very likely to create a memory leak. Stack trace of thread:
 java.base@11.0.31/jdk.internal.misc.Unsafe.park(Native Method)
 java.base@11.0.31/java.util.concurrent.locks.LockSupport.park(LockSupport.java:194)
 java.base@11.0.31/java.util.concurrent.locks.AbstractQueuedSynchronizer$ConditionObject.await(AbstractQueuedSynchronizer.java:2081)
 java.base@11.0.31/java.util.concurrent.LinkedBlockingQueue.take(LinkedBlockingQueue.java:433)
 java.base@11.0.31/java.util.concurrent.ThreadPoolExecutor.getTask(ThreadPoolExecutor.java:1054)
 java.base@11.0.31/java.util.concurrent.ThreadPoolExecutor.runWorker(ThreadPoolExecutor.java:1114)
 java.base@11.0.31/java.util.concurrent.ThreadPoolExecutor$Worker.run(ThreadPoolExecutor.java:628)
 java.base@11.0.31/java.lang.Thread.run(Thread.java:829)
01-Oct-2026 14:08:56.153 WARNING [Catalina-utility-1] org.apache.catalina.loader.WebappClassLoaderBase.clearReferencesThreads The web application [ROOT] appears to have started a thread named [pool-1-thread-10] but has failed to stop it. This is very likely to create a memory leak. Stack trace of thread:
 java.base@11.0.31/jdk.internal.misc.Unsafe.park(Native Method)
 java.base@11.0.31/java.util.concurrent.locks.LockSupport.park(LockSupport.java:194)
 java.base@11.0.31/java.util.concurrent.locks.AbstractQueuedSynchronizer$ConditionObject.await(AbstractQueuedSynchronizer.java:2081)
 java.base@11.0.31/java.util.concurrent.LinkedBlockingQueue.take(LinkedBlockingQueue.java:433)
 java.base@11.0.31/java.util.concurrent.ThreadPoolExecutor.getTask(ThreadPoolExecutor.java:1054)
 java.base@11.0.31/java.util.concurrent.ThreadPoolExecutor.runWorker(ThreadPoolExecutor.java:1114)
 java.base@11.0.31/java.util.concurrent.ThreadPoolExecutor$Worker.run(ThreadPoolExecutor.java:628)
 java.base@11.0.31/java.lang.Thread.run(Thread.java:829)
01-Oct-2026 14:09:00.118 INFO [Catalina-utility-1] org.apache.jasper.servlet.TldScanner.scanJars At least one JAR was scanned for TLDs yet contained no TLDs. Enable debug logging for this logger for a complete list of JARs that were scanned but no TLDs were found in them. Skipping unneeded JARs during scanning can improve startup time and JSP compilation time.
01-Oct-2026 14:09:19.286 INFO [main] org.apache.catalina.startup.VersionLoggerListener.log Server version name:   Apache Tomcat/9.0.117
01-Oct-2026 14:09:19.293 INFO [main] org.apache.catalina.startup.VersionLoggerListener.log Server built:          Mar 30 2026 18:21:16 UTC
01-Oct-2026 14:09:19.293 INFO [main] org.apache.catalina.startup.VersionLoggerListener.log Server version number: 9.0.117.0
01-Oct-2026 14:09:19.294 INFO [main] org.apache.catalina.startup.VersionLoggerListener.log OS Name:               Linux
01-Oct-2026 14:09:19.294 INFO [main] org.apache.catalina.startup.VersionLoggerListener.log OS Version:            6.8.0-142-generic
01-Oct-2026 14:09:19.295 INFO [main] org.apache.catalina.startup.VersionLoggerListener.log Architecture:          amd64
01-Oct-2026 14:09:19.295 INFO [main] org.apache.catalina.startup.VersionLoggerListener.log Java Home:             /opt/java/openjdk
01-Oct-2026 14:09:19.295 INFO [main] org.apache.catalina.startup.VersionLoggerListener.log JVM Version:           11.0.31+11
01-Oct-2026 14:09:19.296 INFO [main] org.apache.catalina.startup.VersionLoggerListener.log JVM Vendor:            Eclipse Adoptium
01-Oct-2026 14:09:19.297 INFO [main] org.apache.catalina.startup.VersionLoggerListener.log CATALINA_BASE:         /usr/local/tomcat
01-Oct-2026 14:09:19.297 INFO [main] org.apache.catalina.startup.VersionLoggerListener.log CATALINA_HOME:         /usr/local/tomcat
01-Oct-2026 14:09:19.332 INFO [main] org.apache.catalina.startup.VersionLoggerListener.log Command line argument: --add-opens=java.base/java.lang=ALL-UNNAMED
01-Oct-2026 14:09:19.332 INFO [main] org.apache.catalina.startup.VersionLoggerListener.log Command line argument: --add-opens=java.base/java.lang.invoke=ALL-UNNAMED
01-Oct-2026 14:09:19.332 INFO [main] org.apache.catalina.startup.VersionLoggerListener.log Command line argument: --add-opens=java.base/java.lang.reflect=ALL-UNNAMED
01-Oct-2026 14:09:19.332 INFO [main] org.apache.catalina.startup.VersionLoggerListener.log Command line argument: --add-opens=java.base/java.io=ALL-UNNAMED
01-Oct-2026 14:09:19.333 INFO [main] org.apache.catalina.startup.VersionLoggerListener.log Command line argument: --add-opens=java.base/java.util=ALL-UNNAMED
01-Oct-2026 14:09:19.333 INFO [main] org.apache.catalina.startup.VersionLoggerListener.log Command line argument: --add-opens=java.base/java.util.concurrent=ALL-UNNAMED
01-Oct-2026 14:09:19.333 INFO [main] org.apache.catalina.startup.VersionLoggerListener.log Command line argument: --add-opens=java.rmi/sun.rmi.transport=ALL-UNNAMED
01-Oct-2026 14:09:19.333 INFO [main] org.apache.catalina.startup.VersionLoggerListener.log Command line argument: -Djava.util.logging.config.file=/usr/local/tomcat/conf/logging.properties
01-Oct-2026 14:09:19.334 INFO [main] org.apache.catalina.startup.VersionLoggerListener.log Command line argument: -Djava.util.logging.manager=org.apache.juli.ClassLoaderLogManager
01-Oct-2026 14:09:19.335 INFO [main] org.apache.catalina.startup.VersionLoggerListener.log Command line argument: -Djdk.tls.ephemeralDHKeySize=2048
01-Oct-2026 14:09:19.335 INFO [main] org.apache.catalina.startup.VersionLoggerListener.log Command line argument: -Djava.protocol.handler.pkgs=org.apache.catalina.webresources
01-Oct-2026 14:09:19.335 INFO [main] org.apache.catalina.startup.VersionLoggerListener.log Command line argument: -Dsun.io.useCanonCaches=false
01-Oct-2026 14:09:19.335 INFO [main] org.apache.catalina.startup.VersionLoggerListener.log Command line argument: -Dorg.apache.catalina.security.SecurityListener.UMASK=0022
01-Oct-2026 14:09:19.335 INFO [main] org.apache.catalina.startup.VersionLoggerListener.log Command line argument: -Dignore.endorsed.dirs=
01-Oct-2026 14:09:19.335 INFO [main] org.apache.catalina.startup.VersionLoggerListener.log Command line argument: -Dcatalina.base=/usr/local/tomcat
01-Oct-2026 14:09:19.335 INFO [main] org.apache.catalina.startup.VersionLoggerListener.log Command line argument: -Dcatalina.home=/usr/local/tomcat
01-Oct-2026 14:09:19.335 INFO [main] org.apache.catalina.startup.VersionLoggerListener.log Command line argument: -Djava.io.tmpdir=/usr/local/tomcat/temp
01-Oct-2026 14:09:19.356 INFO [main] org.apache.catalina.core.AprLifecycleListener.lifecycleEvent Loaded Apache Tomcat Native library [1.3.7] using APR version [1.7.0].
01-Oct-2026 14:09:19.357 INFO [main] org.apache.catalina.core.AprLifecycleListener.lifecycleEvent APR capabilities: IPv6 [true], sendfile [true], accept filters [false], random [true], UDS [true].
01-Oct-2026 14:09:19.357 INFO [main] org.apache.catalina.core.AprLifecycleListener.lifecycleEvent APR/OpenSSL configuration: useAprConnector [false], useOpenSSL [true]
01-Oct-2026 14:09:19.361 INFO [main] org.apache.catalina.core.AprLifecycleListener.initializeSSL OpenSSL successfully initialized [OpenSSL 3.0.2 15 Mar 2022]
01-Oct-2026 14:09:19.910 INFO [main] org.apache.coyote.AbstractProtocol.init Initializing ProtocolHandler ["http-nio-8080"]
01-Oct-2026 14:09:19.961 INFO [main] org.apache.catalina.startup.Catalina.load Server initialization in [1110] milliseconds
01-Oct-2026 14:09:20.132 INFO [main] org.apache.catalina.core.StandardService.startInternal Starting service [Catalina]
01-Oct-2026 14:09:20.132 INFO [main] org.apache.catalina.core.StandardEngine.startInternal Starting Servlet engine: [Apache Tomcat/9.0.117]
01-Oct-2026 14:09:20.146 INFO [main] org.apache.catalina.startup.HostConfig.deployDescriptor Deploying deployment descriptor [/usr/local/tomcat/conf/Catalina/localhost/ROOT.xml]
01-Oct-2026 14:09:20.191 INFO [main] org.apache.catalina.startup.ExpandWar.expand An expanded directory [/usr/local/tomcat/webapps/ROOT] was found with a last modified time that did not match the associated WAR. It will be deleted.
01-Oct-2026 14:09:23.998 INFO [main] org.apache.jasper.servlet.TldScanner.scanJars At least one JAR was scanned for TLDs yet contained no TLDs. Enable debug logging for this logger for a complete list of JARs that were scanned but no TLDs were found in them. Skipping unneeded JARs during scanning can improve startup time and JSP compilation time.
01-Oct-2026 14:09:35.010 INFO [main] nonapi.io.github.classgraph.classloaderhandler.lifecycle.ServletLifeCycleListener.contextInitialized Servlet context initialized
01-Oct-2026 14:09:39.219 INFO [main] org.apache.catalina.startup.HostConfig.deployDescriptor Deployment of deployment descriptor [/usr/local/tomcat/conf/Catalina/localhost/ROOT.xml] has finished in [19,072] ms
01-Oct-2026 14:09:39.233 INFO [main] org.apache.coyote.AbstractProtocol.start Starting ProtocolHandler ["http-nio-8080"]
01-Oct-2026 14:09:39.257 INFO [main] org.apache.catalina.startup.Catalina.start Server startup in [19294] milliseconds
01-Oct-2026 15:12:33.696 SEVERE [http-nio-8080-exec-8] org.glassfish.jersey.message.internal.WriterInterceptorExecutor$TerminalWriterInterceptor.aroundWriteTo MessageBodyWriter not found for media type=text/plain, type=class com.hmdm.rest.json.Response, genericType=class com.hmdm.rest.json.Response.
