08-Oct-2026 07:54:10.614 INFO [main] org.apache.catalina.startup.VersionLoggerListener.log Server version name:   Apache Tomcat/9.0.117
08-Oct-2026 07:54:10.618 INFO [main] org.apache.catalina.startup.VersionLoggerListener.log Server built:          Mar 30 2026 18:21:16 UTC
08-Oct-2026 07:54:10.619 INFO [main] org.apache.catalina.startup.VersionLoggerListener.log Server version number: 9.0.117.0
08-Oct-2026 07:54:10.619 INFO [main] org.apache.catalina.startup.VersionLoggerListener.log OS Name:               Linux
08-Oct-2026 07:54:10.619 INFO [main] org.apache.catalina.startup.VersionLoggerListener.log OS Version:            6.8.0-142-generic
08-Oct-2026 07:54:10.620 INFO [main] org.apache.catalina.startup.VersionLoggerListener.log Architecture:          amd64
08-Oct-2026 07:54:10.620 INFO [main] org.apache.catalina.startup.VersionLoggerListener.log Java Home:             /opt/java/openjdk
08-Oct-2026 07:54:10.620 INFO [main] org.apache.catalina.startup.VersionLoggerListener.log JVM Version:           11.0.31+11
08-Oct-2026 07:54:10.620 INFO [main] org.apache.catalina.startup.VersionLoggerListener.log JVM Vendor:            Eclipse Adoptium
08-Oct-2026 07:54:10.620 INFO [main] org.apache.catalina.startup.VersionLoggerListener.log CATALINA_BASE:         /usr/local/tomcat
08-Oct-2026 07:54:10.620 INFO [main] org.apache.catalina.startup.VersionLoggerListener.log CATALINA_HOME:         /usr/local/tomcat
08-Oct-2026 07:54:11.076 INFO [main] org.apache.catalina.startup.VersionLoggerListener.log Command line argument: --add-opens=java.base/java.lang=ALL-UNNAMED
08-Oct-2026 07:54:11.076 INFO [main] org.apache.catalina.startup.VersionLoggerListener.log Command line argument: --add-opens=java.base/java.lang.invoke=ALL-UNNAMED
08-Oct-2026 07:54:11.076 INFO [main] org.apache.catalina.startup.VersionLoggerListener.log Command line argument: --add-opens=java.base/java.lang.reflect=ALL-UNNAMED
08-Oct-2026 07:54:11.076 INFO [main] org.apache.catalina.startup.VersionLoggerListener.log Command line argument: --add-opens=java.base/java.io=ALL-UNNAMED
08-Oct-2026 07:54:11.077 INFO [main] org.apache.catalina.startup.VersionLoggerListener.log Command line argument: --add-opens=java.base/java.util=ALL-UNNAMED
08-Oct-2026 07:54:11.077 INFO [main] org.apache.catalina.startup.VersionLoggerListener.log Command line argument: --add-opens=java.base/java.util.concurrent=ALL-UNNAMED
08-Oct-2026 07:54:11.077 INFO [main] org.apache.catalina.startup.VersionLoggerListener.log Command line argument: --add-opens=java.rmi/sun.rmi.transport=ALL-UNNAMED
08-Oct-2026 07:54:11.077 INFO [main] org.apache.catalina.startup.VersionLoggerListener.log Command line argument: -Djava.util.logging.config.file=/usr/local/tomcat/conf/logging.properties
08-Oct-2026 07:54:11.077 INFO [main] org.apache.catalina.startup.VersionLoggerListener.log Command line argument: -Djava.util.logging.manager=org.apache.juli.ClassLoaderLogManager
08-Oct-2026 07:54:11.077 INFO [main] org.apache.catalina.startup.VersionLoggerListener.log Command line argument: -Djdk.tls.ephemeralDHKeySize=2048
08-Oct-2026 07:54:11.077 INFO [main] org.apache.catalina.startup.VersionLoggerListener.log Command line argument: -Djava.protocol.handler.pkgs=org.apache.catalina.webresources
08-Oct-2026 07:54:11.077 INFO [main] org.apache.catalina.startup.VersionLoggerListener.log Command line argument: -Dsun.io.useCanonCaches=false
08-Oct-2026 07:54:11.077 INFO [main] org.apache.catalina.startup.VersionLoggerListener.log Command line argument: -Dorg.apache.catalina.security.SecurityListener.UMASK=0022
08-Oct-2026 07:54:11.077 INFO [main] org.apache.catalina.startup.VersionLoggerListener.log Command line argument: -Dignore.endorsed.dirs=
08-Oct-2026 07:54:11.077 INFO [main] org.apache.catalina.startup.VersionLoggerListener.log Command line argument: -Dcatalina.base=/usr/local/tomcat
08-Oct-2026 07:54:11.077 INFO [main] org.apache.catalina.startup.VersionLoggerListener.log Command line argument: -Dcatalina.home=/usr/local/tomcat
08-Oct-2026 07:54:11.078 INFO [main] org.apache.catalina.startup.VersionLoggerListener.log Command line argument: -Djava.io.tmpdir=/usr/local/tomcat/temp
08-Oct-2026 07:54:11.379 INFO [main] org.apache.catalina.core.AprLifecycleListener.lifecycleEvent Loaded Apache Tomcat Native library [1.3.7] using APR version [1.7.0].
08-Oct-2026 07:54:11.381 INFO [main] org.apache.catalina.core.AprLifecycleListener.lifecycleEvent APR capabilities: IPv6 [true], sendfile [true], accept filters [false], random [true], UDS [true].
08-Oct-2026 07:54:11.381 INFO [main] org.apache.catalina.core.AprLifecycleListener.lifecycleEvent APR/OpenSSL configuration: useAprConnector [false], useOpenSSL [true]
08-Oct-2026 07:54:11.417 INFO [main] org.apache.catalina.core.AprLifecycleListener.initializeSSL OpenSSL successfully initialized [OpenSSL 3.0.2 15 Mar 2022]
08-Oct-2026 07:54:14.803 INFO [main] org.apache.coyote.AbstractProtocol.init Initializing ProtocolHandler ["http-nio-8080"]
08-Oct-2026 07:54:15.368 INFO [main] org.apache.catalina.startup.Catalina.load Server initialization in [9388] milliseconds
08-Oct-2026 07:54:15.899 INFO [main] org.apache.catalina.core.StandardService.startInternal Starting service [Catalina]
08-Oct-2026 07:54:15.900 INFO [main] org.apache.catalina.core.StandardEngine.startInternal Starting Servlet engine: [Apache Tomcat/9.0.117]
08-Oct-2026 07:54:15.931 INFO [main] org.apache.catalina.startup.HostConfig.deployDescriptor Deploying deployment descriptor [/usr/local/tomcat/conf/Catalina/localhost/ROOT.xml]
08-Oct-2026 07:54:16.043 WARNING [main] org.apache.catalina.startup.HostConfig.deployDescriptor A docBase [/usr/local/tomcat/webapps/ROOT] inside the host appBase has been specified, and will be ignored
08-Oct-2026 07:54:22.286 INFO [main] org.apache.jasper.servlet.TldScanner.scanJars At least one JAR was scanned for TLDs yet contained no TLDs. Enable debug logging for this logger for a complete list of JARs that were scanned but no TLDs were found in them. Skipping unneeded JARs during scanning can improve startup time and JSP compilation time.
08-Oct-2026 07:54:32.070 INFO [main] nonapi.io.github.classgraph.classloaderhandler.lifecycle.ServletLifeCycleListener.contextInitialized Servlet context initialized
08-Oct-2026 07:54:36.387 INFO [main] org.apache.catalina.startup.HostConfig.deployDescriptor Deployment of deployment descriptor [/usr/local/tomcat/conf/Catalina/localhost/ROOT.xml] has finished in [20,453] ms
08-Oct-2026 07:54:36.387 INFO [main] org.apache.catalina.startup.HostConfig.deployDirectory Deploying web application directory [/usr/local/tomcat/webapps/ROOT.regredido-20261008-bkp]
08-Oct-2026 07:54:38.305 INFO [main] org.apache.jasper.servlet.TldScanner.scanJars At least one JAR was scanned for TLDs yet contained no TLDs. Enable debug logging for this logger for a complete list of JARs that were scanned but no TLDs were found in them. Skipping unneeded JARs during scanning can improve startup time and JSP compilation time.
08-Oct-2026 07:54:39.450 INFO [main] com.google.inject.internal.MessageProcessor.visit An exception was caught and reported. Message: java.lang.NullPointerException
	java.lang.RuntimeException: java.lang.NullPointerException
		at com.hmdm.guice.module.AbstractLiquibaseModule.getConnection(AbstractLiquibaseModule.java:130)
		at com.hmdm.guice.module.AbstractLiquibaseModule.configure(AbstractLiquibaseModule.java:70)
		at com.google.inject.AbstractModule.configure(AbstractModule.java:61)
		at com.google.inject.spi.Elements$RecordingBinder.install(Elements.java:344)
		at com.google.inject.spi.Elements.getElements(Elements.java:103)
		at com.google.inject.internal.InjectorShell$Builder.build(InjectorShell.java:137)
		at com.google.inject.internal.InternalInjectorCreator.build(InternalInjectorCreator.java:103)
		at com.google.inject.Guice.createInjector(Guice.java:87)
		at com.hmdm.guice.Initializer.getInjector(Initializer.java:62)
		at com.google.inject.servlet.GuiceServletContextListener.contextInitialized(GuiceServletContextListener.java:45)
		at com.hmdm.guice.Initializer.contextInitialized(Initializer.java:126)
		at org.apache.catalina.core.StandardContext.listenerStart(StandardContext.java:4047)
		at org.apache.catalina.core.StandardContext.startInternal(StandardContext.java:4489)
		at org.apache.catalina.util.LifecycleBase.start(LifecycleBase.java:164)
		at org.apache.catalina.core.ContainerBase.addChildInternal(ContainerBase.java:597)
		at org.apache.catalina.core.ContainerBase.addChild(ContainerBase.java:569)
		at org.apache.catalina.core.StandardHost.addChild(StandardHost.java:608)
		at org.apache.catalina.startup.HostConfig.deployDirectory(HostConfig.java:1171)
		at org.apache.catalina.startup.HostConfig$DeployDirectory.run(HostConfig.java:1880)
		at java.base/java.util.concurrent.Executors$RunnableAdapter.call(Executors.java:515)
		at java.base/java.util.concurrent.FutureTask.run(FutureTask.java:264)
		at org.apache.tomcat.util.threads.InlineExecutorService.execute(InlineExecutorService.java:82)
		at java.base/java.util.concurrent.AbstractExecutorService.submit(AbstractExecutorService.java:118)
		at org.apache.catalina.startup.HostConfig.deployDirectories(HostConfig.java:1082)
		at org.apache.catalina.startup.HostConfig.deployApps(HostConfig.java:467)
		at org.apache.catalina.startup.HostConfig.start(HostConfig.java:1576)
		at org.apache.catalina.startup.HostConfig.lifecycleEvent(HostConfig.java:309)
		at org.apache.catalina.util.LifecycleBase.fireLifecycleEvent(LifecycleBase.java:109)
		at org.apache.catalina.util.LifecycleBase.setStateInternal(LifecycleBase.java:389)
		at org.apache.catalina.util.LifecycleBase.setState(LifecycleBase.java:336)
		at org.apache.catalina.core.ContainerBase.startInternal(ContainerBase.java:774)
		at org.apache.catalina.core.StandardHost.startInternal(StandardHost.java:726)
		at org.apache.catalina.util.LifecycleBase.start(LifecycleBase.java:164)
		at org.apache.catalina.core.ContainerBase$StartChild.call(ContainerBase.java:1201)
		at org.apache.catalina.core.ContainerBase$StartChild.call(ContainerBase.java:1191)
		at java.base/java.util.concurrent.FutureTask.run(FutureTask.java:264)
		at org.apache.tomcat.util.threads.InlineExecutorService.execute(InlineExecutorService.java:82)
		at java.base/java.util.concurrent.AbstractExecutorService.submit(AbstractExecutorService.java:140)
		at org.apache.catalina.core.ContainerBase.startInternal(ContainerBase.java:747)
		at org.apache.catalina.core.StandardEngine.startInternal(StandardEngine.java:209)
		at org.apache.catalina.util.LifecycleBase.start(LifecycleBase.java:164)
		at org.apache.catalina.core.StandardService.startInternal(StandardService.java:410)
		at org.apache.catalina.util.LifecycleBase.start(LifecycleBase.java:164)
		at org.apache.catalina.core.StandardServer.startInternal(StandardServer.java:872)
		at org.apache.catalina.util.LifecycleBase.start(LifecycleBase.java:164)
		at org.apache.catalina.startup.Catalina.start(Catalina.java:736)
		at java.base/jdk.internal.reflect.NativeMethodAccessorImpl.invoke0(Native Method)
		at java.base/jdk.internal.reflect.NativeMethodAccessorImpl.invoke(NativeMethodAccessorImpl.java:62)
		at java.base/jdk.internal.reflect.DelegatingMethodAccessorImpl.invoke(DelegatingMethodAccessorImpl.java:43)
		at java.base/java.lang.reflect.Method.invoke(Method.java:566)
		at org.apache.catalina.startup.Bootstrap.start(Bootstrap.java:342)
		at org.apache.catalina.startup.Bootstrap.main(Bootstrap.java:473)
	Caused by: java.lang.NullPointerException
		at java.base/java.lang.Class.forName0(Native Method)
		at java.base/java.lang.Class.forName(Class.java:315)
		at com.hmdm.guice.module.AbstractLiquibaseModule.getConnection(AbstractLiquibaseModule.java:122)
		... 51 more
08-Oct-2026 07:54:39.452 INFO [main] com.google.inject.internal.MessageProcessor.visit An exception was caught and reported. Message: java.lang.NumberFormatException: null
	java.lang.NumberFormatException: null
		at java.base/java.lang.Integer.parseInt(Integer.java:614)
		at java.base/java.lang.Integer.parseInt(Integer.java:770)
		at com.hmdm.guice.module.ConfigureModule.configure(ConfigureModule.java:127)
		at com.google.inject.AbstractModule.configure(AbstractModule.java:61)
		at com.google.inject.spi.Elements$RecordingBinder.install(Elements.java:344)
		at com.google.inject.spi.Elements.getElements(Elements.java:103)
		at com.google.inject.internal.InjectorShell$Builder.build(InjectorShell.java:137)
		at com.google.inject.internal.InternalInjectorCreator.build(InternalInjectorCreator.java:103)
		at com.google.inject.Guice.createInjector(Guice.java:87)
		at com.hmdm.guice.Initializer.getInjector(Initializer.java:62)
		at com.google.inject.servlet.GuiceServletContextListener.contextInitialized(GuiceServletContextListener.java:45)
		at com.hmdm.guice.Initializer.contextInitialized(Initializer.java:126)
		at org.apache.catalina.core.StandardContext.listenerStart(StandardContext.java:4047)
		at org.apache.catalina.core.StandardContext.startInternal(StandardContext.java:4489)
		at org.apache.catalina.util.LifecycleBase.start(LifecycleBase.java:164)
		at org.apache.catalina.core.ContainerBase.addChildInternal(ContainerBase.java:597)
		at org.apache.catalina.core.ContainerBase.addChild(ContainerBase.java:569)
		at org.apache.catalina.core.StandardHost.addChild(StandardHost.java:608)
		at org.apache.catalina.startup.HostConfig.deployDirectory(HostConfig.java:1171)
		at org.apache.catalina.startup.HostConfig$DeployDirectory.run(HostConfig.java:1880)
		at java.base/java.util.concurrent.Executors$RunnableAdapter.call(Executors.java:515)
		at java.base/java.util.concurrent.FutureTask.run(FutureTask.java:264)
		at org.apache.tomcat.util.threads.InlineExecutorService.execute(InlineExecutorService.java:82)
		at java.base/java.util.concurrent.AbstractExecutorService.submit(AbstractExecutorService.java:118)
		at org.apache.catalina.startup.HostConfig.deployDirectories(HostConfig.java:1082)
		at org.apache.catalina.startup.HostConfig.deployApps(HostConfig.java:467)
		at org.apache.catalina.startup.HostConfig.start(HostConfig.java:1576)
		at org.apache.catalina.startup.HostConfig.lifecycleEvent(HostConfig.java:309)
		at org.apache.catalina.util.LifecycleBase.fireLifecycleEvent(LifecycleBase.java:109)
		at org.apache.catalina.util.LifecycleBase.setStateInternal(LifecycleBase.java:389)
		at org.apache.catalina.util.LifecycleBase.setState(LifecycleBase.java:336)
		at org.apache.catalina.core.ContainerBase.startInternal(ContainerBase.java:774)
		at org.apache.catalina.core.StandardHost.startInternal(StandardHost.java:726)
		at org.apache.catalina.util.LifecycleBase.start(LifecycleBase.java:164)
		at org.apache.catalina.core.ContainerBase$StartChild.call(ContainerBase.java:1201)
		at org.apache.catalina.core.ContainerBase$StartChild.call(ContainerBase.java:1191)
		at java.base/java.util.concurrent.FutureTask.run(FutureTask.java:264)
		at org.apache.tomcat.util.threads.InlineExecutorService.execute(InlineExecutorService.java:82)
		at java.base/java.util.concurrent.AbstractExecutorService.submit(AbstractExecutorService.java:140)
		at org.apache.catalina.core.ContainerBase.startInternal(ContainerBase.java:747)
		at org.apache.catalina.core.StandardEngine.startInternal(StandardEngine.java:209)
		at org.apache.catalina.util.LifecycleBase.start(LifecycleBase.java:164)
		at org.apache.catalina.core.StandardService.startInternal(StandardService.java:410)
		at org.apache.catalina.util.LifecycleBase.start(LifecycleBase.java:164)
		at org.apache.catalina.core.StandardServer.startInternal(StandardServer.java:872)
		at org.apache.catalina.util.LifecycleBase.start(LifecycleBase.java:164)
		at org.apache.catalina.startup.Catalina.start(Catalina.java:736)
		at java.base/jdk.internal.reflect.NativeMethodAccessorImpl.invoke0(Native Method)
		at java.base/jdk.internal.reflect.NativeMethodAccessorImpl.invoke(NativeMethodAccessorImpl.java:62)
		at java.base/jdk.internal.reflect.DelegatingMethodAccessorImpl.invoke(DelegatingMethodAccessorImpl.java:43)
		at java.base/java.lang.reflect.Method.invoke(Method.java:566)
		at org.apache.catalina.startup.Bootstrap.start(Bootstrap.java:342)
		at org.apache.catalina.startup.Bootstrap.main(Bootstrap.java:473)
08-Oct-2026 07:54:39.453 INFO [main] com.google.inject.internal.MessageProcessor.visit An exception was caught and reported. Message: java.lang.NullPointerException
	java.lang.RuntimeException: java.lang.NullPointerException
		at com.hmdm.guice.module.AbstractLiquibaseModule.getConnection(AbstractLiquibaseModule.java:130)
		at com.hmdm.guice.module.AbstractLiquibaseModule.configure(AbstractLiquibaseModule.java:70)
		at com.google.inject.AbstractModule.configure(AbstractModule.java:61)
		at com.google.inject.spi.Elements$RecordingBinder.install(Elements.java:344)
		at com.google.inject.spi.Elements.getElements(Elements.java:103)
		at com.google.inject.internal.InjectorShell$Builder.build(InjectorShell.java:137)
		at com.google.inject.internal.InternalInjectorCreator.build(InternalInjectorCreator.java:103)
		at com.google.inject.Guice.createInjector(Guice.java:87)
		at com.hmdm.guice.Initializer.getInjector(Initializer.java:62)
		at com.google.inject.servlet.GuiceServletContextListener.contextInitialized(GuiceServletContextListener.java:45)
		at com.hmdm.guice.Initializer.contextInitialized(Initializer.java:126)
		at org.apache.catalina.core.StandardContext.listenerStart(StandardContext.java:4047)
		at org.apache.catalina.core.StandardContext.startInternal(StandardContext.java:4489)
		at org.apache.catalina.util.LifecycleBase.start(LifecycleBase.java:164)
		at org.apache.catalina.core.ContainerBase.addChildInternal(ContainerBase.java:597)
		at org.apache.catalina.core.ContainerBase.addChild(ContainerBase.java:569)
		at org.apache.catalina.core.StandardHost.addChild(StandardHost.java:608)
		at org.apache.catalina.startup.HostConfig.deployDirectory(HostConfig.java:1171)
		at org.apache.catalina.startup.HostConfig$DeployDirectory.run(HostConfig.java:1880)
		at java.base/java.util.concurrent.Executors$RunnableAdapter.call(Executors.java:515)
		at java.base/java.util.concurrent.FutureTask.run(FutureTask.java:264)
		at org.apache.tomcat.util.threads.InlineExecutorService.execute(InlineExecutorService.java:82)
		at java.base/java.util.concurrent.AbstractExecutorService.submit(AbstractExecutorService.java:118)
		at org.apache.catalina.startup.HostConfig.deployDirectories(HostConfig.java:1082)
		at org.apache.catalina.startup.HostConfig.deployApps(HostConfig.java:467)
		at org.apache.catalina.startup.HostConfig.start(HostConfig.java:1576)
		at org.apache.catalina.startup.HostConfig.lifecycleEvent(HostConfig.java:309)
		at org.apache.catalina.util.LifecycleBase.fireLifecycleEvent(LifecycleBase.java:109)
		at org.apache.catalina.util.LifecycleBase.setStateInternal(LifecycleBase.java:389)
		at org.apache.catalina.util.LifecycleBase.setState(LifecycleBase.java:336)
		at org.apache.catalina.core.ContainerBase.startInternal(ContainerBase.java:774)
		at org.apache.catalina.core.StandardHost.startInternal(StandardHost.java:726)
		at org.apache.catalina.util.LifecycleBase.start(LifecycleBase.java:164)
		at org.apache.catalina.core.ContainerBase$StartChild.call(ContainerBase.java:1201)
		at org.apache.catalina.core.ContainerBase$StartChild.call(ContainerBase.java:1191)
		at java.base/java.util.concurrent.FutureTask.run(FutureTask.java:264)
		at org.apache.tomcat.util.threads.InlineExecutorService.execute(InlineExecutorService.java:82)
		at java.base/java.util.concurrent.AbstractExecutorService.submit(AbstractExecutorService.java:140)
		at org.apache.catalina.core.ContainerBase.startInternal(ContainerBase.java:747)
		at org.apache.catalina.core.StandardEngine.startInternal(StandardEngine.java:209)
		at org.apache.catalina.util.LifecycleBase.start(LifecycleBase.java:164)
		at org.apache.catalina.core.StandardService.startInternal(StandardService.java:410)
		at org.apache.catalina.util.LifecycleBase.start(LifecycleBase.java:164)
		at org.apache.catalina.core.StandardServer.startInternal(StandardServer.java:872)
		at org.apache.catalina.util.LifecycleBase.start(LifecycleBase.java:164)
		at org.apache.catalina.startup.Catalina.start(Catalina.java:736)
		at java.base/jdk.internal.reflect.NativeMethodAccessorImpl.invoke0(Native Method)
		at java.base/jdk.internal.reflect.NativeMethodAccessorImpl.invoke(NativeMethodAccessorImpl.java:62)
		at java.base/jdk.internal.reflect.DelegatingMethodAccessorImpl.invoke(DelegatingMethodAccessorImpl.java:43)
		at java.base/java.lang.reflect.Method.invoke(Method.java:566)
		at org.apache.catalina.startup.Bootstrap.start(Bootstrap.java:342)
		at org.apache.catalina.startup.Bootstrap.main(Bootstrap.java:473)
	Caused by: java.lang.NullPointerException
		at java.base/java.lang.Class.forName0(Native Method)
		at java.base/java.lang.Class.forName(Class.java:315)
		at com.hmdm.guice.module.AbstractLiquibaseModule.getConnection(AbstractLiquibaseModule.java:122)
		... 51 more
08-Oct-2026 07:54:39.454 INFO [main] com.google.inject.internal.MessageProcessor.visit An exception was caught and reported. Message: java.lang.NullPointerException
	java.lang.RuntimeException: java.lang.NullPointerException
		at com.hmdm.guice.module.AbstractLiquibaseModule.getConnection(AbstractLiquibaseModule.java:130)
		at com.hmdm.guice.module.AbstractLiquibaseModule.configure(AbstractLiquibaseModule.java:70)
		at com.google.inject.AbstractModule.configure(AbstractModule.java:61)
		at com.google.inject.spi.Elements$RecordingBinder.install(Elements.java:344)
		at com.google.inject.spi.Elements.getElements(Elements.java:103)
		at com.google.inject.internal.InjectorShell$Builder.build(InjectorShell.java:137)
		at com.google.inject.internal.InternalInjectorCreator.build(InternalInjectorCreator.java:103)
		at com.google.inject.Guice.createInjector(Guice.java:87)
		at com.hmdm.guice.Initializer.getInjector(Initializer.java:62)
		at com.google.inject.servlet.GuiceServletContextListener.contextInitialized(GuiceServletContextListener.java:45)
		at com.hmdm.guice.Initializer.contextInitialized(Initializer.java:126)
		at org.apache.catalina.core.StandardContext.listenerStart(StandardContext.java:4047)
		at org.apache.catalina.core.StandardContext.startInternal(StandardContext.java:4489)
		at org.apache.catalina.util.LifecycleBase.start(LifecycleBase.java:164)
		at org.apache.catalina.core.ContainerBase.addChildInternal(ContainerBase.java:597)
		at org.apache.catalina.core.ContainerBase.addChild(ContainerBase.java:569)
		at org.apache.catalina.core.StandardHost.addChild(StandardHost.java:608)
		at org.apache.catalina.startup.HostConfig.deployDirectory(HostConfig.java:1171)
		at org.apache.catalina.startup.HostConfig$DeployDirectory.run(HostConfig.java:1880)
		at java.base/java.util.concurrent.Executors$RunnableAdapter.call(Executors.java:515)
		at java.base/java.util.concurrent.FutureTask.run(FutureTask.java:264)
		at org.apache.tomcat.util.threads.InlineExecutorService.execute(InlineExecutorService.java:82)
		at java.base/java.util.concurrent.AbstractExecutorService.submit(AbstractExecutorService.java:118)
		at org.apache.catalina.startup.HostConfig.deployDirectories(HostConfig.java:1082)
		at org.apache.catalina.startup.HostConfig.deployApps(HostConfig.java:467)
		at org.apache.catalina.startup.HostConfig.start(HostConfig.java:1576)
		at org.apache.catalina.startup.HostConfig.lifecycleEvent(HostConfig.java:309)
		at org.apache.catalina.util.LifecycleBase.fireLifecycleEvent(LifecycleBase.java:109)
		at org.apache.catalina.util.LifecycleBase.setStateInternal(LifecycleBase.java:389)
		at org.apache.catalina.util.LifecycleBase.setState(LifecycleBase.java:336)
		at org.apache.catalina.core.ContainerBase.startInternal(ContainerBase.java:774)
		at org.apache.catalina.core.StandardHost.startInternal(StandardHost.java:726)
		at org.apache.catalina.util.LifecycleBase.start(LifecycleBase.java:164)
		at org.apache.catalina.core.ContainerBase$StartChild.call(ContainerBase.java:1201)
		at org.apache.catalina.core.ContainerBase$StartChild.call(ContainerBase.java:1191)
		at java.base/java.util.concurrent.FutureTask.run(FutureTask.java:264)
		at org.apache.tomcat.util.threads.InlineExecutorService.execute(InlineExecutorService.java:82)
		at java.base/java.util.concurrent.AbstractExecutorService.submit(AbstractExecutorService.java:140)
		at org.apache.catalina.core.ContainerBase.startInternal(ContainerBase.java:747)
		at org.apache.catalina.core.StandardEngine.startInternal(StandardEngine.java:209)
		at org.apache.catalina.util.LifecycleBase.start(LifecycleBase.java:164)
		at org.apache.catalina.core.StandardService.startInternal(StandardService.java:410)
		at org.apache.catalina.util.LifecycleBase.start(LifecycleBase.java:164)
		at org.apache.catalina.core.StandardServer.startInternal(StandardServer.java:872)
		at org.apache.catalina.util.LifecycleBase.start(LifecycleBase.java:164)
		at org.apache.catalina.startup.Catalina.start(Catalina.java:736)
		at java.base/jdk.internal.reflect.NativeMethodAccessorImpl.invoke0(Native Method)
		at java.base/jdk.internal.reflect.NativeMethodAccessorImpl.invoke(NativeMethodAccessorImpl.java:62)
		at java.base/jdk.internal.reflect.DelegatingMethodAccessorImpl.invoke(DelegatingMethodAccessorImpl.java:43)
		at java.base/java.lang.reflect.Method.invoke(Method.java:566)
		at org.apache.catalina.startup.Bootstrap.start(Bootstrap.java:342)
		at org.apache.catalina.startup.Bootstrap.main(Bootstrap.java:473)
	Caused by: java.lang.NullPointerException
		at java.base/java.lang.Class.forName0(Native Method)
		at java.base/java.lang.Class.forName(Class.java:315)
		at com.hmdm.guice.module.AbstractLiquibaseModule.getConnection(AbstractLiquibaseModule.java:122)
		... 51 more
08-Oct-2026 07:54:39.455 INFO [main] com.google.inject.internal.MessageProcessor.visit An exception was caught and reported. Message: java.lang.NullPointerException
	java.lang.RuntimeException: java.lang.NullPointerException
		at com.hmdm.guice.module.AbstractLiquibaseModule.getConnection(AbstractLiquibaseModule.java:130)
		at com.hmdm.guice.module.AbstractLiquibaseModule.configure(AbstractLiquibaseModule.java:70)
		at com.google.inject.AbstractModule.configure(AbstractModule.java:61)
		at com.google.inject.spi.Elements$RecordingBinder.install(Elements.java:344)
		at com.google.inject.spi.Elements.getElements(Elements.java:103)
		at com.google.inject.internal.InjectorShell$Builder.build(InjectorShell.java:137)
		at com.google.inject.internal.InternalInjectorCreator.build(InternalInjectorCreator.java:103)
		at com.google.inject.Guice.createInjector(Guice.java:87)
		at com.hmdm.guice.Initializer.getInjector(Initializer.java:62)
		at com.google.inject.servlet.GuiceServletContextListener.contextInitialized(GuiceServletContextListener.java:45)
		at com.hmdm.guice.Initializer.contextInitialized(Initializer.java:126)
		at org.apache.catalina.core.StandardContext.listenerStart(StandardContext.java:4047)
		at org.apache.catalina.core.StandardContext.startInternal(StandardContext.java:4489)
		at org.apache.catalina.util.LifecycleBase.start(LifecycleBase.java:164)
		at org.apache.catalina.core.ContainerBase.addChildInternal(ContainerBase.java:597)
		at org.apache.catalina.core.ContainerBase.addChild(ContainerBase.java:569)
		at org.apache.catalina.core.StandardHost.addChild(StandardHost.java:608)
		at org.apache.catalina.startup.HostConfig.deployDirectory(HostConfig.java:1171)
		at org.apache.catalina.startup.HostConfig$DeployDirectory.run(HostConfig.java:1880)
		at java.base/java.util.concurrent.Executors$RunnableAdapter.call(Executors.java:515)
		at java.base/java.util.concurrent.FutureTask.run(FutureTask.java:264)
		at org.apache.tomcat.util.threads.InlineExecutorService.execute(InlineExecutorService.java:82)
		at java.base/java.util.concurrent.AbstractExecutorService.submit(AbstractExecutorService.java:118)
		at org.apache.catalina.startup.HostConfig.deployDirectories(HostConfig.java:1082)
		at org.apache.catalina.startup.HostConfig.deployApps(HostConfig.java:467)
		at org.apache.catalina.startup.HostConfig.start(HostConfig.java:1576)
		at org.apache.catalina.startup.HostConfig.lifecycleEvent(HostConfig.java:309)
		at org.apache.catalina.util.LifecycleBase.fireLifecycleEvent(LifecycleBase.java:109)
		at org.apache.catalina.util.LifecycleBase.setStateInternal(LifecycleBase.java:389)
		at org.apache.catalina.util.LifecycleBase.setState(LifecycleBase.java:336)
		at org.apache.catalina.core.ContainerBase.startInternal(ContainerBase.java:774)
		at org.apache.catalina.core.StandardHost.startInternal(StandardHost.java:726)
		at org.apache.catalina.util.LifecycleBase.start(LifecycleBase.java:164)
		at org.apache.catalina.core.ContainerBase$StartChild.call(ContainerBase.java:1201)
		at org.apache.catalina.core.ContainerBase$StartChild.call(ContainerBase.java:1191)
		at java.base/java.util.concurrent.FutureTask.run(FutureTask.java:264)
		at org.apache.tomcat.util.threads.InlineExecutorService.execute(InlineExecutorService.java:82)
		at java.base/java.util.concurrent.AbstractExecutorService.submit(AbstractExecutorService.java:140)
		at org.apache.catalina.core.ContainerBase.startInternal(ContainerBase.java:747)
		at org.apache.catalina.core.StandardEngine.startInternal(StandardEngine.java:209)
		at org.apache.catalina.util.LifecycleBase.start(LifecycleBase.java:164)
		at org.apache.catalina.core.StandardService.startInternal(StandardService.java:410)
		at org.apache.catalina.util.LifecycleBase.start(LifecycleBase.java:164)
		at org.apache.catalina.core.StandardServer.startInternal(StandardServer.java:872)
		at org.apache.catalina.util.LifecycleBase.start(LifecycleBase.java:164)
		at org.apache.catalina.startup.Catalina.start(Catalina.java:736)
		at java.base/jdk.internal.reflect.NativeMethodAccessorImpl.invoke0(Native Method)
		at java.base/jdk.internal.reflect.NativeMethodAccessorImpl.invoke(NativeMethodAccessorImpl.java:62)
		at java.base/jdk.internal.reflect.DelegatingMethodAccessorImpl.invoke(DelegatingMethodAccessorImpl.java:43)
		at java.base/java.lang.reflect.Method.invoke(Method.java:566)
		at org.apache.catalina.startup.Bootstrap.start(Bootstrap.java:342)
		at org.apache.catalina.startup.Bootstrap.main(Bootstrap.java:473)
	Caused by: java.lang.NullPointerException
		at java.base/java.lang.Class.forName0(Native Method)
		at java.base/java.lang.Class.forName(Class.java:315)
		at com.hmdm.guice.module.AbstractLiquibaseModule.getConnection(AbstractLiquibaseModule.java:122)
		... 51 more
08-Oct-2026 07:54:39.457 INFO [main] com.google.inject.internal.MessageProcessor.visit An exception was caught and reported. Message: java.lang.NullPointerException
	java.lang.RuntimeException: java.lang.NullPointerException
		at com.hmdm.guice.module.AbstractLiquibaseModule.getConnection(AbstractLiquibaseModule.java:130)
		at com.hmdm.guice.module.AbstractLiquibaseModule.configure(AbstractLiquibaseModule.java:70)
		at com.google.inject.AbstractModule.configure(AbstractModule.java:61)
		at com.google.inject.spi.Elements$RecordingBinder.install(Elements.java:344)
		at com.google.inject.spi.Elements.getElements(Elements.java:103)
		at com.google.inject.internal.InjectorShell$Builder.build(InjectorShell.java:137)
		at com.google.inject.internal.InternalInjectorCreator.build(InternalInjectorCreator.java:103)
		at com.google.inject.Guice.createInjector(Guice.java:87)
		at com.hmdm.guice.Initializer.getInjector(Initializer.java:62)
		at com.google.inject.servlet.GuiceServletContextListener.contextInitialized(GuiceServletContextListener.java:45)
		at com.hmdm.guice.Initializer.contextInitialized(Initializer.java:126)
		at org.apache.catalina.core.StandardContext.listenerStart(StandardContext.java:4047)
		at org.apache.catalina.core.StandardContext.startInternal(StandardContext.java:4489)
		at org.apache.catalina.util.LifecycleBase.start(LifecycleBase.java:164)
		at org.apache.catalina.core.ContainerBase.addChildInternal(ContainerBase.java:597)
		at org.apache.catalina.core.ContainerBase.addChild(ContainerBase.java:569)
		at org.apache.catalina.core.StandardHost.addChild(StandardHost.java:608)
		at org.apache.catalina.startup.HostConfig.deployDirectory(HostConfig.java:1171)
		at org.apache.catalina.startup.HostConfig$DeployDirectory.run(HostConfig.java:1880)
		at java.base/java.util.concurrent.Executors$RunnableAdapter.call(Executors.java:515)
		at java.base/java.util.concurrent.FutureTask.run(FutureTask.java:264)
		at org.apache.tomcat.util.threads.InlineExecutorService.execute(InlineExecutorService.java:82)
		at java.base/java.util.concurrent.AbstractExecutorService.submit(AbstractExecutorService.java:118)
		at org.apache.catalina.startup.HostConfig.deployDirectories(HostConfig.java:1082)
		at org.apache.catalina.startup.HostConfig.deployApps(HostConfig.java:467)
		at org.apache.catalina.startup.HostConfig.start(HostConfig.java:1576)
		at org.apache.catalina.startup.HostConfig.lifecycleEvent(HostConfig.java:309)
		at org.apache.catalina.util.LifecycleBase.fireLifecycleEvent(LifecycleBase.java:109)
		at org.apache.catalina.util.LifecycleBase.setStateInternal(LifecycleBase.java:389)
		at org.apache.catalina.util.LifecycleBase.setState(LifecycleBase.java:336)
		at org.apache.catalina.core.ContainerBase.startInternal(ContainerBase.java:774)
		at org.apache.catalina.core.StandardHost.startInternal(StandardHost.java:726)
		at org.apache.catalina.util.LifecycleBase.start(LifecycleBase.java:164)
		at org.apache.catalina.core.ContainerBase$StartChild.call(ContainerBase.java:1201)
		at org.apache.catalina.core.ContainerBase$StartChild.call(ContainerBase.java:1191)
		at java.base/java.util.concurrent.FutureTask.run(FutureTask.java:264)
		at org.apache.tomcat.util.threads.InlineExecutorService.execute(InlineExecutorService.java:82)
		at java.base/java.util.concurrent.AbstractExecutorService.submit(AbstractExecutorService.java:140)
		at org.apache.catalina.core.ContainerBase.startInternal(ContainerBase.java:747)
		at org.apache.catalina.core.StandardEngine.startInternal(StandardEngine.java:209)
		at org.apache.catalina.util.LifecycleBase.start(LifecycleBase.java:164)
		at org.apache.catalina.core.StandardService.startInternal(StandardService.java:410)
		at org.apache.catalina.util.LifecycleBase.start(LifecycleBase.java:164)
		at org.apache.catalina.core.StandardServer.startInternal(StandardServer.java:872)
		at org.apache.catalina.util.LifecycleBase.start(LifecycleBase.java:164)
		at org.apache.catalina.startup.Catalina.start(Catalina.java:736)
		at java.base/jdk.internal.reflect.NativeMethodAccessorImpl.invoke0(Native Method)
		at java.base/jdk.internal.reflect.NativeMethodAccessorImpl.invoke(NativeMethodAccessorImpl.java:62)
		at java.base/jdk.internal.reflect.DelegatingMethodAccessorImpl.invoke(DelegatingMethodAccessorImpl.java:43)
		at java.base/java.lang.reflect.Method.invoke(Method.java:566)
		at org.apache.catalina.startup.Bootstrap.start(Bootstrap.java:342)
		at org.apache.catalina.startup.Bootstrap.main(Bootstrap.java:473)
	Caused by: java.lang.NullPointerException
		at java.base/java.lang.Class.forName0(Native Method)
		at java.base/java.lang.Class.forName(Class.java:315)
		at com.hmdm.guice.module.AbstractLiquibaseModule.getConnection(AbstractLiquibaseModule.java:122)
		... 51 more
08-Oct-2026 07:54:39.458 INFO [main] com.google.inject.internal.MessageProcessor.visit An exception was caught and reported. Message: java.lang.NullPointerException
	java.lang.RuntimeException: java.lang.NullPointerException
		at com.hmdm.guice.module.AbstractLiquibaseModule.getConnection(AbstractLiquibaseModule.java:130)
		at com.hmdm.guice.module.AbstractLiquibaseModule.configure(AbstractLiquibaseModule.java:70)
		at com.google.inject.AbstractModule.configure(AbstractModule.java:61)
		at com.google.inject.spi.Elements$RecordingBinder.install(Elements.java:344)
		at com.google.inject.spi.Elements.getElements(Elements.java:103)
		at com.google.inject.internal.InjectorShell$Builder.build(InjectorShell.java:137)
		at com.google.inject.internal.InternalInjectorCreator.build(InternalInjectorCreator.java:103)
		at com.google.inject.Guice.createInjector(Guice.java:87)
		at com.hmdm.guice.Initializer.getInjector(Initializer.java:62)
		at com.google.inject.servlet.GuiceServletContextListener.contextInitialized(GuiceServletContextListener.java:45)
		at com.hmdm.guice.Initializer.contextInitialized(Initializer.java:126)
		at org.apache.catalina.core.StandardContext.listenerStart(StandardContext.java:4047)
		at org.apache.catalina.core.StandardContext.startInternal(StandardContext.java:4489)
		at org.apache.catalina.util.LifecycleBase.start(LifecycleBase.java:164)
		at org.apache.catalina.core.ContainerBase.addChildInternal(ContainerBase.java:597)
		at org.apache.catalina.core.ContainerBase.addChild(ContainerBase.java:569)
		at org.apache.catalina.core.StandardHost.addChild(StandardHost.java:608)
		at org.apache.catalina.startup.HostConfig.deployDirectory(HostConfig.java:1171)
		at org.apache.catalina.startup.HostConfig$DeployDirectory.run(HostConfig.java:1880)
		at java.base/java.util.concurrent.Executors$RunnableAdapter.call(Executors.java:515)
		at java.base/java.util.concurrent.FutureTask.run(FutureTask.java:264)
		at org.apache.tomcat.util.threads.InlineExecutorService.execute(InlineExecutorService.java:82)
		at java.base/java.util.concurrent.AbstractExecutorService.submit(AbstractExecutorService.java:118)
		at org.apache.catalina.startup.HostConfig.deployDirectories(HostConfig.java:1082)
		at org.apache.catalina.startup.HostConfig.deployApps(HostConfig.java:467)
		at org.apache.catalina.startup.HostConfig.start(HostConfig.java:1576)
		at org.apache.catalina.startup.HostConfig.lifecycleEvent(HostConfig.java:309)
		at org.apache.catalina.util.LifecycleBase.fireLifecycleEvent(LifecycleBase.java:109)
		at org.apache.catalina.util.LifecycleBase.setStateInternal(LifecycleBase.java:389)
		at org.apache.catalina.util.LifecycleBase.setState(LifecycleBase.java:336)
		at org.apache.catalina.core.ContainerBase.startInternal(ContainerBase.java:774)
		at org.apache.catalina.core.StandardHost.startInternal(StandardHost.java:726)
		at org.apache.catalina.util.LifecycleBase.start(LifecycleBase.java:164)
		at org.apache.catalina.core.ContainerBase$StartChild.call(ContainerBase.java:1201)
		at org.apache.catalina.core.ContainerBase$StartChild.call(ContainerBase.java:1191)
		at java.base/java.util.concurrent.FutureTask.run(FutureTask.java:264)
		at org.apache.tomcat.util.threads.InlineExecutorService.execute(InlineExecutorService.java:82)
		at java.base/java.util.concurrent.AbstractExecutorService.submit(AbstractExecutorService.java:140)
		at org.apache.catalina.core.ContainerBase.startInternal(ContainerBase.java:747)
		at org.apache.catalina.core.StandardEngine.startInternal(StandardEngine.java:209)
		at org.apache.catalina.util.LifecycleBase.start(LifecycleBase.java:164)
		at org.apache.catalina.core.StandardService.startInternal(StandardService.java:410)
		at org.apache.catalina.util.LifecycleBase.start(LifecycleBase.java:164)
		at org.apache.catalina.core.StandardServer.startInternal(StandardServer.java:872)
		at org.apache.catalina.util.LifecycleBase.start(LifecycleBase.java:164)
		at org.apache.catalina.startup.Catalina.start(Catalina.java:736)
		at java.base/jdk.internal.reflect.NativeMethodAccessorImpl.invoke0(Native Method)
		at java.base/jdk.internal.reflect.NativeMethodAccessorImpl.invoke(NativeMethodAccessorImpl.java:62)
		at java.base/jdk.internal.reflect.DelegatingMethodAccessorImpl.invoke(DelegatingMethodAccessorImpl.java:43)
		at java.base/java.lang.reflect.Method.invoke(Method.java:566)
		at org.apache.catalina.startup.Bootstrap.start(Bootstrap.java:342)
		at org.apache.catalina.startup.Bootstrap.main(Bootstrap.java:473)
	Caused by: java.lang.NullPointerException
		at java.base/java.lang.Class.forName0(Native Method)
		at java.base/java.lang.Class.forName(Class.java:315)
		at com.hmdm.guice.module.AbstractLiquibaseModule.getConnection(AbstractLiquibaseModule.java:122)
		... 51 more
08-Oct-2026 07:54:39.460 INFO [main] com.google.inject.internal.MessageProcessor.visit An exception was caught and reported. Message: java.lang.NullPointerException
	java.lang.RuntimeException: java.lang.NullPointerException
		at com.hmdm.guice.module.AbstractLiquibaseModule.getConnection(AbstractLiquibaseModule.java:130)
		at com.hmdm.guice.module.AbstractLiquibaseModule.configure(AbstractLiquibaseModule.java:70)
		at com.google.inject.AbstractModule.configure(AbstractModule.java:61)
		at com.google.inject.spi.Elements$RecordingBinder.install(Elements.java:344)
		at com.google.inject.spi.Elements.getElements(Elements.java:103)
		at com.google.inject.internal.InjectorShell$Builder.build(InjectorShell.java:137)
		at com.google.inject.internal.InternalInjectorCreator.build(InternalInjectorCreator.java:103)
		at com.google.inject.Guice.createInjector(Guice.java:87)
		at com.hmdm.guice.Initializer.getInjector(Initializer.java:62)
		at com.google.inject.servlet.GuiceServletContextListener.contextInitialized(GuiceServletContextListener.java:45)
		at com.hmdm.guice.Initializer.contextInitialized(Initializer.java:126)
		at org.apache.catalina.core.StandardContext.listenerStart(StandardContext.java:4047)
		at org.apache.catalina.core.StandardContext.startInternal(StandardContext.java:4489)
		at org.apache.catalina.util.LifecycleBase.start(LifecycleBase.java:164)
		at org.apache.catalina.core.ContainerBase.addChildInternal(ContainerBase.java:597)
		at org.apache.catalina.core.ContainerBase.addChild(ContainerBase.java:569)
		at org.apache.catalina.core.StandardHost.addChild(StandardHost.java:608)
		at org.apache.catalina.startup.HostConfig.deployDirectory(HostConfig.java:1171)
		at org.apache.catalina.startup.HostConfig$DeployDirectory.run(HostConfig.java:1880)
		at java.base/java.util.concurrent.Executors$RunnableAdapter.call(Executors.java:515)
		at java.base/java.util.concurrent.FutureTask.run(FutureTask.java:264)
		at org.apache.tomcat.util.threads.InlineExecutorService.execute(InlineExecutorService.java:82)
		at java.base/java.util.concurrent.AbstractExecutorService.submit(AbstractExecutorService.java:118)
		at org.apache.catalina.startup.HostConfig.deployDirectories(HostConfig.java:1082)
		at org.apache.catalina.startup.HostConfig.deployApps(HostConfig.java:467)
		at org.apache.catalina.startup.HostConfig.start(HostConfig.java:1576)
		at org.apache.catalina.startup.HostConfig.lifecycleEvent(HostConfig.java:309)
		at org.apache.catalina.util.LifecycleBase.fireLifecycleEvent(LifecycleBase.java:109)
		at org.apache.catalina.util.LifecycleBase.setStateInternal(LifecycleBase.java:389)
		at org.apache.catalina.util.LifecycleBase.setState(LifecycleBase.java:336)
		at org.apache.catalina.core.ContainerBase.startInternal(ContainerBase.java:774)
		at org.apache.catalina.core.StandardHost.startInternal(StandardHost.java:726)
		at org.apache.catalina.util.LifecycleBase.start(LifecycleBase.java:164)
		at org.apache.catalina.core.ContainerBase$StartChild.call(ContainerBase.java:1201)
		at org.apache.catalina.core.ContainerBase$StartChild.call(ContainerBase.java:1191)
		at java.base/java.util.concurrent.FutureTask.run(FutureTask.java:264)
		at org.apache.tomcat.util.threads.InlineExecutorService.execute(InlineExecutorService.java:82)
		at java.base/java.util.concurrent.AbstractExecutorService.submit(AbstractExecutorService.java:140)
		at org.apache.catalina.core.ContainerBase.startInternal(ContainerBase.java:747)
		at org.apache.catalina.core.StandardEngine.startInternal(StandardEngine.java:209)
		at org.apache.catalina.util.LifecycleBase.start(LifecycleBase.java:164)
		at org.apache.catalina.core.StandardService.startInternal(StandardService.java:410)
		at org.apache.catalina.util.LifecycleBase.start(LifecycleBase.java:164)
		at org.apache.catalina.core.StandardServer.startInternal(StandardServer.java:872)
		at org.apache.catalina.util.LifecycleBase.start(LifecycleBase.java:164)
		at org.apache.catalina.startup.Catalina.start(Catalina.java:736)
		at java.base/jdk.internal.reflect.NativeMethodAccessorImpl.invoke0(Native Method)
		at java.base/jdk.internal.reflect.NativeMethodAccessorImpl.invoke(NativeMethodAccessorImpl.java:62)
		at java.base/jdk.internal.reflect.DelegatingMethodAccessorImpl.invoke(DelegatingMethodAccessorImpl.java:43)
		at java.base/java.lang.reflect.Method.invoke(Method.java:566)
		at org.apache.catalina.startup.Bootstrap.start(Bootstrap.java:342)
		at org.apache.catalina.startup.Bootstrap.main(Bootstrap.java:473)
	Caused by: java.lang.NullPointerException
		at java.base/java.lang.Class.forName0(Native Method)
		at java.base/java.lang.Class.forName(Class.java:315)
		at com.hmdm.guice.module.AbstractLiquibaseModule.getConnection(AbstractLiquibaseModule.java:122)
		... 51 more
08-Oct-2026 07:54:39.460 INFO [main] com.google.inject.internal.MessageProcessor.visit An exception was caught and reported. Message: java.lang.NullPointerException
	java.lang.RuntimeException: java.lang.NullPointerException
		at com.hmdm.guice.module.AbstractLiquibaseModule.getConnection(AbstractLiquibaseModule.java:130)
		at com.hmdm.guice.module.AbstractLiquibaseModule.configure(AbstractLiquibaseModule.java:70)
		at com.google.inject.AbstractModule.configure(AbstractModule.java:61)
		at com.google.inject.spi.Elements$RecordingBinder.install(Elements.java:344)
		at com.google.inject.spi.Elements.getElements(Elements.java:103)
		at com.google.inject.internal.InjectorShell$Builder.build(InjectorShell.java:137)
		at com.google.inject.internal.InternalInjectorCreator.build(InternalInjectorCreator.java:103)
		at com.google.inject.Guice.createInjector(Guice.java:87)
		at com.hmdm.guice.Initializer.getInjector(Initializer.java:62)
		at com.google.inject.servlet.GuiceServletContextListener.contextInitialized(GuiceServletContextListener.java:45)
		at com.hmdm.guice.Initializer.contextInitialized(Initializer.java:126)
		at org.apache.catalina.core.StandardContext.listenerStart(StandardContext.java:4047)
		at org.apache.catalina.core.StandardContext.startInternal(StandardContext.java:4489)
		at org.apache.catalina.util.LifecycleBase.start(LifecycleBase.java:164)
		at org.apache.catalina.core.ContainerBase.addChildInternal(ContainerBase.java:597)
		at org.apache.catalina.core.ContainerBase.addChild(ContainerBase.java:569)
		at org.apache.catalina.core.StandardHost.addChild(StandardHost.java:608)
		at org.apache.catalina.startup.HostConfig.deployDirectory(HostConfig.java:1171)
		at org.apache.catalina.startup.HostConfig$DeployDirectory.run(HostConfig.java:1880)
		at java.base/java.util.concurrent.Executors$RunnableAdapter.call(Executors.java:515)
		at java.base/java.util.concurrent.FutureTask.run(FutureTask.java:264)
		at org.apache.tomcat.util.threads.InlineExecutorService.execute(InlineExecutorService.java:82)
		at java.base/java.util.concurrent.AbstractExecutorService.submit(AbstractExecutorService.java:118)
		at org.apache.catalina.startup.HostConfig.deployDirectories(HostConfig.java:1082)
		at org.apache.catalina.startup.HostConfig.deployApps(HostConfig.java:467)
		at org.apache.catalina.startup.HostConfig.start(HostConfig.java:1576)
		at org.apache.catalina.startup.HostConfig.lifecycleEvent(HostConfig.java:309)
		at org.apache.catalina.util.LifecycleBase.fireLifecycleEvent(LifecycleBase.java:109)
		at org.apache.catalina.util.LifecycleBase.setStateInternal(LifecycleBase.java:389)
		at org.apache.catalina.util.LifecycleBase.setState(LifecycleBase.java:336)
		at org.apache.catalina.core.ContainerBase.startInternal(ContainerBase.java:774)
		at org.apache.catalina.core.StandardHost.startInternal(StandardHost.java:726)
		at org.apache.catalina.util.LifecycleBase.start(LifecycleBase.java:164)
		at org.apache.catalina.core.ContainerBase$StartChild.call(ContainerBase.java:1201)
		at org.apache.catalina.core.ContainerBase$StartChild.call(ContainerBase.java:1191)
		at java.base/java.util.concurrent.FutureTask.run(FutureTask.java:264)
		at org.apache.tomcat.util.threads.InlineExecutorService.execute(InlineExecutorService.java:82)
		at java.base/java.util.concurrent.AbstractExecutorService.submit(AbstractExecutorService.java:140)
		at org.apache.catalina.core.ContainerBase.startInternal(ContainerBase.java:747)
		at org.apache.catalina.core.StandardEngine.startInternal(StandardEngine.java:209)
		at org.apache.catalina.util.LifecycleBase.start(LifecycleBase.java:164)
		at org.apache.catalina.core.StandardService.startInternal(StandardService.java:410)
		at org.apache.catalina.util.LifecycleBase.start(LifecycleBase.java:164)
		at org.apache.catalina.core.StandardServer.startInternal(StandardServer.java:872)
		at org.apache.catalina.util.LifecycleBase.start(LifecycleBase.java:164)
		at org.apache.catalina.startup.Catalina.start(Catalina.java:736)
		at java.base/jdk.internal.reflect.NativeMethodAccessorImpl.invoke0(Native Method)
		at java.base/jdk.internal.reflect.NativeMethodAccessorImpl.invoke(NativeMethodAccessorImpl.java:62)
		at java.base/jdk.internal.reflect.DelegatingMethodAccessorImpl.invoke(DelegatingMethodAccessorImpl.java:43)
		at java.base/java.lang.reflect.Method.invoke(Method.java:566)
		at org.apache.catalina.startup.Bootstrap.start(Bootstrap.java:342)
		at org.apache.catalina.startup.Bootstrap.main(Bootstrap.java:473)
	Caused by: java.lang.NullPointerException
		at java.base/java.lang.Class.forName0(Native Method)
		at java.base/java.lang.Class.forName(Class.java:315)
		at com.hmdm.guice.module.AbstractLiquibaseModule.getConnection(AbstractLiquibaseModule.java:122)
		... 51 more
08-Oct-2026 07:54:39.462 INFO [main] com.google.inject.internal.MessageProcessor.visit An exception was caught and reported. Message: java.lang.NullPointerException
	java.lang.RuntimeException: java.lang.NullPointerException
		at com.hmdm.guice.module.AbstractLiquibaseModule.getConnection(AbstractLiquibaseModule.java:130)
		at com.hmdm.guice.module.AbstractLiquibaseModule.configure(AbstractLiquibaseModule.java:70)
		at com.google.inject.AbstractModule.configure(AbstractModule.java:61)
		at com.google.inject.spi.Elements$RecordingBinder.install(Elements.java:344)
		at com.google.inject.spi.Elements.getElements(Elements.java:103)
		at com.google.inject.internal.InjectorShell$Builder.build(InjectorShell.java:137)
		at com.google.inject.internal.InternalInjectorCreator.build(InternalInjectorCreator.java:103)
		at com.google.inject.Guice.createInjector(Guice.java:87)
		at com.hmdm.guice.Initializer.getInjector(Initializer.java:62)
		at com.google.inject.servlet.GuiceServletContextListener.contextInitialized(GuiceServletContextListener.java:45)
		at com.hmdm.guice.Initializer.contextInitialized(Initializer.java:126)
		at org.apache.catalina.core.StandardContext.listenerStart(StandardContext.java:4047)
		at org.apache.catalina.core.StandardContext.startInternal(StandardContext.java:4489)
		at org.apache.catalina.util.LifecycleBase.start(LifecycleBase.java:164)
		at org.apache.catalina.core.ContainerBase.addChildInternal(ContainerBase.java:597)
		at org.apache.catalina.core.ContainerBase.addChild(ContainerBase.java:569)
		at org.apache.catalina.core.StandardHost.addChild(StandardHost.java:608)
		at org.apache.catalina.startup.HostConfig.deployDirectory(HostConfig.java:1171)
		at org.apache.catalina.startup.HostConfig$DeployDirectory.run(HostConfig.java:1880)
		at java.base/java.util.concurrent.Executors$RunnableAdapter.call(Executors.java:515)
		at java.base/java.util.concurrent.FutureTask.run(FutureTask.java:264)
		at org.apache.tomcat.util.threads.InlineExecutorService.execute(InlineExecutorService.java:82)
		at java.base/java.util.concurrent.AbstractExecutorService.submit(AbstractExecutorService.java:118)
		at org.apache.catalina.startup.HostConfig.deployDirectories(HostConfig.java:1082)
		at org.apache.catalina.startup.HostConfig.deployApps(HostConfig.java:467)
		at org.apache.catalina.startup.HostConfig.start(HostConfig.java:1576)
		at org.apache.catalina.startup.HostConfig.lifecycleEvent(HostConfig.java:309)
		at org.apache.catalina.util.LifecycleBase.fireLifecycleEvent(LifecycleBase.java:109)
		at org.apache.catalina.util.LifecycleBase.setStateInternal(LifecycleBase.java:389)
		at org.apache.catalina.util.LifecycleBase.setState(LifecycleBase.java:336)
		at org.apache.catalina.core.ContainerBase.startInternal(ContainerBase.java:774)
		at org.apache.catalina.core.StandardHost.startInternal(StandardHost.java:726)
		at org.apache.catalina.util.LifecycleBase.start(LifecycleBase.java:164)
		at org.apache.catalina.core.ContainerBase$StartChild.call(ContainerBase.java:1201)
		at org.apache.catalina.core.ContainerBase$StartChild.call(ContainerBase.java:1191)
		at java.base/java.util.concurrent.FutureTask.run(FutureTask.java:264)
		at org.apache.tomcat.util.threads.InlineExecutorService.execute(InlineExecutorService.java:82)
		at java.base/java.util.concurrent.AbstractExecutorService.submit(AbstractExecutorService.java:140)
		at org.apache.catalina.core.ContainerBase.startInternal(ContainerBase.java:747)
		at org.apache.catalina.core.StandardEngine.startInternal(StandardEngine.java:209)
		at org.apache.catalina.util.LifecycleBase.start(LifecycleBase.java:164)
		at org.apache.catalina.core.StandardService.startInternal(StandardService.java:410)
		at org.apache.catalina.util.LifecycleBase.start(LifecycleBase.java:164)
		at org.apache.catalina.core.StandardServer.startInternal(StandardServer.java:872)
		at org.apache.catalina.util.LifecycleBase.start(LifecycleBase.java:164)
		at org.apache.catalina.startup.Catalina.start(Catalina.java:736)
		at java.base/jdk.internal.reflect.NativeMethodAccessorImpl.invoke0(Native Method)
		at java.base/jdk.internal.reflect.NativeMethodAccessorImpl.invoke(NativeMethodAccessorImpl.java:62)
		at java.base/jdk.internal.reflect.DelegatingMethodAccessorImpl.invoke(DelegatingMethodAccessorImpl.java:43)
		at java.base/java.lang.reflect.Method.invoke(Method.java:566)
		at org.apache.catalina.startup.Bootstrap.start(Bootstrap.java:342)
		at org.apache.catalina.startup.Bootstrap.main(Bootstrap.java:473)
	Caused by: java.lang.NullPointerException
		at java.base/java.lang.Class.forName0(Native Method)
		at java.base/java.lang.Class.forName(Class.java:315)
		at com.hmdm.guice.module.AbstractLiquibaseModule.getConnection(AbstractLiquibaseModule.java:122)
		... 51 more
08-Oct-2026 07:54:39.463 INFO [main] com.google.inject.internal.MessageProcessor.visit An exception was caught and reported. Message: java.lang.NullPointerException
	java.lang.RuntimeException: java.lang.NullPointerException
		at com.hmdm.guice.module.AbstractLiquibaseModule.getConnection(AbstractLiquibaseModule.java:130)
		at com.hmdm.guice.module.AbstractLiquibaseModule.configure(AbstractLiquibaseModule.java:70)
		at com.google.inject.AbstractModule.configure(AbstractModule.java:61)
		at com.google.inject.spi.Elements$RecordingBinder.install(Elements.java:344)
		at com.google.inject.spi.Elements.getElements(Elements.java:103)
		at com.google.inject.internal.InjectorShell$Builder.build(InjectorShell.java:137)
		at com.google.inject.internal.InternalInjectorCreator.build(InternalInjectorCreator.java:103)
		at com.google.inject.Guice.createInjector(Guice.java:87)
		at com.hmdm.guice.Initializer.getInjector(Initializer.java:62)
		at com.google.inject.servlet.GuiceServletContextListener.contextInitialized(GuiceServletContextListener.java:45)
		at com.hmdm.guice.Initializer.contextInitialized(Initializer.java:126)
		at org.apache.catalina.core.StandardContext.listenerStart(StandardContext.java:4047)
		at org.apache.catalina.core.StandardContext.startInternal(StandardContext.java:4489)
		at org.apache.catalina.util.LifecycleBase.start(LifecycleBase.java:164)
		at org.apache.catalina.core.ContainerBase.addChildInternal(ContainerBase.java:597)
		at org.apache.catalina.core.ContainerBase.addChild(ContainerBase.java:569)
		at org.apache.catalina.core.StandardHost.addChild(StandardHost.java:608)
		at org.apache.catalina.startup.HostConfig.deployDirectory(HostConfig.java:1171)
		at org.apache.catalina.startup.HostConfig$DeployDirectory.run(HostConfig.java:1880)
		at java.base/java.util.concurrent.Executors$RunnableAdapter.call(Executors.java:515)
		at java.base/java.util.concurrent.FutureTask.run(FutureTask.java:264)
		at org.apache.tomcat.util.threads.InlineExecutorService.execute(InlineExecutorService.java:82)
		at java.base/java.util.concurrent.AbstractExecutorService.submit(AbstractExecutorService.java:118)
		at org.apache.catalina.startup.HostConfig.deployDirectories(HostConfig.java:1082)
		at org.apache.catalina.startup.HostConfig.deployApps(HostConfig.java:467)
		at org.apache.catalina.startup.HostConfig.start(HostConfig.java:1576)
		at org.apache.catalina.startup.HostConfig.lifecycleEvent(HostConfig.java:309)
		at org.apache.catalina.util.LifecycleBase.fireLifecycleEvent(LifecycleBase.java:109)
		at org.apache.catalina.util.LifecycleBase.setStateInternal(LifecycleBase.java:389)
		at org.apache.catalina.util.LifecycleBase.setState(LifecycleBase.java:336)
		at org.apache.catalina.core.ContainerBase.startInternal(ContainerBase.java:774)
		at org.apache.catalina.core.StandardHost.startInternal(StandardHost.java:726)
		at org.apache.catalina.util.LifecycleBase.start(LifecycleBase.java:164)
		at org.apache.catalina.core.ContainerBase$StartChild.call(ContainerBase.java:1201)
		at org.apache.catalina.core.ContainerBase$StartChild.call(ContainerBase.java:1191)
		at java.base/java.util.concurrent.FutureTask.run(FutureTask.java:264)
		at org.apache.tomcat.util.threads.InlineExecutorService.execute(InlineExecutorService.java:82)
		at java.base/java.util.concurrent.AbstractExecutorService.submit(AbstractExecutorService.java:140)
		at org.apache.catalina.core.ContainerBase.startInternal(ContainerBase.java:747)
		at org.apache.catalina.core.StandardEngine.startInternal(StandardEngine.java:209)
		at org.apache.catalina.util.LifecycleBase.start(LifecycleBase.java:164)
		at org.apache.catalina.core.StandardService.startInternal(StandardService.java:410)
		at org.apache.catalina.util.LifecycleBase.start(LifecycleBase.java:164)
		at org.apache.catalina.core.StandardServer.startInternal(StandardServer.java:872)
		at org.apache.catalina.util.LifecycleBase.start(LifecycleBase.java:164)
		at org.apache.catalina.startup.Catalina.start(Catalina.java:736)
		at java.base/jdk.internal.reflect.NativeMethodAccessorImpl.invoke0(Native Method)
		at java.base/jdk.internal.reflect.NativeMethodAccessorImpl.invoke(NativeMethodAccessorImpl.java:62)
		at java.base/jdk.internal.reflect.DelegatingMethodAccessorImpl.invoke(DelegatingMethodAccessorImpl.java:43)
		at java.base/java.lang.reflect.Method.invoke(Method.java:566)
		at org.apache.catalina.startup.Bootstrap.start(Bootstrap.java:342)
		at org.apache.catalina.startup.Bootstrap.main(Bootstrap.java:473)
	Caused by: java.lang.NullPointerException
		at java.base/java.lang.Class.forName0(Native Method)
		at java.base/java.lang.Class.forName(Class.java:315)
		at com.hmdm.guice.module.AbstractLiquibaseModule.getConnection(AbstractLiquibaseModule.java:122)
		... 51 more
08-Oct-2026 07:54:39.464 INFO [main] com.google.inject.internal.MessageProcessor.visit An exception was caught and reported. Message: java.lang.NullPointerException
	java.lang.RuntimeException: java.lang.NullPointerException
		at com.hmdm.guice.module.AbstractLiquibaseModule.getConnection(AbstractLiquibaseModule.java:130)
		at com.hmdm.guice.module.AbstractLiquibaseModule.configure(AbstractLiquibaseModule.java:70)
		at com.google.inject.AbstractModule.configure(AbstractModule.java:61)
		at com.google.inject.spi.Elements$RecordingBinder.install(Elements.java:344)
		at com.google.inject.spi.Elements.getElements(Elements.java:103)
		at com.google.inject.internal.InjectorShell$Builder.build(InjectorShell.java:137)
		at com.google.inject.internal.InternalInjectorCreator.build(InternalInjectorCreator.java:103)
		at com.google.inject.Guice.createInjector(Guice.java:87)
		at com.hmdm.guice.Initializer.getInjector(Initializer.java:62)
		at com.google.inject.servlet.GuiceServletContextListener.contextInitialized(GuiceServletContextListener.java:45)
		at com.hmdm.guice.Initializer.contextInitialized(Initializer.java:126)
		at org.apache.catalina.core.StandardContext.listenerStart(StandardContext.java:4047)
		at org.apache.catalina.core.StandardContext.startInternal(StandardContext.java:4489)
		at org.apache.catalina.util.LifecycleBase.start(LifecycleBase.java:164)
		at org.apache.catalina.core.ContainerBase.addChildInternal(ContainerBase.java:597)
		at org.apache.catalina.core.ContainerBase.addChild(ContainerBase.java:569)
		at org.apache.catalina.core.StandardHost.addChild(StandardHost.java:608)
		at org.apache.catalina.startup.HostConfig.deployDirectory(HostConfig.java:1171)
		at org.apache.catalina.startup.HostConfig$DeployDirectory.run(HostConfig.java:1880)
		at java.base/java.util.concurrent.Executors$RunnableAdapter.call(Executors.java:515)
		at java.base/java.util.concurrent.FutureTask.run(FutureTask.java:264)
		at org.apache.tomcat.util.threads.InlineExecutorService.execute(InlineExecutorService.java:82)
		at java.base/java.util.concurrent.AbstractExecutorService.submit(AbstractExecutorService.java:118)
		at org.apache.catalina.startup.HostConfig.deployDirectories(HostConfig.java:1082)
		at org.apache.catalina.startup.HostConfig.deployApps(HostConfig.java:467)
		at org.apache.catalina.startup.HostConfig.start(HostConfig.java:1576)
		at org.apache.catalina.startup.HostConfig.lifecycleEvent(HostConfig.java:309)
		at org.apache.catalina.util.LifecycleBase.fireLifecycleEvent(LifecycleBase.java:109)
		at org.apache.catalina.util.LifecycleBase.setStateInternal(LifecycleBase.java:389)
		at org.apache.catalina.util.LifecycleBase.setState(LifecycleBase.java:336)
		at org.apache.catalina.core.ContainerBase.startInternal(ContainerBase.java:774)
		at org.apache.catalina.core.StandardHost.startInternal(StandardHost.java:726)
		at org.apache.catalina.util.LifecycleBase.start(LifecycleBase.java:164)
		at org.apache.catalina.core.ContainerBase$StartChild.call(ContainerBase.java:1201)
		at org.apache.catalina.core.ContainerBase$StartChild.call(ContainerBase.java:1191)
		at java.base/java.util.concurrent.FutureTask.run(FutureTask.java:264)
		at org.apache.tomcat.util.threads.InlineExecutorService.execute(InlineExecutorService.java:82)
		at java.base/java.util.concurrent.AbstractExecutorService.submit(AbstractExecutorService.java:140)
		at org.apache.catalina.core.ContainerBase.startInternal(ContainerBase.java:747)
		at org.apache.catalina.core.StandardEngine.startInternal(StandardEngine.java:209)
		at org.apache.catalina.util.LifecycleBase.start(LifecycleBase.java:164)
		at org.apache.catalina.core.StandardService.startInternal(StandardService.java:410)
		at org.apache.catalina.util.LifecycleBase.start(LifecycleBase.java:164)
		at org.apache.catalina.core.StandardServer.startInternal(StandardServer.java:872)
		at org.apache.catalina.util.LifecycleBase.start(LifecycleBase.java:164)
		at org.apache.catalina.startup.Catalina.start(Catalina.java:736)
		at java.base/jdk.internal.reflect.NativeMethodAccessorImpl.invoke0(Native Method)
		at java.base/jdk.internal.reflect.NativeMethodAccessorImpl.invoke(NativeMethodAccessorImpl.java:62)
		at java.base/jdk.internal.reflect.DelegatingMethodAccessorImpl.invoke(DelegatingMethodAccessorImpl.java:43)
		at java.base/java.lang.reflect.Method.invoke(Method.java:566)
		at org.apache.catalina.startup.Bootstrap.start(Bootstrap.java:342)
		at org.apache.catalina.startup.Bootstrap.main(Bootstrap.java:473)
	Caused by: java.lang.NullPointerException
		at java.base/java.lang.Class.forName0(Native Method)
		at java.base/java.lang.Class.forName(Class.java:315)
		at com.hmdm.guice.module.AbstractLiquibaseModule.getConnection(AbstractLiquibaseModule.java:122)
		... 51 more
08-Oct-2026 07:54:40.054 INFO [main] nonapi.io.github.classgraph.classloaderhandler.lifecycle.ServletLifeCycleListener.contextInitialized Servlet context initialized
08-Oct-2026 07:54:40.054 SEVERE [main] org.apache.catalina.core.StandardContext.startInternal One or more listeners failed to start. Full details will be found in the appropriate container log file
08-Oct-2026 07:54:40.055 SEVERE [main] org.apache.catalina.core.StandardContext.startInternal Context [/ROOT.regredido-20261008-bkp] startup failed due to previous errors
08-Oct-2026 07:54:40.057 INFO [main] nonapi.io.github.classgraph.classloaderhandler.lifecycle.ServletLifeCycleListener.contextDestroyed Servlet context destroyed -- closing any remaning open ClassGraph ScanResult instances
08-Oct-2026 07:54:40.108 INFO [main] org.apache.catalina.startup.HostConfig.deployDirectory Deployment of web application directory [/usr/local/tomcat/webapps/ROOT.regredido-20261008-bkp] has finished in [3,720] ms
08-Oct-2026 07:54:40.114 INFO [main] org.apache.coyote.AbstractProtocol.start Starting ProtocolHandler ["http-nio-8080"]
08-Oct-2026 07:54:40.142 INFO [main] org.apache.catalina.startup.Catalina.start Server startup in [24773] milliseconds
08-Oct-2026 09:56:10.242 INFO [main] org.apache.catalina.startup.VersionLoggerListener.log Server version name:   Apache Tomcat/9.0.117
08-Oct-2026 09:56:10.245 INFO [main] org.apache.catalina.startup.VersionLoggerListener.log Server built:          Mar 30 2026 18:21:16 UTC
08-Oct-2026 09:56:10.246 INFO [main] org.apache.catalina.startup.VersionLoggerListener.log Server version number: 9.0.117.0
08-Oct-2026 09:56:10.246 INFO [main] org.apache.catalina.startup.VersionLoggerListener.log OS Name:               Linux
08-Oct-2026 09:56:10.247 INFO [main] org.apache.catalina.startup.VersionLoggerListener.log OS Version:            6.8.0-142-generic
08-Oct-2026 09:56:10.247 INFO [main] org.apache.catalina.startup.VersionLoggerListener.log Architecture:          amd64
08-Oct-2026 09:56:10.247 INFO [main] org.apache.catalina.startup.VersionLoggerListener.log Java Home:             /opt/java/openjdk
08-Oct-2026 09:56:10.247 INFO [main] org.apache.catalina.startup.VersionLoggerListener.log JVM Version:           11.0.31+11
08-Oct-2026 09:56:10.247 INFO [main] org.apache.catalina.startup.VersionLoggerListener.log JVM Vendor:            Eclipse Adoptium
08-Oct-2026 09:56:10.247 INFO [main] org.apache.catalina.startup.VersionLoggerListener.log CATALINA_BASE:         /usr/local/tomcat
08-Oct-2026 09:56:10.247 INFO [main] org.apache.catalina.startup.VersionLoggerListener.log CATALINA_HOME:         /usr/local/tomcat
08-Oct-2026 09:56:10.836 INFO [main] org.apache.catalina.startup.VersionLoggerListener.log Command line argument: --add-opens=java.base/java.lang=ALL-UNNAMED
08-Oct-2026 09:56:10.836 INFO [main] org.apache.catalina.startup.VersionLoggerListener.log Command line argument: --add-opens=java.base/java.lang.invoke=ALL-UNNAMED
08-Oct-2026 09:56:10.836 INFO [main] org.apache.catalina.startup.VersionLoggerListener.log Command line argument: --add-opens=java.base/java.lang.reflect=ALL-UNNAMED
08-Oct-2026 09:56:10.836 INFO [main] org.apache.catalina.startup.VersionLoggerListener.log Command line argument: --add-opens=java.base/java.io=ALL-UNNAMED
08-Oct-2026 09:56:10.836 INFO [main] org.apache.catalina.startup.VersionLoggerListener.log Command line argument: --add-opens=java.base/java.util=ALL-UNNAMED
08-Oct-2026 09:56:10.837 INFO [main] org.apache.catalina.startup.VersionLoggerListener.log Command line argument: --add-opens=java.base/java.util.concurrent=ALL-UNNAMED
08-Oct-2026 09:56:10.837 INFO [main] org.apache.catalina.startup.VersionLoggerListener.log Command line argument: --add-opens=java.rmi/sun.rmi.transport=ALL-UNNAMED
08-Oct-2026 09:56:10.837 INFO [main] org.apache.catalina.startup.VersionLoggerListener.log Command line argument: -Djava.util.logging.config.file=/usr/local/tomcat/conf/logging.properties
08-Oct-2026 09:56:10.838 INFO [main] org.apache.catalina.startup.VersionLoggerListener.log Command line argument: -Djava.util.logging.manager=org.apache.juli.ClassLoaderLogManager
08-Oct-2026 09:56:10.838 INFO [main] org.apache.catalina.startup.VersionLoggerListener.log Command line argument: -Djdk.tls.ephemeralDHKeySize=2048
08-Oct-2026 09:56:10.838 INFO [main] org.apache.catalina.startup.VersionLoggerListener.log Command line argument: -Djava.protocol.handler.pkgs=org.apache.catalina.webresources
08-Oct-2026 09:56:10.838 INFO [main] org.apache.catalina.startup.VersionLoggerListener.log Command line argument: -Dsun.io.useCanonCaches=false
08-Oct-2026 09:56:10.838 INFO [main] org.apache.catalina.startup.VersionLoggerListener.log Command line argument: -Dorg.apache.catalina.security.SecurityListener.UMASK=0022
08-Oct-2026 09:56:10.838 INFO [main] org.apache.catalina.startup.VersionLoggerListener.log Command line argument: -Dignore.endorsed.dirs=
08-Oct-2026 09:56:10.839 INFO [main] org.apache.catalina.startup.VersionLoggerListener.log Command line argument: -Dcatalina.base=/usr/local/tomcat
08-Oct-2026 09:56:10.839 INFO [main] org.apache.catalina.startup.VersionLoggerListener.log Command line argument: -Dcatalina.home=/usr/local/tomcat
08-Oct-2026 09:56:10.839 INFO [main] org.apache.catalina.startup.VersionLoggerListener.log Command line argument: -Djava.io.tmpdir=/usr/local/tomcat/temp
08-Oct-2026 09:56:11.436 INFO [main] org.apache.catalina.core.AprLifecycleListener.lifecycleEvent Loaded Apache Tomcat Native library [1.3.7] using APR version [1.7.0].
08-Oct-2026 09:56:11.436 INFO [main] org.apache.catalina.core.AprLifecycleListener.lifecycleEvent APR capabilities: IPv6 [true], sendfile [true], accept filters [false], random [true], UDS [true].
08-Oct-2026 09:56:11.437 INFO [main] org.apache.catalina.core.AprLifecycleListener.lifecycleEvent APR/OpenSSL configuration: useAprConnector [false], useOpenSSL [true]
08-Oct-2026 09:56:11.441 INFO [main] org.apache.catalina.core.AprLifecycleListener.initializeSSL OpenSSL successfully initialized [OpenSSL 3.0.2 15 Mar 2022]
08-Oct-2026 09:56:15.618 INFO [main] org.apache.coyote.AbstractProtocol.init Initializing ProtocolHandler ["http-nio-8080"]
08-Oct-2026 09:56:16.438 INFO [main] org.apache.catalina.startup.Catalina.load Server initialization in [11999] milliseconds
08-Oct-2026 09:56:18.082 INFO [main] org.apache.catalina.core.StandardService.startInternal Starting service [Catalina]
08-Oct-2026 09:56:18.082 INFO [main] org.apache.catalina.core.StandardEngine.startInternal Starting Servlet engine: [Apache Tomcat/9.0.117]
08-Oct-2026 09:56:18.091 INFO [main] org.apache.catalina.startup.HostConfig.deployDescriptor Deploying deployment descriptor [/usr/local/tomcat/conf/Catalina/localhost/ROOT.xml]
08-Oct-2026 09:56:18.282 WARNING [main] org.apache.catalina.startup.HostConfig.deployDescriptor A docBase [/usr/local/tomcat/webapps/ROOT] inside the host appBase has been specified, and will be ignored
08-Oct-2026 09:57:06.744 INFO [main] org.apache.jasper.servlet.TldScanner.scanJars At least one JAR was scanned for TLDs yet contained no TLDs. Enable debug logging for this logger for a complete list of JARs that were scanned but no TLDs were found in them. Skipping unneeded JARs during scanning can improve startup time and JSP compilation time.
08-Oct-2026 09:57:38.951 INFO [main] nonapi.io.github.classgraph.classloaderhandler.lifecycle.ServletLifeCycleListener.contextInitialized Servlet context initialized
08-Oct-2026 09:57:39.157 WARNING [main] org.apache.catalina.util.SessionIdGeneratorBase.createSecureRandom Creation of SecureRandom instance for session ID generation using [SHA1PRNG] took [195] milliseconds.
08-Oct-2026 09:57:44.386 INFO [main] org.apache.catalina.startup.HostConfig.deployDescriptor Deployment of deployment descriptor [/usr/local/tomcat/conf/Catalina/localhost/ROOT.xml] has finished in [86,294] ms
08-Oct-2026 09:57:44.386 WARNING [main] org.apache.catalina.startup.HostConfig.deployWARs The directory [/usr/local/tomcat/webapps/ROOT] will be ignored because the WAR [/usr/local/tomcat/webapps/ROOT.war] takes priority and unpackWARs is false
08-Oct-2026 09:57:44.390 INFO [main] org.apache.coyote.AbstractProtocol.start Starting ProtocolHandler ["http-nio-8080"]
08-Oct-2026 09:57:44.448 INFO [main] org.apache.catalina.startup.Catalina.start Server startup in [88007] milliseconds
08-Oct-2026 09:59:14.724 INFO [main] org.apache.catalina.startup.VersionLoggerListener.log Server version name:   Apache Tomcat/9.0.117
08-Oct-2026 09:59:14.728 INFO [main] org.apache.catalina.startup.VersionLoggerListener.log Server built:          Mar 30 2026 18:21:16 UTC
08-Oct-2026 09:59:14.729 INFO [main] org.apache.catalina.startup.VersionLoggerListener.log Server version number: 9.0.117.0
08-Oct-2026 09:59:14.729 INFO [main] org.apache.catalina.startup.VersionLoggerListener.log OS Name:               Linux
08-Oct-2026 09:59:14.730 INFO [main] org.apache.catalina.startup.VersionLoggerListener.log OS Version:            6.8.0-142-generic
08-Oct-2026 09:59:14.730 INFO [main] org.apache.catalina.startup.VersionLoggerListener.log Architecture:          amd64
08-Oct-2026 09:59:14.730 INFO [main] org.apache.catalina.startup.VersionLoggerListener.log Java Home:             /opt/java/openjdk
08-Oct-2026 09:59:14.731 INFO [main] org.apache.catalina.startup.VersionLoggerListener.log JVM Version:           11.0.31+11
08-Oct-2026 09:59:14.731 INFO [main] org.apache.catalina.startup.VersionLoggerListener.log JVM Vendor:            Eclipse Adoptium
08-Oct-2026 09:59:14.731 INFO [main] org.apache.catalina.startup.VersionLoggerListener.log CATALINA_BASE:         /usr/local/tomcat
08-Oct-2026 09:59:14.731 INFO [main] org.apache.catalina.startup.VersionLoggerListener.log CATALINA_HOME:         /usr/local/tomcat
08-Oct-2026 09:59:14.753 INFO [main] org.apache.catalina.startup.VersionLoggerListener.log Command line argument: --add-opens=java.base/java.lang=ALL-UNNAMED
08-Oct-2026 09:59:14.753 INFO [main] org.apache.catalina.startup.VersionLoggerListener.log Command line argument: --add-opens=java.base/java.lang.invoke=ALL-UNNAMED
08-Oct-2026 09:59:14.753 INFO [main] org.apache.catalina.startup.VersionLoggerListener.log Command line argument: --add-opens=java.base/java.lang.reflect=ALL-UNNAMED
08-Oct-2026 09:59:14.754 INFO [main] org.apache.catalina.startup.VersionLoggerListener.log Command line argument: --add-opens=java.base/java.io=ALL-UNNAMED
08-Oct-2026 09:59:14.754 INFO [main] org.apache.catalina.startup.VersionLoggerListener.log Command line argument: --add-opens=java.base/java.util=ALL-UNNAMED
08-Oct-2026 09:59:14.754 INFO [main] org.apache.catalina.startup.VersionLoggerListener.log Command line argument: --add-opens=java.base/java.util.concurrent=ALL-UNNAMED
08-Oct-2026 09:59:14.754 INFO [main] org.apache.catalina.startup.VersionLoggerListener.log Command line argument: --add-opens=java.rmi/sun.rmi.transport=ALL-UNNAMED
08-Oct-2026 09:59:14.754 INFO [main] org.apache.catalina.startup.VersionLoggerListener.log Command line argument: -Djava.util.logging.config.file=/usr/local/tomcat/conf/logging.properties
08-Oct-2026 09:59:14.754 INFO [main] org.apache.catalina.startup.VersionLoggerListener.log Command line argument: -Djava.util.logging.manager=org.apache.juli.ClassLoaderLogManager
08-Oct-2026 09:59:14.755 INFO [main] org.apache.catalina.startup.VersionLoggerListener.log Command line argument: -Djdk.tls.ephemeralDHKeySize=2048
08-Oct-2026 09:59:14.755 INFO [main] org.apache.catalina.startup.VersionLoggerListener.log Command line argument: -Djava.protocol.handler.pkgs=org.apache.catalina.webresources
08-Oct-2026 09:59:14.755 INFO [main] org.apache.catalina.startup.VersionLoggerListener.log Command line argument: -Dsun.io.useCanonCaches=false
08-Oct-2026 09:59:14.755 INFO [main] org.apache.catalina.startup.VersionLoggerListener.log Command line argument: -Dorg.apache.catalina.security.SecurityListener.UMASK=0022
08-Oct-2026 09:59:14.755 INFO [main] org.apache.catalina.startup.VersionLoggerListener.log Command line argument: -Dignore.endorsed.dirs=
08-Oct-2026 09:59:14.756 INFO [main] org.apache.catalina.startup.VersionLoggerListener.log Command line argument: -Dcatalina.base=/usr/local/tomcat
08-Oct-2026 09:59:14.756 INFO [main] org.apache.catalina.startup.VersionLoggerListener.log Command line argument: -Dcatalina.home=/usr/local/tomcat
08-Oct-2026 09:59:14.757 INFO [main] org.apache.catalina.startup.VersionLoggerListener.log Command line argument: -Djava.io.tmpdir=/usr/local/tomcat/temp
08-Oct-2026 09:59:14.764 INFO [main] org.apache.catalina.core.AprLifecycleListener.lifecycleEvent Loaded Apache Tomcat Native library [1.3.7] using APR version [1.7.0].
08-Oct-2026 09:59:14.765 INFO [main] org.apache.catalina.core.AprLifecycleListener.lifecycleEvent APR capabilities: IPv6 [true], sendfile [true], accept filters [false], random [true], UDS [true].
08-Oct-2026 09:59:14.765 INFO [main] org.apache.catalina.core.AprLifecycleListener.lifecycleEvent APR/OpenSSL configuration: useAprConnector [false], useOpenSSL [true]
08-Oct-2026 09:59:14.771 INFO [main] org.apache.catalina.core.AprLifecycleListener.initializeSSL OpenSSL successfully initialized [OpenSSL 3.0.2 15 Mar 2022]
08-Oct-2026 09:59:15.330 INFO [main] org.apache.coyote.AbstractProtocol.init Initializing ProtocolHandler ["http-nio-8080"]
08-Oct-2026 09:59:15.374 INFO [main] org.apache.catalina.startup.Catalina.load Server initialization in [950] milliseconds
08-Oct-2026 09:59:15.465 INFO [main] org.apache.catalina.core.StandardService.startInternal Starting service [Catalina]
08-Oct-2026 09:59:15.465 INFO [main] org.apache.catalina.core.StandardEngine.startInternal Starting Servlet engine: [Apache Tomcat/9.0.117]
08-Oct-2026 09:59:15.478 INFO [main] org.apache.catalina.startup.HostConfig.deployDescriptor Deploying deployment descriptor [/usr/local/tomcat/conf/Catalina/localhost/ROOT.xml]
08-Oct-2026 09:59:15.514 WARNING [main] org.apache.catalina.startup.HostConfig.deployDescriptor A docBase [/usr/local/tomcat/webapps/ROOT] inside the host appBase has been specified, and will be ignored
08-Oct-2026 10:00:40.226 INFO [main] org.apache.jasper.servlet.TldScanner.scanJars At least one JAR was scanned for TLDs yet contained no TLDs. Enable debug logging for this logger for a complete list of JARs that were scanned but no TLDs were found in them. Skipping unneeded JARs during scanning can improve startup time and JSP compilation time.
08-Oct-2026 10:01:00.928 INFO [main] com.google.inject.internal.MessageProcessor.visit An exception was caught and reported. Message: liquibase.exception.UnexpectedLiquibaseException: Cannot find LockService for unsupported
	liquibase.exception.UnexpectedLiquibaseException: Cannot find LockService for unsupported
		at liquibase.lockservice.LockServiceFactory.getLockService(LockServiceFactory.java:74)
		at liquibase.Liquibase.update(Liquibase.java:183)
		at liquibase.Liquibase.update(Liquibase.java:179)
		at liquibase.Liquibase.update(Liquibase.java:175)
		at liquibase.Liquibase.update(Liquibase.java:168)
		at com.hmdm.guice.module.AbstractLiquibaseModule.configure(AbstractLiquibaseModule.java:75)
		at com.google.inject.AbstractModule.configure(AbstractModule.java:61)
		at com.google.inject.spi.Elements$RecordingBinder.install(Elements.java:344)
		at com.google.inject.spi.Elements.getElements(Elements.java:103)
		at com.google.inject.internal.InjectorShell$Builder.build(InjectorShell.java:137)
		at com.google.inject.internal.InternalInjectorCreator.build(InternalInjectorCreator.java:103)
		at com.google.inject.Guice.createInjector(Guice.java:87)
		at com.hmdm.guice.Initializer.getInjector(Initializer.java:62)
		at com.google.inject.servlet.GuiceServletContextListener.contextInitialized(GuiceServletContextListener.java:45)
		at com.hmdm.guice.Initializer.contextInitialized(Initializer.java:126)
		at org.apache.catalina.core.StandardContext.listenerStart(StandardContext.java:4047)
		at org.apache.catalina.core.StandardContext.startInternal(StandardContext.java:4489)
		at org.apache.catalina.util.LifecycleBase.start(LifecycleBase.java:164)
		at org.apache.catalina.core.ContainerBase.addChildInternal(ContainerBase.java:597)
		at org.apache.catalina.core.ContainerBase.addChild(ContainerBase.java:569)
		at org.apache.catalina.core.StandardHost.addChild(StandardHost.java:608)
		at org.apache.catalina.startup.HostConfig.deployDescriptor(HostConfig.java:677)
		at org.apache.catalina.startup.HostConfig$DeployDescriptor.run(HostConfig.java:1836)
		at java.base/java.util.concurrent.Executors$RunnableAdapter.call(Executors.java:515)
		at java.base/java.util.concurrent.FutureTask.run(FutureTask.java:264)
		at org.apache.tomcat.util.threads.InlineExecutorService.execute(InlineExecutorService.java:82)
		at java.base/java.util.concurrent.AbstractExecutorService.submit(AbstractExecutorService.java:118)
		at org.apache.catalina.startup.HostConfig.deployDescriptors(HostConfig.java:572)
		at org.apache.catalina.startup.HostConfig.deployApps(HostConfig.java:463)
		at org.apache.catalina.startup.HostConfig.start(HostConfig.java:1576)
		at org.apache.catalina.startup.HostConfig.lifecycleEvent(HostConfig.java:309)
		at org.apache.catalina.util.LifecycleBase.fireLifecycleEvent(LifecycleBase.java:109)
		at org.apache.catalina.util.LifecycleBase.setStateInternal(LifecycleBase.java:389)
		at org.apache.catalina.util.LifecycleBase.setState(LifecycleBase.java:336)
		at org.apache.catalina.core.ContainerBase.startInternal(ContainerBase.java:774)
		at org.apache.catalina.core.StandardHost.startInternal(StandardHost.java:726)
		at org.apache.catalina.util.LifecycleBase.start(LifecycleBase.java:164)
		at org.apache.catalina.core.ContainerBase$StartChild.call(ContainerBase.java:1201)
		at org.apache.catalina.core.ContainerBase$StartChild.call(ContainerBase.java:1191)
		at java.base/java.util.concurrent.FutureTask.run(FutureTask.java:264)
		at org.apache.tomcat.util.threads.InlineExecutorService.execute(InlineExecutorService.java:82)
		at java.base/java.util.concurrent.AbstractExecutorService.submit(AbstractExecutorService.java:140)
		at org.apache.catalina.core.ContainerBase.startInternal(ContainerBase.java:747)
		at org.apache.catalina.core.StandardEngine.startInternal(StandardEngine.java:209)
		at org.apache.catalina.util.LifecycleBase.start(LifecycleBase.java:164)
		at org.apache.catalina.core.StandardService.startInternal(StandardService.java:410)
		at org.apache.catalina.util.LifecycleBase.start(LifecycleBase.java:164)
		at org.apache.catalina.core.StandardServer.startInternal(StandardServer.java:872)
		at org.apache.catalina.util.LifecycleBase.start(LifecycleBase.java:164)
		at org.apache.catalina.startup.Catalina.start(Catalina.java:736)
		at java.base/jdk.internal.reflect.NativeMethodAccessorImpl.invoke0(Native Method)
		at java.base/jdk.internal.reflect.NativeMethodAccessorImpl.invoke(NativeMethodAccessorImpl.java:62)
		at java.base/jdk.internal.reflect.DelegatingMethodAccessorImpl.invoke(DelegatingMethodAccessorImpl.java:43)
		at java.base/java.lang.reflect.Method.invoke(Method.java:566)
		at org.apache.catalina.startup.Bootstrap.start(Bootstrap.java:342)
		at org.apache.catalina.startup.Bootstrap.main(Bootstrap.java:473)
08-Oct-2026 10:01:00.930 INFO [main] com.google.inject.internal.MessageProcessor.visit An exception was caught and reported. Message: liquibase.exception.UnexpectedLiquibaseException: Cannot find LockService for unsupported
	liquibase.exception.UnexpectedLiquibaseException: Cannot find LockService for unsupported
		at liquibase.lockservice.LockServiceFactory.getLockService(LockServiceFactory.java:74)
		at liquibase.Liquibase.update(Liquibase.java:183)
		at liquibase.Liquibase.update(Liquibase.java:179)
		at liquibase.Liquibase.update(Liquibase.java:175)
		at liquibase.Liquibase.update(Liquibase.java:168)
		at com.hmdm.guice.module.AbstractLiquibaseModule.configure(AbstractLiquibaseModule.java:75)
		at com.google.inject.AbstractModule.configure(AbstractModule.java:61)
		at com.google.inject.spi.Elements$RecordingBinder.install(Elements.java:344)
		at com.google.inject.spi.Elements.getElements(Elements.java:103)
		at com.google.inject.internal.InjectorShell$Builder.build(InjectorShell.java:137)
		at com.google.inject.internal.InternalInjectorCreator.build(InternalInjectorCreator.java:103)
		at com.google.inject.Guice.createInjector(Guice.java:87)
		at com.hmdm.guice.Initializer.getInjector(Initializer.java:62)
		at com.google.inject.servlet.GuiceServletContextListener.contextInitialized(GuiceServletContextListener.java:45)
		at com.hmdm.guice.Initializer.contextInitialized(Initializer.java:126)
		at org.apache.catalina.core.StandardContext.listenerStart(StandardContext.java:4047)
		at org.apache.catalina.core.StandardContext.startInternal(StandardContext.java:4489)
		at org.apache.catalina.util.LifecycleBase.start(LifecycleBase.java:164)
		at org.apache.catalina.core.ContainerBase.addChildInternal(ContainerBase.java:597)
		at org.apache.catalina.core.ContainerBase.addChild(ContainerBase.java:569)
		at org.apache.catalina.core.StandardHost.addChild(StandardHost.java:608)
		at org.apache.catalina.startup.HostConfig.deployDescriptor(HostConfig.java:677)
		at org.apache.catalina.startup.HostConfig$DeployDescriptor.run(HostConfig.java:1836)
		at java.base/java.util.concurrent.Executors$RunnableAdapter.call(Executors.java:515)
		at java.base/java.util.concurrent.FutureTask.run(FutureTask.java:264)
		at org.apache.tomcat.util.threads.InlineExecutorService.execute(InlineExecutorService.java:82)
		at java.base/java.util.concurrent.AbstractExecutorService.submit(AbstractExecutorService.java:118)
		at org.apache.catalina.startup.HostConfig.deployDescriptors(HostConfig.java:572)
		at org.apache.catalina.startup.HostConfig.deployApps(HostConfig.java:463)
		at org.apache.catalina.startup.HostConfig.start(HostConfig.java:1576)
		at org.apache.catalina.startup.HostConfig.lifecycleEvent(HostConfig.java:309)
		at org.apache.catalina.util.LifecycleBase.fireLifecycleEvent(LifecycleBase.java:109)
		at org.apache.catalina.util.LifecycleBase.setStateInternal(LifecycleBase.java:389)
		at org.apache.catalina.util.LifecycleBase.setState(LifecycleBase.java:336)
		at org.apache.catalina.core.ContainerBase.startInternal(ContainerBase.java:774)
		at org.apache.catalina.core.StandardHost.startInternal(StandardHost.java:726)
		at org.apache.catalina.util.LifecycleBase.start(LifecycleBase.java:164)
		at org.apache.catalina.core.ContainerBase$StartChild.call(ContainerBase.java:1201)
		at org.apache.catalina.core.ContainerBase$StartChild.call(ContainerBase.java:1191)
		at java.base/java.util.concurrent.FutureTask.run(FutureTask.java:264)
		at org.apache.tomcat.util.threads.InlineExecutorService.execute(InlineExecutorService.java:82)
		at java.base/java.util.concurrent.AbstractExecutorService.submit(AbstractExecutorService.java:140)
		at org.apache.catalina.core.ContainerBase.startInternal(ContainerBase.java:747)
		at org.apache.catalina.core.StandardEngine.startInternal(StandardEngine.java:209)
		at org.apache.catalina.util.LifecycleBase.start(LifecycleBase.java:164)
		at org.apache.catalina.core.StandardService.startInternal(StandardService.java:410)
		at org.apache.catalina.util.LifecycleBase.start(LifecycleBase.java:164)
		at org.apache.catalina.core.StandardServer.startInternal(StandardServer.java:872)
		at org.apache.catalina.util.LifecycleBase.start(LifecycleBase.java:164)
		at org.apache.catalina.startup.Catalina.start(Catalina.java:736)
		at java.base/jdk.internal.reflect.NativeMethodAccessorImpl.invoke0(Native Method)
		at java.base/jdk.internal.reflect.NativeMethodAccessorImpl.invoke(NativeMethodAccessorImpl.java:62)
		at java.base/jdk.internal.reflect.DelegatingMethodAccessorImpl.invoke(DelegatingMethodAccessorImpl.java:43)
		at java.base/java.lang.reflect.Method.invoke(Method.java:566)
		at org.apache.catalina.startup.Bootstrap.start(Bootstrap.java:342)
		at org.apache.catalina.startup.Bootstrap.main(Bootstrap.java:473)
08-Oct-2026 10:01:00.931 INFO [main] com.google.inject.internal.MessageProcessor.visit An exception was caught and reported. Message: liquibase.exception.UnexpectedLiquibaseException: Cannot find LockService for unsupported
	liquibase.exception.UnexpectedLiquibaseException: Cannot find LockService for unsupported
		at liquibase.lockservice.LockServiceFactory.getLockService(LockServiceFactory.java:74)
		at liquibase.Liquibase.update(Liquibase.java:183)
		at liquibase.Liquibase.update(Liquibase.java:179)
		at liquibase.Liquibase.update(Liquibase.java:175)
		at liquibase.Liquibase.update(Liquibase.java:168)
		at com.hmdm.guice.module.AbstractLiquibaseModule.configure(AbstractLiquibaseModule.java:75)
		at com.google.inject.AbstractModule.configure(AbstractModule.java:61)
		at com.google.inject.spi.Elements$RecordingBinder.install(Elements.java:344)
		at com.google.inject.spi.Elements.getElements(Elements.java:103)
		at com.google.inject.internal.InjectorShell$Builder.build(InjectorShell.java:137)
		at com.google.inject.internal.InternalInjectorCreator.build(InternalInjectorCreator.java:103)
		at com.google.inject.Guice.createInjector(Guice.java:87)
		at com.hmdm.guice.Initializer.getInjector(Initializer.java:62)
		at com.google.inject.servlet.GuiceServletContextListener.contextInitialized(GuiceServletContextListener.java:45)
		at com.hmdm.guice.Initializer.contextInitialized(Initializer.java:126)
		at org.apache.catalina.core.StandardContext.listenerStart(StandardContext.java:4047)
		at org.apache.catalina.core.StandardContext.startInternal(StandardContext.java:4489)
		at org.apache.catalina.util.LifecycleBase.start(LifecycleBase.java:164)
		at org.apache.catalina.core.ContainerBase.addChildInternal(ContainerBase.java:597)
		at org.apache.catalina.core.ContainerBase.addChild(ContainerBase.java:569)
		at org.apache.catalina.core.StandardHost.addChild(StandardHost.java:608)
		at org.apache.catalina.startup.HostConfig.deployDescriptor(HostConfig.java:677)
		at org.apache.catalina.startup.HostConfig$DeployDescriptor.run(HostConfig.java:1836)
		at java.base/java.util.concurrent.Executors$RunnableAdapter.call(Executors.java:515)
		at java.base/java.util.concurrent.FutureTask.run(FutureTask.java:264)
		at org.apache.tomcat.util.threads.InlineExecutorService.execute(InlineExecutorService.java:82)
		at java.base/java.util.concurrent.AbstractExecutorService.submit(AbstractExecutorService.java:118)
		at org.apache.catalina.startup.HostConfig.deployDescriptors(HostConfig.java:572)
		at org.apache.catalina.startup.HostConfig.deployApps(HostConfig.java:463)
		at org.apache.catalina.startup.HostConfig.start(HostConfig.java:1576)
		at org.apache.catalina.startup.HostConfig.lifecycleEvent(HostConfig.java:309)
		at org.apache.catalina.util.LifecycleBase.fireLifecycleEvent(LifecycleBase.java:109)
		at org.apache.catalina.util.LifecycleBase.setStateInternal(LifecycleBase.java:389)
		at org.apache.catalina.util.LifecycleBase.setState(LifecycleBase.java:336)
		at org.apache.catalina.core.ContainerBase.startInternal(ContainerBase.java:774)
		at org.apache.catalina.core.StandardHost.startInternal(StandardHost.java:726)
		at org.apache.catalina.util.LifecycleBase.start(LifecycleBase.java:164)
		at org.apache.catalina.core.ContainerBase$StartChild.call(ContainerBase.java:1201)
		at org.apache.catalina.core.ContainerBase$StartChild.call(ContainerBase.java:1191)
		at java.base/java.util.concurrent.FutureTask.run(FutureTask.java:264)
		at org.apache.tomcat.util.threads.InlineExecutorService.execute(InlineExecutorService.java:82)
		at java.base/java.util.concurrent.AbstractExecutorService.submit(AbstractExecutorService.java:140)
		at org.apache.catalina.core.ContainerBase.startInternal(ContainerBase.java:747)
		at org.apache.catalina.core.StandardEngine.startInternal(StandardEngine.java:209)
		at org.apache.catalina.util.LifecycleBase.start(LifecycleBase.java:164)
		at org.apache.catalina.core.StandardService.startInternal(StandardService.java:410)
		at org.apache.catalina.util.LifecycleBase.start(LifecycleBase.java:164)
		at org.apache.catalina.core.StandardServer.startInternal(StandardServer.java:872)
		at org.apache.catalina.util.LifecycleBase.start(LifecycleBase.java:164)
		at org.apache.catalina.startup.Catalina.start(Catalina.java:736)
		at java.base/jdk.internal.reflect.NativeMethodAccessorImpl.invoke0(Native Method)
		at java.base/jdk.internal.reflect.NativeMethodAccessorImpl.invoke(NativeMethodAccessorImpl.java:62)
		at java.base/jdk.internal.reflect.DelegatingMethodAccessorImpl.invoke(DelegatingMethodAccessorImpl.java:43)
		at java.base/java.lang.reflect.Method.invoke(Method.java:566)
		at org.apache.catalina.startup.Bootstrap.start(Bootstrap.java:342)
		at org.apache.catalina.startup.Bootstrap.main(Bootstrap.java:473)
08-Oct-2026 10:01:02.979 INFO [main] nonapi.io.github.classgraph.classloaderhandler.lifecycle.ServletLifeCycleListener.contextInitialized Servlet context initialized
08-Oct-2026 10:01:02.981 SEVERE [main] org.apache.catalina.core.StandardContext.startInternal One or more listeners failed to start. Full details will be found in the appropriate container log file
08-Oct-2026 10:01:03.133 WARNING [main] org.apache.catalina.util.SessionIdGeneratorBase.createSecureRandom Creation of SecureRandom instance for session ID generation using [SHA1PRNG] took [150] milliseconds.
08-Oct-2026 10:01:03.134 SEVERE [main] org.apache.catalina.core.StandardContext.startInternal Context [] startup failed due to previous errors
08-Oct-2026 10:01:03.135 INFO [main] nonapi.io.github.classgraph.classloaderhandler.lifecycle.ServletLifeCycleListener.contextDestroyed Servlet context destroyed -- closing any remaning open ClassGraph ScanResult instances
08-Oct-2026 10:01:03.139 WARNING [main] org.apache.catalina.loader.WebappClassLoaderBase.clearReferencesJdbc The web application [ROOT] registered the JDBC driver [org.postgresql.Driver] but failed to unregister it when the web application was stopped. To prevent a memory leak, the JDBC Driver has been forcibly unregistered.
08-Oct-2026 10:01:03.508 INFO [main] org.apache.catalina.startup.HostConfig.deployDescriptor Deployment of deployment descriptor [/usr/local/tomcat/conf/Catalina/localhost/ROOT.xml] has finished in [108,030] ms
08-Oct-2026 10:01:03.513 INFO [main] org.apache.coyote.AbstractProtocol.start Starting ProtocolHandler ["http-nio-8080"]
08-Oct-2026 10:01:03.658 INFO [main] org.apache.catalina.startup.Catalina.start Server startup in [108284] milliseconds
08-Oct-2026 10:04:35.502 INFO [main] org.apache.catalina.startup.VersionLoggerListener.log Server version name:   Apache Tomcat/9.0.117
08-Oct-2026 10:04:35.506 INFO [main] org.apache.catalina.startup.VersionLoggerListener.log Server built:          Mar 30 2026 18:21:16 UTC
08-Oct-2026 10:04:35.506 INFO [main] org.apache.catalina.startup.VersionLoggerListener.log Server version number: 9.0.117.0
08-Oct-2026 10:04:35.506 INFO [main] org.apache.catalina.startup.VersionLoggerListener.log OS Name:               Linux
08-Oct-2026 10:04:35.506 INFO [main] org.apache.catalina.startup.VersionLoggerListener.log OS Version:            6.8.0-142-generic
08-Oct-2026 10:04:35.506 INFO [main] org.apache.catalina.startup.VersionLoggerListener.log Architecture:          amd64
08-Oct-2026 10:04:35.506 INFO [main] org.apache.catalina.startup.VersionLoggerListener.log Java Home:             /opt/java/openjdk
08-Oct-2026 10:04:35.506 INFO [main] org.apache.catalina.startup.VersionLoggerListener.log JVM Version:           11.0.31+11
08-Oct-2026 10:04:35.506 INFO [main] org.apache.catalina.startup.VersionLoggerListener.log JVM Vendor:            Eclipse Adoptium
08-Oct-2026 10:04:35.507 INFO [main] org.apache.catalina.startup.VersionLoggerListener.log CATALINA_BASE:         /usr/local/tomcat
08-Oct-2026 10:04:35.507 INFO [main] org.apache.catalina.startup.VersionLoggerListener.log CATALINA_HOME:         /usr/local/tomcat
08-Oct-2026 10:04:35.534 INFO [main] org.apache.catalina.startup.VersionLoggerListener.log Command line argument: --add-opens=java.base/java.lang=ALL-UNNAMED
08-Oct-2026 10:04:35.534 INFO [main] org.apache.catalina.startup.VersionLoggerListener.log Command line argument: --add-opens=java.base/java.lang.invoke=ALL-UNNAMED
08-Oct-2026 10:04:35.535 INFO [main] org.apache.catalina.startup.VersionLoggerListener.log Command line argument: --add-opens=java.base/java.lang.reflect=ALL-UNNAMED
08-Oct-2026 10:04:35.535 INFO [main] org.apache.catalina.startup.VersionLoggerListener.log Command line argument: --add-opens=java.base/java.io=ALL-UNNAMED
08-Oct-2026 10:04:35.536 INFO [main] org.apache.catalina.startup.VersionLoggerListener.log Command line argument: --add-opens=java.base/java.util=ALL-UNNAMED
08-Oct-2026 10:04:35.536 INFO [main] org.apache.catalina.startup.VersionLoggerListener.log Command line argument: --add-opens=java.base/java.util.concurrent=ALL-UNNAMED
08-Oct-2026 10:04:35.536 INFO [main] org.apache.catalina.startup.VersionLoggerListener.log Command line argument: --add-opens=java.rmi/sun.rmi.transport=ALL-UNNAMED
08-Oct-2026 10:04:35.537 INFO [main] org.apache.catalina.startup.VersionLoggerListener.log Command line argument: -Djava.util.logging.config.file=/usr/local/tomcat/conf/logging.properties
08-Oct-2026 10:04:35.537 INFO [main] org.apache.catalina.startup.VersionLoggerListener.log Command line argument: -Djava.util.logging.manager=org.apache.juli.ClassLoaderLogManager
08-Oct-2026 10:04:35.537 INFO [main] org.apache.catalina.startup.VersionLoggerListener.log Command line argument: -Djdk.tls.ephemeralDHKeySize=2048
08-Oct-2026 10:04:35.537 INFO [main] org.apache.catalina.startup.VersionLoggerListener.log Command line argument: -Djava.protocol.handler.pkgs=org.apache.catalina.webresources
08-Oct-2026 10:04:35.538 INFO [main] org.apache.catalina.startup.VersionLoggerListener.log Command line argument: -Dsun.io.useCanonCaches=false
08-Oct-2026 10:04:35.538 INFO [main] org.apache.catalina.startup.VersionLoggerListener.log Command line argument: -Dorg.apache.catalina.security.SecurityListener.UMASK=0022
08-Oct-2026 10:04:35.538 INFO [main] org.apache.catalina.startup.VersionLoggerListener.log Command line argument: -Dignore.endorsed.dirs=
08-Oct-2026 10:04:35.538 INFO [main] org.apache.catalina.startup.VersionLoggerListener.log Command line argument: -Dcatalina.base=/usr/local/tomcat
08-Oct-2026 10:04:35.539 INFO [main] org.apache.catalina.startup.VersionLoggerListener.log Command line argument: -Dcatalina.home=/usr/local/tomcat
08-Oct-2026 10:04:35.539 INFO [main] org.apache.catalina.startup.VersionLoggerListener.log Command line argument: -Djava.io.tmpdir=/usr/local/tomcat/temp
08-Oct-2026 10:04:35.843 INFO [main] org.apache.catalina.core.AprLifecycleListener.lifecycleEvent Loaded Apache Tomcat Native library [1.3.7] using APR version [1.7.0].
08-Oct-2026 10:04:35.843 INFO [main] org.apache.catalina.core.AprLifecycleListener.lifecycleEvent APR capabilities: IPv6 [true], sendfile [true], accept filters [false], random [true], UDS [true].
08-Oct-2026 10:04:35.843 INFO [main] org.apache.catalina.core.AprLifecycleListener.lifecycleEvent APR/OpenSSL configuration: useAprConnector [false], useOpenSSL [true]
08-Oct-2026 10:04:35.848 INFO [main] org.apache.catalina.core.AprLifecycleListener.initializeSSL OpenSSL successfully initialized [OpenSSL 3.0.2 15 Mar 2022]
08-Oct-2026 10:04:36.385 INFO [main] org.apache.coyote.AbstractProtocol.init Initializing ProtocolHandler ["http-nio-8080"]
08-Oct-2026 10:04:36.435 INFO [main] org.apache.catalina.startup.Catalina.load Server initialization in [1398] milliseconds
08-Oct-2026 10:04:36.680 INFO [main] org.apache.catalina.core.StandardService.startInternal Starting service [Catalina]
08-Oct-2026 10:04:36.681 INFO [main] org.apache.catalina.core.StandardEngine.startInternal Starting Servlet engine: [Apache Tomcat/9.0.117]
08-Oct-2026 10:04:36.693 INFO [main] org.apache.catalina.startup.HostConfig.deployDescriptor Deploying deployment descriptor [/usr/local/tomcat/conf/Catalina/localhost/ROOT.xml]
08-Oct-2026 10:04:36.724 WARNING [main] org.apache.catalina.startup.HostConfig.deployDescriptor A docBase [/usr/local/tomcat/webapps/ROOT] inside the host appBase has been specified, and will be ignored
08-Oct-2026 10:04:41.085 INFO [main] org.apache.jasper.servlet.TldScanner.scanJars At least one JAR was scanned for TLDs yet contained no TLDs. Enable debug logging for this logger for a complete list of JARs that were scanned but no TLDs were found in them. Skipping unneeded JARs during scanning can improve startup time and JSP compilation time.
08-Oct-2026 10:04:56.011 INFO [main] nonapi.io.github.classgraph.classloaderhandler.lifecycle.ServletLifeCycleListener.contextInitialized Servlet context initialized
08-Oct-2026 10:04:59.880 INFO [main] org.apache.catalina.startup.HostConfig.deployDescriptor Deployment of deployment descriptor [/usr/local/tomcat/conf/Catalina/localhost/ROOT.xml] has finished in [23,186] ms
08-Oct-2026 10:04:59.881 WARNING [main] org.apache.catalina.startup.HostConfig.deployWARs The directory [/usr/local/tomcat/webapps/ROOT] will be ignored because the WAR [/usr/local/tomcat/webapps/ROOT.war] takes priority and unpackWARs is false
08-Oct-2026 10:04:59.886 INFO [main] org.apache.coyote.AbstractProtocol.start Starting ProtocolHandler ["http-nio-8080"]
08-Oct-2026 10:04:59.934 INFO [main] org.apache.catalina.startup.Catalina.start Server startup in [23498] milliseconds
08-Oct-2026 10:10:03.422 INFO [main] org.apache.catalina.startup.VersionLoggerListener.log Server version name:   Apache Tomcat/9.0.117
08-Oct-2026 10:10:03.426 INFO [main] org.apache.catalina.startup.VersionLoggerListener.log Server built:          Mar 30 2026 18:21:16 UTC
08-Oct-2026 10:10:03.426 INFO [main] org.apache.catalina.startup.VersionLoggerListener.log Server version number: 9.0.117.0
08-Oct-2026 10:10:03.426 INFO [main] org.apache.catalina.startup.VersionLoggerListener.log OS Name:               Linux
08-Oct-2026 10:10:03.427 INFO [main] org.apache.catalina.startup.VersionLoggerListener.log OS Version:            6.8.0-142-generic
08-Oct-2026 10:10:03.427 INFO [main] org.apache.catalina.startup.VersionLoggerListener.log Architecture:          amd64
08-Oct-2026 10:10:03.427 INFO [main] org.apache.catalina.startup.VersionLoggerListener.log Java Home:             /opt/java/openjdk
08-Oct-2026 10:10:03.427 INFO [main] org.apache.catalina.startup.VersionLoggerListener.log JVM Version:           11.0.31+11
08-Oct-2026 10:10:03.428 INFO [main] org.apache.catalina.startup.VersionLoggerListener.log JVM Vendor:            Eclipse Adoptium
08-Oct-2026 10:10:03.428 INFO [main] org.apache.catalina.startup.VersionLoggerListener.log CATALINA_BASE:         /usr/local/tomcat
08-Oct-2026 10:10:03.429 INFO [main] org.apache.catalina.startup.VersionLoggerListener.log CATALINA_HOME:         /usr/local/tomcat
08-Oct-2026 10:10:03.452 INFO [main] org.apache.catalina.startup.VersionLoggerListener.log Command line argument: --add-opens=java.base/java.lang=ALL-UNNAMED
08-Oct-2026 10:10:03.453 INFO [main] org.apache.catalina.startup.VersionLoggerListener.log Command line argument: --add-opens=java.base/java.lang.invoke=ALL-UNNAMED
08-Oct-2026 10:10:03.453 INFO [main] org.apache.catalina.startup.VersionLoggerListener.log Command line argument: --add-opens=java.base/java.lang.reflect=ALL-UNNAMED
08-Oct-2026 10:10:03.453 INFO [main] org.apache.catalina.startup.VersionLoggerListener.log Command line argument: --add-opens=java.base/java.io=ALL-UNNAMED
08-Oct-2026 10:10:03.454 INFO [main] org.apache.catalina.startup.VersionLoggerListener.log Command line argument: --add-opens=java.base/java.util=ALL-UNNAMED
08-Oct-2026 10:10:03.454 INFO [main] org.apache.catalina.startup.VersionLoggerListener.log Command line argument: --add-opens=java.base/java.util.concurrent=ALL-UNNAMED
08-Oct-2026 10:10:03.454 INFO [main] org.apache.catalina.startup.VersionLoggerListener.log Command line argument: --add-opens=java.rmi/sun.rmi.transport=ALL-UNNAMED
08-Oct-2026 10:10:03.455 INFO [main] org.apache.catalina.startup.VersionLoggerListener.log Command line argument: -Djava.util.logging.config.file=/usr/local/tomcat/conf/logging.properties
08-Oct-2026 10:10:03.456 INFO [main] org.apache.catalina.startup.VersionLoggerListener.log Command line argument: -Djava.util.logging.manager=org.apache.juli.ClassLoaderLogManager
08-Oct-2026 10:10:03.456 INFO [main] org.apache.catalina.startup.VersionLoggerListener.log Command line argument: -Djdk.tls.ephemeralDHKeySize=2048
08-Oct-2026 10:10:03.456 INFO [main] org.apache.catalina.startup.VersionLoggerListener.log Command line argument: -Djava.protocol.handler.pkgs=org.apache.catalina.webresources
08-Oct-2026 10:10:03.456 INFO [main] org.apache.catalina.startup.VersionLoggerListener.log Command line argument: -Dsun.io.useCanonCaches=false
08-Oct-2026 10:10:03.456 INFO [main] org.apache.catalina.startup.VersionLoggerListener.log Command line argument: -Dorg.apache.catalina.security.SecurityListener.UMASK=0022
08-Oct-2026 10:10:03.457 INFO [main] org.apache.catalina.startup.VersionLoggerListener.log Command line argument: -Dignore.endorsed.dirs=
08-Oct-2026 10:10:03.457 INFO [main] org.apache.catalina.startup.VersionLoggerListener.log Command line argument: -Dcatalina.base=/usr/local/tomcat
08-Oct-2026 10:10:03.457 INFO [main] org.apache.catalina.startup.VersionLoggerListener.log Command line argument: -Dcatalina.home=/usr/local/tomcat
08-Oct-2026 10:10:03.457 INFO [main] org.apache.catalina.startup.VersionLoggerListener.log Command line argument: -Djava.io.tmpdir=/usr/local/tomcat/temp
08-Oct-2026 10:10:03.462 INFO [main] org.apache.catalina.core.AprLifecycleListener.lifecycleEvent Loaded Apache Tomcat Native library [1.3.7] using APR version [1.7.0].
08-Oct-2026 10:10:03.462 INFO [main] org.apache.catalina.core.AprLifecycleListener.lifecycleEvent APR capabilities: IPv6 [true], sendfile [true], accept filters [false], random [true], UDS [true].
08-Oct-2026 10:10:03.462 INFO [main] org.apache.catalina.core.AprLifecycleListener.lifecycleEvent APR/OpenSSL configuration: useAprConnector [false], useOpenSSL [true]
08-Oct-2026 10:10:03.467 INFO [main] org.apache.catalina.core.AprLifecycleListener.initializeSSL OpenSSL successfully initialized [OpenSSL 3.0.2 15 Mar 2022]
08-Oct-2026 10:10:03.969 INFO [main] org.apache.coyote.AbstractProtocol.init Initializing ProtocolHandler ["http-nio-8080"]
08-Oct-2026 10:10:04.011 INFO [main] org.apache.catalina.startup.Catalina.load Server initialization in [920] milliseconds
08-Oct-2026 10:10:04.180 INFO [main] org.apache.catalina.core.StandardService.startInternal Starting service [Catalina]
08-Oct-2026 10:10:04.180 INFO [main] org.apache.catalina.core.StandardEngine.startInternal Starting Servlet engine: [Apache Tomcat/9.0.117]
08-Oct-2026 10:10:04.194 INFO [main] org.apache.catalina.startup.HostConfig.deployDescriptor Deploying deployment descriptor [/usr/local/tomcat/conf/Catalina/localhost/ROOT.xml]
08-Oct-2026 10:10:04.232 WARNING [main] org.apache.catalina.startup.HostConfig.deployDescriptor A docBase [/usr/local/tomcat/webapps/ROOT] inside the host appBase has been specified, and will be ignored
08-Oct-2026 10:10:07.226 INFO [main] org.apache.jasper.servlet.TldScanner.scanJars At least one JAR was scanned for TLDs yet contained no TLDs. Enable debug logging for this logger for a complete list of JARs that were scanned but no TLDs were found in them. Skipping unneeded JARs during scanning can improve startup time and JSP compilation time.
08-Oct-2026 10:10:18.586 INFO [main] com.google.inject.internal.MessageProcessor.visit An exception was caught and reported. Message: java.nio.file.NoSuchFileException: /usr/local/tomcat/webapps/ROOT/WEB-INF/lib/devicelog-core-0.1.0.jar
	java.lang.RuntimeException: liquibase.exception.ChangeLogParseException: Error Reading Migration File: /usr/local/tomcat/webapps/ROOT/WEB-INF/lib/devicelog-core-0.1.0.jar
		at com.hmdm.guice.module.AbstractLiquibaseModule.configure(AbstractLiquibaseModule.java:78)
		at com.google.inject.AbstractModule.configure(AbstractModule.java:61)
		at com.google.inject.spi.Elements$RecordingBinder.install(Elements.java:344)
		at com.google.inject.spi.Elements.getElements(Elements.java:103)
		at com.google.inject.internal.InjectorShell$Builder.build(InjectorShell.java:137)
		at com.google.inject.internal.InternalInjectorCreator.build(InternalInjectorCreator.java:103)
		at com.google.inject.Guice.createInjector(Guice.java:87)
		at com.hmdm.guice.Initializer.getInjector(Initializer.java:62)
		at com.google.inject.servlet.GuiceServletContextListener.contextInitialized(GuiceServletContextListener.java:45)
		at com.hmdm.guice.Initializer.contextInitialized(Initializer.java:126)
		at org.apache.catalina.core.StandardContext.listenerStart(StandardContext.java:4047)
		at org.apache.catalina.core.StandardContext.startInternal(StandardContext.java:4489)
		at org.apache.catalina.util.LifecycleBase.start(LifecycleBase.java:164)
		at org.apache.catalina.core.ContainerBase.addChildInternal(ContainerBase.java:597)
		at org.apache.catalina.core.ContainerBase.addChild(ContainerBase.java:569)
		at org.apache.catalina.core.StandardHost.addChild(StandardHost.java:608)
		at org.apache.catalina.startup.HostConfig.deployDescriptor(HostConfig.java:677)
		at org.apache.catalina.startup.HostConfig$DeployDescriptor.run(HostConfig.java:1836)
		at java.base/java.util.concurrent.Executors$RunnableAdapter.call(Executors.java:515)
		at java.base/java.util.concurrent.FutureTask.run(FutureTask.java:264)
		at org.apache.tomcat.util.threads.InlineExecutorService.execute(InlineExecutorService.java:82)
		at java.base/java.util.concurrent.AbstractExecutorService.submit(AbstractExecutorService.java:118)
		at org.apache.catalina.startup.HostConfig.deployDescriptors(HostConfig.java:572)
		at org.apache.catalina.startup.HostConfig.deployApps(HostConfig.java:463)
		at org.apache.catalina.startup.HostConfig.start(HostConfig.java:1576)
		at org.apache.catalina.startup.HostConfig.lifecycleEvent(HostConfig.java:309)
		at org.apache.catalina.util.LifecycleBase.fireLifecycleEvent(LifecycleBase.java:109)
		at org.apache.catalina.util.LifecycleBase.setStateInternal(LifecycleBase.java:389)
		at org.apache.catalina.util.LifecycleBase.setState(LifecycleBase.java:336)
		at org.apache.catalina.core.ContainerBase.startInternal(ContainerBase.java:774)
		at org.apache.catalina.core.StandardHost.startInternal(StandardHost.java:726)
		at org.apache.catalina.util.LifecycleBase.start(LifecycleBase.java:164)
		at org.apache.catalina.core.ContainerBase$StartChild.call(ContainerBase.java:1201)
		at org.apache.catalina.core.ContainerBase$StartChild.call(ContainerBase.java:1191)
		at java.base/java.util.concurrent.FutureTask.run(FutureTask.java:264)
		at org.apache.tomcat.util.threads.InlineExecutorService.execute(InlineExecutorService.java:82)
		at java.base/java.util.concurrent.AbstractExecutorService.submit(AbstractExecutorService.java:140)
		at org.apache.catalina.core.ContainerBase.startInternal(ContainerBase.java:747)
		at org.apache.catalina.core.StandardEngine.startInternal(StandardEngine.java:209)
		at org.apache.catalina.util.LifecycleBase.start(LifecycleBase.java:164)
		at org.apache.catalina.core.StandardService.startInternal(StandardService.java:410)
		at org.apache.catalina.util.LifecycleBase.start(LifecycleBase.java:164)
		at org.apache.catalina.core.StandardServer.startInternal(StandardServer.java:872)
		at org.apache.catalina.util.LifecycleBase.start(LifecycleBase.java:164)
		at org.apache.catalina.startup.Catalina.start(Catalina.java:736)
		at java.base/jdk.internal.reflect.NativeMethodAccessorImpl.invoke0(Native Method)
		at java.base/jdk.internal.reflect.NativeMethodAccessorImpl.invoke(NativeMethodAccessorImpl.java:62)
		at java.base/jdk.internal.reflect.DelegatingMethodAccessorImpl.invoke(DelegatingMethodAccessorImpl.java:43)
		at java.base/java.lang.reflect.Method.invoke(Method.java:566)
		at org.apache.catalina.startup.Bootstrap.start(Bootstrap.java:342)
		at org.apache.catalina.startup.Bootstrap.main(Bootstrap.java:473)
	Caused by: liquibase.exception.ChangeLogParseException: Error Reading Migration File: /usr/local/tomcat/webapps/ROOT/WEB-INF/lib/devicelog-core-0.1.0.jar
		at liquibase.parser.core.xml.XMLChangeLogSAXParser.parseToNode(XMLChangeLogSAXParser.java:118)
		at liquibase.parser.core.xml.AbstractChangeLogParser.parse(AbstractChangeLogParser.java:15)
		at liquibase.Liquibase.getDatabaseChangeLog(Liquibase.java:217)
		at liquibase.Liquibase.update(Liquibase.java:190)
		at liquibase.Liquibase.update(Liquibase.java:179)
		at liquibase.Liquibase.update(Liquibase.java:175)
		at liquibase.Liquibase.update(Liquibase.java:168)
		at com.hmdm.guice.module.AbstractLiquibaseModule.configure(AbstractLiquibaseModule.java:75)
		... 50 more
	Caused by: java.nio.file.NoSuchFileException: /usr/local/tomcat/webapps/ROOT/WEB-INF/lib/devicelog-core-0.1.0.jar
		at java.base/sun.nio.fs.UnixException.translateToIOException(UnixException.java:92)
		at java.base/sun.nio.fs.UnixException.rethrowAsIOException(UnixException.java:111)
		at java.base/sun.nio.fs.UnixException.rethrowAsIOException(UnixException.java:116)
		at java.base/sun.nio.fs.UnixFileAttributeViews$Basic.readAttributes(UnixFileAttributeViews.java:55)
		at java.base/sun.nio.fs.UnixFileSystemProvider.readAttributes(UnixFileSystemProvider.java:149)
		at java.base/sun.nio.fs.LinuxFileSystemProvider.readAttributes(LinuxFileSystemProvider.java:99)
		at java.base/java.nio.file.Files.readAttributes(Files.java:1764)
		at java.base/java.util.zip.ZipFile$Source.get(ZipFile.java:1420)
		at java.base/java.util.zip.ZipFile$CleanableResource.<init>(ZipFile.java:841)
		at java.base/java.util.zip.ZipFile$CleanableResource$FinalizableResource.<init>(ZipFile.java:867)
		at java.base/java.util.zip.ZipFile$CleanableResource.get(ZipFile.java:856)
		at java.base/java.util.zip.ZipFile.<init>(ZipFile.java:258)
		at java.base/java.util.zip.ZipFile.<init>(ZipFile.java:187)
		at java.base/java.util.jar.JarFile.<init>(JarFile.java:348)
		at java.base/sun.net.www.protocol.jar.URLJarFile.<init>(URLJarFile.java:103)
		at java.base/sun.net.www.protocol.jar.URLJarFile.getJarFile(URLJarFile.java:72)
		at java.base/sun.net.www.protocol.jar.JarFileFactory.get(JarFileFactory.java:99)
		at java.base/sun.net.www.protocol.jar.JarURLConnection.connect(JarURLConnection.java:125)
		at java.base/sun.net.www.protocol.jar.JarURLConnection.getInputStream(JarURLConnection.java:155)
		at com.hmdm.guice.LiquibaseJARResourceAccessor.getResourcesAsStream(LiquibaseJARResourceAccessor.java:51)
		at com.hmdm.plugin.guice.module.PluginLiquibaseResourceAccessor.getResourcesAsStream(PluginLiquibaseResourceAccessor.java:47)
		at liquibase.util.StreamUtil.singleInputStream(StreamUtil.java:186)
		at liquibase.parser.core.xml.XMLChangeLogSAXParser.parseToNode(XMLChangeLogSAXParser.java:71)
		... 57 more
08-Oct-2026 10:10:18.593 INFO [main] com.google.inject.internal.MessageProcessor.visit An exception was caught and reported. Message: java.nio.file.NoSuchFileException: /usr/local/tomcat/webapps/ROOT/WEB-INF/lib/devicelog-postgres-0.1.0.jar
	java.lang.RuntimeException: liquibase.exception.ChangeLogParseException: Error Reading Migration File: /usr/local/tomcat/webapps/ROOT/WEB-INF/lib/devicelog-postgres-0.1.0.jar
		at com.hmdm.guice.module.AbstractLiquibaseModule.configure(AbstractLiquibaseModule.java:78)
		at com.google.inject.AbstractModule.configure(AbstractModule.java:61)
		at com.google.inject.spi.Elements$RecordingBinder.install(Elements.java:344)
		at com.google.inject.spi.Elements.getElements(Elements.java:103)
		at com.google.inject.internal.InjectorShell$Builder.build(InjectorShell.java:137)
		at com.google.inject.internal.InternalInjectorCreator.build(InternalInjectorCreator.java:103)
		at com.google.inject.Guice.createInjector(Guice.java:87)
		at com.hmdm.guice.Initializer.getInjector(Initializer.java:62)
		at com.google.inject.servlet.GuiceServletContextListener.contextInitialized(GuiceServletContextListener.java:45)
		at com.hmdm.guice.Initializer.contextInitialized(Initializer.java:126)
		at org.apache.catalina.core.StandardContext.listenerStart(StandardContext.java:4047)
		at org.apache.catalina.core.StandardContext.startInternal(StandardContext.java:4489)
		at org.apache.catalina.util.LifecycleBase.start(LifecycleBase.java:164)
		at org.apache.catalina.core.ContainerBase.addChildInternal(ContainerBase.java:597)
		at org.apache.catalina.core.ContainerBase.addChild(ContainerBase.java:569)
		at org.apache.catalina.core.StandardHost.addChild(StandardHost.java:608)
		at org.apache.catalina.startup.HostConfig.deployDescriptor(HostConfig.java:677)
		at org.apache.catalina.startup.HostConfig$DeployDescriptor.run(HostConfig.java:1836)
		at java.base/java.util.concurrent.Executors$RunnableAdapter.call(Executors.java:515)
		at java.base/java.util.concurrent.FutureTask.run(FutureTask.java:264)
		at org.apache.tomcat.util.threads.InlineExecutorService.execute(InlineExecutorService.java:82)
		at java.base/java.util.concurrent.AbstractExecutorService.submit(AbstractExecutorService.java:118)
		at org.apache.catalina.startup.HostConfig.deployDescriptors(HostConfig.java:572)
		at org.apache.catalina.startup.HostConfig.deployApps(HostConfig.java:463)
		at org.apache.catalina.startup.HostConfig.start(HostConfig.java:1576)
		at org.apache.catalina.startup.HostConfig.lifecycleEvent(HostConfig.java:309)
		at org.apache.catalina.util.LifecycleBase.fireLifecycleEvent(LifecycleBase.java:109)
		at org.apache.catalina.util.LifecycleBase.setStateInternal(LifecycleBase.java:389)
		at org.apache.catalina.util.LifecycleBase.setState(LifecycleBase.java:336)
		at org.apache.catalina.core.ContainerBase.startInternal(ContainerBase.java:774)
		at org.apache.catalina.core.StandardHost.startInternal(StandardHost.java:726)
		at org.apache.catalina.util.LifecycleBase.start(LifecycleBase.java:164)
		at org.apache.catalina.core.ContainerBase$StartChild.call(ContainerBase.java:1201)
		at org.apache.catalina.core.ContainerBase$StartChild.call(ContainerBase.java:1191)
		at java.base/java.util.concurrent.FutureTask.run(FutureTask.java:264)
		at org.apache.tomcat.util.threads.InlineExecutorService.execute(InlineExecutorService.java:82)
		at java.base/java.util.concurrent.AbstractExecutorService.submit(AbstractExecutorService.java:140)
		at org.apache.catalina.core.ContainerBase.startInternal(ContainerBase.java:747)
		at org.apache.catalina.core.StandardEngine.startInternal(StandardEngine.java:209)
		at org.apache.catalina.util.LifecycleBase.start(LifecycleBase.java:164)
		at org.apache.catalina.core.StandardService.startInternal(StandardService.java:410)
		at org.apache.catalina.util.LifecycleBase.start(LifecycleBase.java:164)
		at org.apache.catalina.core.StandardServer.startInternal(StandardServer.java:872)
		at org.apache.catalina.util.LifecycleBase.start(LifecycleBase.java:164)
		at org.apache.catalina.startup.Catalina.start(Catalina.java:736)
		at java.base/jdk.internal.reflect.NativeMethodAccessorImpl.invoke0(Native Method)
		at java.base/jdk.internal.reflect.NativeMethodAccessorImpl.invoke(NativeMethodAccessorImpl.java:62)
		at java.base/jdk.internal.reflect.DelegatingMethodAccessorImpl.invoke(DelegatingMethodAccessorImpl.java:43)
		at java.base/java.lang.reflect.Method.invoke(Method.java:566)
		at org.apache.catalina.startup.Bootstrap.start(Bootstrap.java:342)
		at org.apache.catalina.startup.Bootstrap.main(Bootstrap.java:473)
	Caused by: liquibase.exception.ChangeLogParseException: Error Reading Migration File: /usr/local/tomcat/webapps/ROOT/WEB-INF/lib/devicelog-postgres-0.1.0.jar
		at liquibase.parser.core.xml.XMLChangeLogSAXParser.parseToNode(XMLChangeLogSAXParser.java:118)
		at liquibase.parser.core.xml.AbstractChangeLogParser.parse(AbstractChangeLogParser.java:15)
		at liquibase.Liquibase.getDatabaseChangeLog(Liquibase.java:217)
		at liquibase.Liquibase.update(Liquibase.java:190)
		at liquibase.Liquibase.update(Liquibase.java:179)
		at liquibase.Liquibase.update(Liquibase.java:175)
		at liquibase.Liquibase.update(Liquibase.java:168)
		at com.hmdm.guice.module.AbstractLiquibaseModule.configure(AbstractLiquibaseModule.java:75)
		... 50 more
	Caused by: java.nio.file.NoSuchFileException: /usr/local/tomcat/webapps/ROOT/WEB-INF/lib/devicelog-postgres-0.1.0.jar
		at java.base/sun.nio.fs.UnixException.translateToIOException(UnixException.java:92)
		at java.base/sun.nio.fs.UnixException.rethrowAsIOException(UnixException.java:111)
		at java.base/sun.nio.fs.UnixException.rethrowAsIOException(UnixException.java:116)
		at java.base/sun.nio.fs.UnixFileAttributeViews$Basic.readAttributes(UnixFileAttributeViews.java:55)
		at java.base/sun.nio.fs.UnixFileSystemProvider.readAttributes(UnixFileSystemProvider.java:149)
		at java.base/sun.nio.fs.LinuxFileSystemProvider.readAttributes(LinuxFileSystemProvider.java:99)
		at java.base/java.nio.file.Files.readAttributes(Files.java:1764)
		at java.base/java.util.zip.ZipFile$Source.get(ZipFile.java:1420)
		at java.base/java.util.zip.ZipFile$CleanableResource.<init>(ZipFile.java:841)
		at java.base/java.util.zip.ZipFile$CleanableResource$FinalizableResource.<init>(ZipFile.java:867)
		at java.base/java.util.zip.ZipFile$CleanableResource.get(ZipFile.java:856)
		at java.base/java.util.zip.ZipFile.<init>(ZipFile.java:258)
		at java.base/java.util.zip.ZipFile.<init>(ZipFile.java:187)
		at java.base/java.util.jar.JarFile.<init>(JarFile.java:348)
		at java.base/sun.net.www.protocol.jar.URLJarFile.<init>(URLJarFile.java:103)
		at java.base/sun.net.www.protocol.jar.URLJarFile.getJarFile(URLJarFile.java:72)
		at java.base/sun.net.www.protocol.jar.JarFileFactory.get(JarFileFactory.java:99)
		at java.base/sun.net.www.protocol.jar.JarURLConnection.connect(JarURLConnection.java:125)
		at java.base/sun.net.www.protocol.jar.JarURLConnection.getInputStream(JarURLConnection.java:155)
		at com.hmdm.guice.LiquibaseJARResourceAccessor.getResourcesAsStream(LiquibaseJARResourceAccessor.java:51)
		at com.hmdm.plugin.guice.module.PluginLiquibaseResourceAccessor.getResourcesAsStream(PluginLiquibaseResourceAccessor.java:47)
		at liquibase.util.StreamUtil.singleInputStream(StreamUtil.java:186)
		at liquibase.parser.core.xml.XMLChangeLogSAXParser.parseToNode(XMLChangeLogSAXParser.java:71)
		... 57 more
08-Oct-2026 10:10:18.602 INFO [main] com.google.inject.internal.MessageProcessor.visit An exception was caught and reported. Message: java.nio.file.NoSuchFileException: /usr/local/tomcat/webapps/ROOT/WEB-INF/lib/messaging-0.1.0.jar
	java.lang.RuntimeException: liquibase.exception.ChangeLogParseException: Error Reading Migration File: /usr/local/tomcat/webapps/ROOT/WEB-INF/lib/messaging-0.1.0.jar
		at com.hmdm.guice.module.AbstractLiquibaseModule.configure(AbstractLiquibaseModule.java:78)
		at com.google.inject.AbstractModule.configure(AbstractModule.java:61)
		at com.google.inject.spi.Elements$RecordingBinder.install(Elements.java:344)
		at com.google.inject.spi.Elements.getElements(Elements.java:103)
		at com.google.inject.internal.InjectorShell$Builder.build(InjectorShell.java:137)
		at com.google.inject.internal.InternalInjectorCreator.build(InternalInjectorCreator.java:103)
		at com.google.inject.Guice.createInjector(Guice.java:87)
		at com.hmdm.guice.Initializer.getInjector(Initializer.java:62)
		at com.google.inject.servlet.GuiceServletContextListener.contextInitialized(GuiceServletContextListener.java:45)
		at com.hmdm.guice.Initializer.contextInitialized(Initializer.java:126)
		at org.apache.catalina.core.StandardContext.listenerStart(StandardContext.java:4047)
		at org.apache.catalina.core.StandardContext.startInternal(StandardContext.java:4489)
		at org.apache.catalina.util.LifecycleBase.start(LifecycleBase.java:164)
		at org.apache.catalina.core.ContainerBase.addChildInternal(ContainerBase.java:597)
		at org.apache.catalina.core.ContainerBase.addChild(ContainerBase.java:569)
		at org.apache.catalina.core.StandardHost.addChild(StandardHost.java:608)
		at org.apache.catalina.startup.HostConfig.deployDescriptor(HostConfig.java:677)
		at org.apache.catalina.startup.HostConfig$DeployDescriptor.run(HostConfig.java:1836)
		at java.base/java.util.concurrent.Executors$RunnableAdapter.call(Executors.java:515)
		at java.base/java.util.concurrent.FutureTask.run(FutureTask.java:264)
		at org.apache.tomcat.util.threads.InlineExecutorService.execute(InlineExecutorService.java:82)
		at java.base/java.util.concurrent.AbstractExecutorService.submit(AbstractExecutorService.java:118)
		at org.apache.catalina.startup.HostConfig.deployDescriptors(HostConfig.java:572)
		at org.apache.catalina.startup.HostConfig.deployApps(HostConfig.java:463)
		at org.apache.catalina.startup.HostConfig.start(HostConfig.java:1576)
		at org.apache.catalina.startup.HostConfig.lifecycleEvent(HostConfig.java:309)
		at org.apache.catalina.util.LifecycleBase.fireLifecycleEvent(LifecycleBase.java:109)
		at org.apache.catalina.util.LifecycleBase.setStateInternal(LifecycleBase.java:389)
		at org.apache.catalina.util.LifecycleBase.setState(LifecycleBase.java:336)
		at org.apache.catalina.core.ContainerBase.startInternal(ContainerBase.java:774)
		at org.apache.catalina.core.StandardHost.startInternal(StandardHost.java:726)
		at org.apache.catalina.util.LifecycleBase.start(LifecycleBase.java:164)
		at org.apache.catalina.core.ContainerBase$StartChild.call(ContainerBase.java:1201)
		at org.apache.catalina.core.ContainerBase$StartChild.call(ContainerBase.java:1191)
		at java.base/java.util.concurrent.FutureTask.run(FutureTask.java:264)
		at org.apache.tomcat.util.threads.InlineExecutorService.execute(InlineExecutorService.java:82)
		at java.base/java.util.concurrent.AbstractExecutorService.submit(AbstractExecutorService.java:140)
		at org.apache.catalina.core.ContainerBase.startInternal(ContainerBase.java:747)
		at org.apache.catalina.core.StandardEngine.startInternal(StandardEngine.java:209)
		at org.apache.catalina.util.LifecycleBase.start(LifecycleBase.java:164)
		at org.apache.catalina.core.StandardService.startInternal(StandardService.java:410)
		at org.apache.catalina.util.LifecycleBase.start(LifecycleBase.java:164)
		at org.apache.catalina.core.StandardServer.startInternal(StandardServer.java:872)
		at org.apache.catalina.util.LifecycleBase.start(LifecycleBase.java:164)
		at org.apache.catalina.startup.Catalina.start(Catalina.java:736)
		at java.base/jdk.internal.reflect.NativeMethodAccessorImpl.invoke0(Native Method)
		at java.base/jdk.internal.reflect.NativeMethodAccessorImpl.invoke(NativeMethodAccessorImpl.java:62)
		at java.base/jdk.internal.reflect.DelegatingMethodAccessorImpl.invoke(DelegatingMethodAccessorImpl.java:43)
		at java.base/java.lang.reflect.Method.invoke(Method.java:566)
		at org.apache.catalina.startup.Bootstrap.start(Bootstrap.java:342)
		at org.apache.catalina.startup.Bootstrap.main(Bootstrap.java:473)
	Caused by: liquibase.exception.ChangeLogParseException: Error Reading Migration File: /usr/local/tomcat/webapps/ROOT/WEB-INF/lib/messaging-0.1.0.jar
		at liquibase.parser.core.xml.XMLChangeLogSAXParser.parseToNode(XMLChangeLogSAXParser.java:118)
		at liquibase.parser.core.xml.AbstractChangeLogParser.parse(AbstractChangeLogParser.java:15)
		at liquibase.Liquibase.getDatabaseChangeLog(Liquibase.java:217)
		at liquibase.Liquibase.update(Liquibase.java:190)
		at liquibase.Liquibase.update(Liquibase.java:179)
		at liquibase.Liquibase.update(Liquibase.java:175)
		at liquibase.Liquibase.update(Liquibase.java:168)
		at com.hmdm.guice.module.AbstractLiquibaseModule.configure(AbstractLiquibaseModule.java:75)
		... 50 more
	Caused by: java.nio.file.NoSuchFileException: /usr/local/tomcat/webapps/ROOT/WEB-INF/lib/messaging-0.1.0.jar
		at java.base/sun.nio.fs.UnixException.translateToIOException(UnixException.java:92)
		at java.base/sun.nio.fs.UnixException.rethrowAsIOException(UnixException.java:111)
		at java.base/sun.nio.fs.UnixException.rethrowAsIOException(UnixException.java:116)
		at java.base/sun.nio.fs.UnixFileAttributeViews$Basic.readAttributes(UnixFileAttributeViews.java:55)
		at java.base/sun.nio.fs.UnixFileSystemProvider.readAttributes(UnixFileSystemProvider.java:149)
		at java.base/sun.nio.fs.LinuxFileSystemProvider.readAttributes(LinuxFileSystemProvider.java:99)
		at java.base/java.nio.file.Files.readAttributes(Files.java:1764)
		at java.base/java.util.zip.ZipFile$Source.get(ZipFile.java:1420)
		at java.base/java.util.zip.ZipFile$CleanableResource.<init>(ZipFile.java:841)
		at java.base/java.util.zip.ZipFile$CleanableResource$FinalizableResource.<init>(ZipFile.java:867)
		at java.base/java.util.zip.ZipFile$CleanableResource.get(ZipFile.java:856)
		at java.base/java.util.zip.ZipFile.<init>(ZipFile.java:258)
		at java.base/java.util.zip.ZipFile.<init>(ZipFile.java:187)
		at java.base/java.util.jar.JarFile.<init>(JarFile.java:348)
		at java.base/sun.net.www.protocol.jar.URLJarFile.<init>(URLJarFile.java:103)
		at java.base/sun.net.www.protocol.jar.URLJarFile.getJarFile(URLJarFile.java:72)
		at java.base/sun.net.www.protocol.jar.JarFileFactory.get(JarFileFactory.java:99)
		at java.base/sun.net.www.protocol.jar.JarURLConnection.connect(JarURLConnection.java:125)
		at java.base/sun.net.www.protocol.jar.JarURLConnection.getInputStream(JarURLConnection.java:155)
		at com.hmdm.guice.LiquibaseJARResourceAccessor.getResourcesAsStream(LiquibaseJARResourceAccessor.java:51)
		at com.hmdm.plugin.guice.module.PluginLiquibaseResourceAccessor.getResourcesAsStream(PluginLiquibaseResourceAccessor.java:47)
		at liquibase.util.StreamUtil.singleInputStream(StreamUtil.java:186)
		at liquibase.parser.core.xml.XMLChangeLogSAXParser.parseToNode(XMLChangeLogSAXParser.java:71)
		... 57 more
08-Oct-2026 10:10:18.607 INFO [main] com.google.inject.internal.MessageProcessor.visit An exception was caught and reported. Message: java.nio.file.NoSuchFileException: /usr/local/tomcat/webapps/ROOT/WEB-INF/lib/moduleregistry-0.1.0.jar
	java.lang.RuntimeException: liquibase.exception.ChangeLogParseException: Error Reading Migration File: /usr/local/tomcat/webapps/ROOT/WEB-INF/lib/moduleregistry-0.1.0.jar
		at com.hmdm.guice.module.AbstractLiquibaseModule.configure(AbstractLiquibaseModule.java:78)
		at com.google.inject.AbstractModule.configure(AbstractModule.java:61)
		at com.google.inject.spi.Elements$RecordingBinder.install(Elements.java:344)
		at com.google.inject.spi.Elements.getElements(Elements.java:103)
		at com.google.inject.internal.InjectorShell$Builder.build(InjectorShell.java:137)
		at com.google.inject.internal.InternalInjectorCreator.build(InternalInjectorCreator.java:103)
		at com.google.inject.Guice.createInjector(Guice.java:87)
		at com.hmdm.guice.Initializer.getInjector(Initializer.java:62)
		at com.google.inject.servlet.GuiceServletContextListener.contextInitialized(GuiceServletContextListener.java:45)
		at com.hmdm.guice.Initializer.contextInitialized(Initializer.java:126)
		at org.apache.catalina.core.StandardContext.listenerStart(StandardContext.java:4047)
		at org.apache.catalina.core.StandardContext.startInternal(StandardContext.java:4489)
		at org.apache.catalina.util.LifecycleBase.start(LifecycleBase.java:164)
		at org.apache.catalina.core.ContainerBase.addChildInternal(ContainerBase.java:597)
		at org.apache.catalina.core.ContainerBase.addChild(ContainerBase.java:569)
		at org.apache.catalina.core.StandardHost.addChild(StandardHost.java:608)
		at org.apache.catalina.startup.HostConfig.deployDescriptor(HostConfig.java:677)
		at org.apache.catalina.startup.HostConfig$DeployDescriptor.run(HostConfig.java:1836)
		at java.base/java.util.concurrent.Executors$RunnableAdapter.call(Executors.java:515)
		at java.base/java.util.concurrent.FutureTask.run(FutureTask.java:264)
		at org.apache.tomcat.util.threads.InlineExecutorService.execute(InlineExecutorService.java:82)
		at java.base/java.util.concurrent.AbstractExecutorService.submit(AbstractExecutorService.java:118)
		at org.apache.catalina.startup.HostConfig.deployDescriptors(HostConfig.java:572)
		at org.apache.catalina.startup.HostConfig.deployApps(HostConfig.java:463)
		at org.apache.catalina.startup.HostConfig.start(HostConfig.java:1576)
		at org.apache.catalina.startup.HostConfig.lifecycleEvent(HostConfig.java:309)
		at org.apache.catalina.util.LifecycleBase.fireLifecycleEvent(LifecycleBase.java:109)
		at org.apache.catalina.util.LifecycleBase.setStateInternal(LifecycleBase.java:389)
		at org.apache.catalina.util.LifecycleBase.setState(LifecycleBase.java:336)
		at org.apache.catalina.core.ContainerBase.startInternal(ContainerBase.java:774)
		at org.apache.catalina.core.StandardHost.startInternal(StandardHost.java:726)
		at org.apache.catalina.util.LifecycleBase.start(LifecycleBase.java:164)
		at org.apache.catalina.core.ContainerBase$StartChild.call(ContainerBase.java:1201)
		at org.apache.catalina.core.ContainerBase$StartChild.call(ContainerBase.java:1191)
		at java.base/java.util.concurrent.FutureTask.run(FutureTask.java:264)
		at org.apache.tomcat.util.threads.InlineExecutorService.execute(InlineExecutorService.java:82)
		at java.base/java.util.concurrent.AbstractExecutorService.submit(AbstractExecutorService.java:140)
		at org.apache.catalina.core.ContainerBase.startInternal(ContainerBase.java:747)
		at org.apache.catalina.core.StandardEngine.startInternal(StandardEngine.java:209)
		at org.apache.catalina.util.LifecycleBase.start(LifecycleBase.java:164)
		at org.apache.catalina.core.StandardService.startInternal(StandardService.java:410)
		at org.apache.catalina.util.LifecycleBase.start(LifecycleBase.java:164)
		at org.apache.catalina.core.StandardServer.startInternal(StandardServer.java:872)
		at org.apache.catalina.util.LifecycleBase.start(LifecycleBase.java:164)
		at org.apache.catalina.startup.Catalina.start(Catalina.java:736)
		at java.base/jdk.internal.reflect.NativeMethodAccessorImpl.invoke0(Native Method)
		at java.base/jdk.internal.reflect.NativeMethodAccessorImpl.invoke(NativeMethodAccessorImpl.java:62)
		at java.base/jdk.internal.reflect.DelegatingMethodAccessorImpl.invoke(DelegatingMethodAccessorImpl.java:43)
		at java.base/java.lang.reflect.Method.invoke(Method.java:566)
		at org.apache.catalina.startup.Bootstrap.start(Bootstrap.java:342)
		at org.apache.catalina.startup.Bootstrap.main(Bootstrap.java:473)
	Caused by: liquibase.exception.ChangeLogParseException: Error Reading Migration File: /usr/local/tomcat/webapps/ROOT/WEB-INF/lib/moduleregistry-0.1.0.jar
		at liquibase.parser.core.xml.XMLChangeLogSAXParser.parseToNode(XMLChangeLogSAXParser.java:118)
		at liquibase.parser.core.xml.AbstractChangeLogParser.parse(AbstractChangeLogParser.java:15)
		at liquibase.Liquibase.getDatabaseChangeLog(Liquibase.java:217)
		at liquibase.Liquibase.update(Liquibase.java:190)
		at liquibase.Liquibase.update(Liquibase.java:179)
		at liquibase.Liquibase.update(Liquibase.java:175)
		at liquibase.Liquibase.update(Liquibase.java:168)
		at com.hmdm.guice.module.AbstractLiquibaseModule.configure(AbstractLiquibaseModule.java:75)
		... 50 more
	Caused by: java.nio.file.NoSuchFileException: /usr/local/tomcat/webapps/ROOT/WEB-INF/lib/moduleregistry-0.1.0.jar
		at java.base/sun.nio.fs.UnixException.translateToIOException(UnixException.java:92)
		at java.base/sun.nio.fs.UnixException.rethrowAsIOException(UnixException.java:111)
		at java.base/sun.nio.fs.UnixException.rethrowAsIOException(UnixException.java:116)
		at java.base/sun.nio.fs.UnixFileAttributeViews$Basic.readAttributes(UnixFileAttributeViews.java:55)
		at java.base/sun.nio.fs.UnixFileSystemProvider.readAttributes(UnixFileSystemProvider.java:149)
		at java.base/sun.nio.fs.LinuxFileSystemProvider.readAttributes(LinuxFileSystemProvider.java:99)
		at java.base/java.nio.file.Files.readAttributes(Files.java:1764)
		at java.base/java.util.zip.ZipFile$Source.get(ZipFile.java:1420)
		at java.base/java.util.zip.ZipFile$CleanableResource.<init>(ZipFile.java:841)
		at java.base/java.util.zip.ZipFile$CleanableResource$FinalizableResource.<init>(ZipFile.java:867)
		at java.base/java.util.zip.ZipFile$CleanableResource.get(ZipFile.java:856)
		at java.base/java.util.zip.ZipFile.<init>(ZipFile.java:258)
		at java.base/java.util.zip.ZipFile.<init>(ZipFile.java:187)
		at java.base/java.util.jar.JarFile.<init>(JarFile.java:348)
		at java.base/sun.net.www.protocol.jar.URLJarFile.<init>(URLJarFile.java:103)
		at java.base/sun.net.www.protocol.jar.URLJarFile.getJarFile(URLJarFile.java:72)
		at java.base/sun.net.www.protocol.jar.JarFileFactory.get(JarFileFactory.java:99)
		at java.base/sun.net.www.protocol.jar.JarURLConnection.connect(JarURLConnection.java:125)
		at java.base/sun.net.www.protocol.jar.JarURLConnection.getInputStream(JarURLConnection.java:155)
		at com.hmdm.guice.LiquibaseJARResourceAccessor.getResourcesAsStream(LiquibaseJARResourceAccessor.java:51)
		at com.hmdm.plugin.guice.module.PluginLiquibaseResourceAccessor.getResourcesAsStream(PluginLiquibaseResourceAccessor.java:47)
		at liquibase.util.StreamUtil.singleInputStream(StreamUtil.java:186)
		at liquibase.parser.core.xml.XMLChangeLogSAXParser.parseToNode(XMLChangeLogSAXParser.java:71)
		... 57 more
08-Oct-2026 10:10:18.612 INFO [main] com.google.inject.internal.MessageProcessor.visit An exception was caught and reported. Message: java.nio.file.NoSuchFileException: /usr/local/tomcat/webapps/ROOT/WEB-INF/lib/push-0.1.0.jar
	java.lang.RuntimeException: liquibase.exception.ChangeLogParseException: Error Reading Migration File: /usr/local/tomcat/webapps/ROOT/WEB-INF/lib/push-0.1.0.jar
		at com.hmdm.guice.module.AbstractLiquibaseModule.configure(AbstractLiquibaseModule.java:78)
		at com.google.inject.AbstractModule.configure(AbstractModule.java:61)
		at com.google.inject.spi.Elements$RecordingBinder.install(Elements.java:344)
		at com.google.inject.spi.Elements.getElements(Elements.java:103)
		at com.google.inject.internal.InjectorShell$Builder.build(InjectorShell.java:137)
		at com.google.inject.internal.InternalInjectorCreator.build(InternalInjectorCreator.java:103)
		at com.google.inject.Guice.createInjector(Guice.java:87)
		at com.hmdm.guice.Initializer.getInjector(Initializer.java:62)
		at com.google.inject.servlet.GuiceServletContextListener.contextInitialized(GuiceServletContextListener.java:45)
		at com.hmdm.guice.Initializer.contextInitialized(Initializer.java:126)
		at org.apache.catalina.core.StandardContext.listenerStart(StandardContext.java:4047)
		at org.apache.catalina.core.StandardContext.startInternal(StandardContext.java:4489)
		at org.apache.catalina.util.LifecycleBase.start(LifecycleBase.java:164)
		at org.apache.catalina.core.ContainerBase.addChildInternal(ContainerBase.java:597)
		at org.apache.catalina.core.ContainerBase.addChild(ContainerBase.java:569)
		at org.apache.catalina.core.StandardHost.addChild(StandardHost.java:608)
		at org.apache.catalina.startup.HostConfig.deployDescriptor(HostConfig.java:677)
		at org.apache.catalina.startup.HostConfig$DeployDescriptor.run(HostConfig.java:1836)
		at java.base/java.util.concurrent.Executors$RunnableAdapter.call(Executors.java:515)
		at java.base/java.util.concurrent.FutureTask.run(FutureTask.java:264)
		at org.apache.tomcat.util.threads.InlineExecutorService.execute(InlineExecutorService.java:82)
		at java.base/java.util.concurrent.AbstractExecutorService.submit(AbstractExecutorService.java:118)
		at org.apache.catalina.startup.HostConfig.deployDescriptors(HostConfig.java:572)
		at org.apache.catalina.startup.HostConfig.deployApps(HostConfig.java:463)
		at org.apache.catalina.startup.HostConfig.start(HostConfig.java:1576)
		at org.apache.catalina.startup.HostConfig.lifecycleEvent(HostConfig.java:309)
		at org.apache.catalina.util.LifecycleBase.fireLifecycleEvent(LifecycleBase.java:109)
		at org.apache.catalina.util.LifecycleBase.setStateInternal(LifecycleBase.java:389)
		at org.apache.catalina.util.LifecycleBase.setState(LifecycleBase.java:336)
		at org.apache.catalina.core.ContainerBase.startInternal(ContainerBase.java:774)
		at org.apache.catalina.core.StandardHost.startInternal(StandardHost.java:726)
		at org.apache.catalina.util.LifecycleBase.start(LifecycleBase.java:164)
		at org.apache.catalina.core.ContainerBase$StartChild.call(ContainerBase.java:1201)
		at org.apache.catalina.core.ContainerBase$StartChild.call(ContainerBase.java:1191)
		at java.base/java.util.concurrent.FutureTask.run(FutureTask.java:264)
		at org.apache.tomcat.util.threads.InlineExecutorService.execute(InlineExecutorService.java:82)
		at java.base/java.util.concurrent.AbstractExecutorService.submit(AbstractExecutorService.java:140)
		at org.apache.catalina.core.ContainerBase.startInternal(ContainerBase.java:747)
		at org.apache.catalina.core.StandardEngine.startInternal(StandardEngine.java:209)
		at org.apache.catalina.util.LifecycleBase.start(LifecycleBase.java:164)
		at org.apache.catalina.core.StandardService.startInternal(StandardService.java:410)
		at org.apache.catalina.util.LifecycleBase.start(LifecycleBase.java:164)
		at org.apache.catalina.core.StandardServer.startInternal(StandardServer.java:872)
		at org.apache.catalina.util.LifecycleBase.start(LifecycleBase.java:164)
		at org.apache.catalina.startup.Catalina.start(Catalina.java:736)
		at java.base/jdk.internal.reflect.NativeMethodAccessorImpl.invoke0(Native Method)
		at java.base/jdk.internal.reflect.NativeMethodAccessorImpl.invoke(NativeMethodAccessorImpl.java:62)
		at java.base/jdk.internal.reflect.DelegatingMethodAccessorImpl.invoke(DelegatingMethodAccessorImpl.java:43)
		at java.base/java.lang.reflect.Method.invoke(Method.java:566)
		at org.apache.catalina.startup.Bootstrap.start(Bootstrap.java:342)
		at org.apache.catalina.startup.Bootstrap.main(Bootstrap.java:473)
	Caused by: liquibase.exception.ChangeLogParseException: Error Reading Migration File: /usr/local/tomcat/webapps/ROOT/WEB-INF/lib/push-0.1.0.jar
		at liquibase.parser.core.xml.XMLChangeLogSAXParser.parseToNode(XMLChangeLogSAXParser.java:118)
		at liquibase.parser.core.xml.AbstractChangeLogParser.parse(AbstractChangeLogParser.java:15)
		at liquibase.Liquibase.getDatabaseChangeLog(Liquibase.java:217)
		at liquibase.Liquibase.update(Liquibase.java:190)
		at liquibase.Liquibase.update(Liquibase.java:179)
		at liquibase.Liquibase.update(Liquibase.java:175)
		at liquibase.Liquibase.update(Liquibase.java:168)
		at com.hmdm.guice.module.AbstractLiquibaseModule.configure(AbstractLiquibaseModule.java:75)
		... 50 more
	Caused by: java.nio.file.NoSuchFileException: /usr/local/tomcat/webapps/ROOT/WEB-INF/lib/push-0.1.0.jar
		at java.base/sun.nio.fs.UnixException.translateToIOException(UnixException.java:92)
		at java.base/sun.nio.fs.UnixException.rethrowAsIOException(UnixException.java:111)
		at java.base/sun.nio.fs.UnixException.rethrowAsIOException(UnixException.java:116)
		at java.base/sun.nio.fs.UnixFileAttributeViews$Basic.readAttributes(UnixFileAttributeViews.java:55)
		at java.base/sun.nio.fs.UnixFileSystemProvider.readAttributes(UnixFileSystemProvider.java:149)
		at java.base/sun.nio.fs.LinuxFileSystemProvider.readAttributes(LinuxFileSystemProvider.java:99)
		at java.base/java.nio.file.Files.readAttributes(Files.java:1764)
		at java.base/java.util.zip.ZipFile$Source.get(ZipFile.java:1420)
		at java.base/java.util.zip.ZipFile$CleanableResource.<init>(ZipFile.java:841)
		at java.base/java.util.zip.ZipFile$CleanableResource$FinalizableResource.<init>(ZipFile.java:867)
		at java.base/java.util.zip.ZipFile$CleanableResource.get(ZipFile.java:856)
		at java.base/java.util.zip.ZipFile.<init>(ZipFile.java:258)
		at java.base/java.util.zip.ZipFile.<init>(ZipFile.java:187)
		at java.base/java.util.jar.JarFile.<init>(JarFile.java:348)
		at java.base/sun.net.www.protocol.jar.URLJarFile.<init>(URLJarFile.java:103)
		at java.base/sun.net.www.protocol.jar.URLJarFile.getJarFile(URLJarFile.java:72)
		at java.base/sun.net.www.protocol.jar.JarFileFactory.get(JarFileFactory.java:99)
		at java.base/sun.net.www.protocol.jar.JarURLConnection.connect(JarURLConnection.java:125)
		at java.base/sun.net.www.protocol.jar.JarURLConnection.getInputStream(JarURLConnection.java:155)
		at com.hmdm.guice.LiquibaseJARResourceAccessor.getResourcesAsStream(LiquibaseJARResourceAccessor.java:51)
		at com.hmdm.plugin.guice.module.PluginLiquibaseResourceAccessor.getResourcesAsStream(PluginLiquibaseResourceAccessor.java:47)
		at liquibase.util.StreamUtil.singleInputStream(StreamUtil.java:186)
		at liquibase.parser.core.xml.XMLChangeLogSAXParser.parseToNode(XMLChangeLogSAXParser.java:71)
		... 57 more
08-Oct-2026 10:10:18.619 INFO [main] com.google.inject.internal.MessageProcessor.visit An exception was caught and reported. Message: java.nio.file.NoSuchFileException: /usr/local/tomcat/webapps/ROOT/WEB-INF/lib/webfilter-0.1.0.jar
	java.lang.RuntimeException: liquibase.exception.ChangeLogParseException: Error Reading Migration File: /usr/local/tomcat/webapps/ROOT/WEB-INF/lib/webfilter-0.1.0.jar
		at com.hmdm.guice.module.AbstractLiquibaseModule.configure(AbstractLiquibaseModule.java:78)
		at com.google.inject.AbstractModule.configure(AbstractModule.java:61)
		at com.google.inject.spi.Elements$RecordingBinder.install(Elements.java:344)
		at com.google.inject.spi.Elements.getElements(Elements.java:103)
		at com.google.inject.internal.InjectorShell$Builder.build(InjectorShell.java:137)
		at com.google.inject.internal.InternalInjectorCreator.build(InternalInjectorCreator.java:103)
		at com.google.inject.Guice.createInjector(Guice.java:87)
		at com.hmdm.guice.Initializer.getInjector(Initializer.java:62)
		at com.google.inject.servlet.GuiceServletContextListener.contextInitialized(GuiceServletContextListener.java:45)
		at com.hmdm.guice.Initializer.contextInitialized(Initializer.java:126)
		at org.apache.catalina.core.StandardContext.listenerStart(StandardContext.java:4047)
		at org.apache.catalina.core.StandardContext.startInternal(StandardContext.java:4489)
		at org.apache.catalina.util.LifecycleBase.start(LifecycleBase.java:164)
		at org.apache.catalina.core.ContainerBase.addChildInternal(ContainerBase.java:597)
		at org.apache.catalina.core.ContainerBase.addChild(ContainerBase.java:569)
		at org.apache.catalina.core.StandardHost.addChild(StandardHost.java:608)
		at org.apache.catalina.startup.HostConfig.deployDescriptor(HostConfig.java:677)
		at org.apache.catalina.startup.HostConfig$DeployDescriptor.run(HostConfig.java:1836)
		at java.base/java.util.concurrent.Executors$RunnableAdapter.call(Executors.java:515)
		at java.base/java.util.concurrent.FutureTask.run(FutureTask.java:264)
		at org.apache.tomcat.util.threads.InlineExecutorService.execute(InlineExecutorService.java:82)
		at java.base/java.util.concurrent.AbstractExecutorService.submit(AbstractExecutorService.java:118)
		at org.apache.catalina.startup.HostConfig.deployDescriptors(HostConfig.java:572)
		at org.apache.catalina.startup.HostConfig.deployApps(HostConfig.java:463)
		at org.apache.catalina.startup.HostConfig.start(HostConfig.java:1576)
		at org.apache.catalina.startup.HostConfig.lifecycleEvent(HostConfig.java:309)
		at org.apache.catalina.util.LifecycleBase.fireLifecycleEvent(LifecycleBase.java:109)
		at org.apache.catalina.util.LifecycleBase.setStateInternal(LifecycleBase.java:389)
		at org.apache.catalina.util.LifecycleBase.setState(LifecycleBase.java:336)
		at org.apache.catalina.core.ContainerBase.startInternal(ContainerBase.java:774)
		at org.apache.catalina.core.StandardHost.startInternal(StandardHost.java:726)
		at org.apache.catalina.util.LifecycleBase.start(LifecycleBase.java:164)
		at org.apache.catalina.core.ContainerBase$StartChild.call(ContainerBase.java:1201)
		at org.apache.catalina.core.ContainerBase$StartChild.call(ContainerBase.java:1191)
		at java.base/java.util.concurrent.FutureTask.run(FutureTask.java:264)
		at org.apache.tomcat.util.threads.InlineExecutorService.execute(InlineExecutorService.java:82)
		at java.base/java.util.concurrent.AbstractExecutorService.submit(AbstractExecutorService.java:140)
		at org.apache.catalina.core.ContainerBase.startInternal(ContainerBase.java:747)
		at org.apache.catalina.core.StandardEngine.startInternal(StandardEngine.java:209)
		at org.apache.catalina.util.LifecycleBase.start(LifecycleBase.java:164)
		at org.apache.catalina.core.StandardService.startInternal(StandardService.java:410)
		at org.apache.catalina.util.LifecycleBase.start(LifecycleBase.java:164)
		at org.apache.catalina.core.StandardServer.startInternal(StandardServer.java:872)
		at org.apache.catalina.util.LifecycleBase.start(LifecycleBase.java:164)
		at org.apache.catalina.startup.Catalina.start(Catalina.java:736)
		at java.base/jdk.internal.reflect.NativeMethodAccessorImpl.invoke0(Native Method)
		at java.base/jdk.internal.reflect.NativeMethodAccessorImpl.invoke(NativeMethodAccessorImpl.java:62)
		at java.base/jdk.internal.reflect.DelegatingMethodAccessorImpl.invoke(DelegatingMethodAccessorImpl.java:43)
		at java.base/java.lang.reflect.Method.invoke(Method.java:566)
		at org.apache.catalina.startup.Bootstrap.start(Bootstrap.java:342)
		at org.apache.catalina.startup.Bootstrap.main(Bootstrap.java:473)
	Caused by: liquibase.exception.ChangeLogParseException: Error Reading Migration File: /usr/local/tomcat/webapps/ROOT/WEB-INF/lib/webfilter-0.1.0.jar
		at liquibase.parser.core.xml.XMLChangeLogSAXParser.parseToNode(XMLChangeLogSAXParser.java:118)
		at liquibase.parser.core.xml.AbstractChangeLogParser.parse(AbstractChangeLogParser.java:15)
		at liquibase.Liquibase.getDatabaseChangeLog(Liquibase.java:217)
		at liquibase.Liquibase.update(Liquibase.java:190)
		at liquibase.Liquibase.update(Liquibase.java:179)
		at liquibase.Liquibase.update(Liquibase.java:175)
		at liquibase.Liquibase.update(Liquibase.java:168)
		at com.hmdm.guice.module.AbstractLiquibaseModule.configure(AbstractLiquibaseModule.java:75)
		... 50 more
	Caused by: java.nio.file.NoSuchFileException: /usr/local/tomcat/webapps/ROOT/WEB-INF/lib/webfilter-0.1.0.jar
		at java.base/sun.nio.fs.UnixException.translateToIOException(UnixException.java:92)
		at java.base/sun.nio.fs.UnixException.rethrowAsIOException(UnixException.java:111)
		at java.base/sun.nio.fs.UnixException.rethrowAsIOException(UnixException.java:116)
		at java.base/sun.nio.fs.UnixFileAttributeViews$Basic.readAttributes(UnixFileAttributeViews.java:55)
		at java.base/sun.nio.fs.UnixFileSystemProvider.readAttributes(UnixFileSystemProvider.java:149)
		at java.base/sun.nio.fs.LinuxFileSystemProvider.readAttributes(LinuxFileSystemProvider.java:99)
		at java.base/java.nio.file.Files.readAttributes(Files.java:1764)
		at java.base/java.util.zip.ZipFile$Source.get(ZipFile.java:1420)
		at java.base/java.util.zip.ZipFile$CleanableResource.<init>(ZipFile.java:841)
		at java.base/java.util.zip.ZipFile$CleanableResource$FinalizableResource.<init>(ZipFile.java:867)
		at java.base/java.util.zip.ZipFile$CleanableResource.get(ZipFile.java:856)
		at java.base/java.util.zip.ZipFile.<init>(ZipFile.java:258)
		at java.base/java.util.zip.ZipFile.<init>(ZipFile.java:187)
		at java.base/java.util.jar.JarFile.<init>(JarFile.java:348)
		at java.base/sun.net.www.protocol.jar.URLJarFile.<init>(URLJarFile.java:103)
		at java.base/sun.net.www.protocol.jar.URLJarFile.getJarFile(URLJarFile.java:72)
		at java.base/sun.net.www.protocol.jar.JarFileFactory.get(JarFileFactory.java:99)
		at java.base/sun.net.www.protocol.jar.JarURLConnection.connect(JarURLConnection.java:125)
		at java.base/sun.net.www.protocol.jar.JarURLConnection.getInputStream(JarURLConnection.java:155)
		at com.hmdm.guice.LiquibaseJARResourceAccessor.getResourcesAsStream(LiquibaseJARResourceAccessor.java:51)
		at com.hmdm.plugin.guice.module.PluginLiquibaseResourceAccessor.getResourcesAsStream(PluginLiquibaseResourceAccessor.java:47)
		at liquibase.util.StreamUtil.singleInputStream(StreamUtil.java:186)
		at liquibase.parser.core.xml.XMLChangeLogSAXParser.parseToNode(XMLChangeLogSAXParser.java:71)
		... 57 more
08-Oct-2026 10:10:18.623 INFO [main] com.google.inject.internal.MessageProcessor.visit An exception was caught and reported. Message: java.nio.file.NoSuchFileException: /usr/local/tomcat/webapps/ROOT/WEB-INF/lib/xtra-0.1.0.jar
	java.lang.RuntimeException: liquibase.exception.ChangeLogParseException: Error Reading Migration File: /usr/local/tomcat/webapps/ROOT/WEB-INF/lib/xtra-0.1.0.jar
		at com.hmdm.guice.module.AbstractLiquibaseModule.configure(AbstractLiquibaseModule.java:78)
		at com.google.inject.AbstractModule.configure(AbstractModule.java:61)
		at com.google.inject.spi.Elements$RecordingBinder.install(Elements.java:344)
		at com.google.inject.spi.Elements.getElements(Elements.java:103)
		at com.google.inject.internal.InjectorShell$Builder.build(InjectorShell.java:137)
		at com.google.inject.internal.InternalInjectorCreator.build(InternalInjectorCreator.java:103)
		at com.google.inject.Guice.createInjector(Guice.java:87)
		at com.hmdm.guice.Initializer.getInjector(Initializer.java:62)
		at com.google.inject.servlet.GuiceServletContextListener.contextInitialized(GuiceServletContextListener.java:45)
		at com.hmdm.guice.Initializer.contextInitialized(Initializer.java:126)
		at org.apache.catalina.core.StandardContext.listenerStart(StandardContext.java:4047)
		at org.apache.catalina.core.StandardContext.startInternal(StandardContext.java:4489)
		at org.apache.catalina.util.LifecycleBase.start(LifecycleBase.java:164)
		at org.apache.catalina.core.ContainerBase.addChildInternal(ContainerBase.java:597)
		at org.apache.catalina.core.ContainerBase.addChild(ContainerBase.java:569)
		at org.apache.catalina.core.StandardHost.addChild(StandardHost.java:608)
		at org.apache.catalina.startup.HostConfig.deployDescriptor(HostConfig.java:677)
		at org.apache.catalina.startup.HostConfig$DeployDescriptor.run(HostConfig.java:1836)
		at java.base/java.util.concurrent.Executors$RunnableAdapter.call(Executors.java:515)
		at java.base/java.util.concurrent.FutureTask.run(FutureTask.java:264)
		at org.apache.tomcat.util.threads.InlineExecutorService.execute(InlineExecutorService.java:82)
		at java.base/java.util.concurrent.AbstractExecutorService.submit(AbstractExecutorService.java:118)
		at org.apache.catalina.startup.HostConfig.deployDescriptors(HostConfig.java:572)
		at org.apache.catalina.startup.HostConfig.deployApps(HostConfig.java:463)
		at org.apache.catalina.startup.HostConfig.start(HostConfig.java:1576)
		at org.apache.catalina.startup.HostConfig.lifecycleEvent(HostConfig.java:309)
		at org.apache.catalina.util.LifecycleBase.fireLifecycleEvent(LifecycleBase.java:109)
		at org.apache.catalina.util.LifecycleBase.setStateInternal(LifecycleBase.java:389)
		at org.apache.catalina.util.LifecycleBase.setState(LifecycleBase.java:336)
		at org.apache.catalina.core.ContainerBase.startInternal(ContainerBase.java:774)
		at org.apache.catalina.core.StandardHost.startInternal(StandardHost.java:726)
		at org.apache.catalina.util.LifecycleBase.start(LifecycleBase.java:164)
		at org.apache.catalina.core.ContainerBase$StartChild.call(ContainerBase.java:1201)
		at org.apache.catalina.core.ContainerBase$StartChild.call(ContainerBase.java:1191)
		at java.base/java.util.concurrent.FutureTask.run(FutureTask.java:264)
		at org.apache.tomcat.util.threads.InlineExecutorService.execute(InlineExecutorService.java:82)
		at java.base/java.util.concurrent.AbstractExecutorService.submit(AbstractExecutorService.java:140)
		at org.apache.catalina.core.ContainerBase.startInternal(ContainerBase.java:747)
		at org.apache.catalina.core.StandardEngine.startInternal(StandardEngine.java:209)
		at org.apache.catalina.util.LifecycleBase.start(LifecycleBase.java:164)
		at org.apache.catalina.core.StandardService.startInternal(StandardService.java:410)
		at org.apache.catalina.util.LifecycleBase.start(LifecycleBase.java:164)
		at org.apache.catalina.core.StandardServer.startInternal(StandardServer.java:872)
		at org.apache.catalina.util.LifecycleBase.start(LifecycleBase.java:164)
		at org.apache.catalina.startup.Catalina.start(Catalina.java:736)
		at java.base/jdk.internal.reflect.NativeMethodAccessorImpl.invoke0(Native Method)
		at java.base/jdk.internal.reflect.NativeMethodAccessorImpl.invoke(NativeMethodAccessorImpl.java:62)
		at java.base/jdk.internal.reflect.DelegatingMethodAccessorImpl.invoke(DelegatingMethodAccessorImpl.java:43)
		at java.base/java.lang.reflect.Method.invoke(Method.java:566)
		at org.apache.catalina.startup.Bootstrap.start(Bootstrap.java:342)
		at org.apache.catalina.startup.Bootstrap.main(Bootstrap.java:473)
	Caused by: liquibase.exception.ChangeLogParseException: Error Reading Migration File: /usr/local/tomcat/webapps/ROOT/WEB-INF/lib/xtra-0.1.0.jar
		at liquibase.parser.core.xml.XMLChangeLogSAXParser.parseToNode(XMLChangeLogSAXParser.java:118)
		at liquibase.parser.core.xml.AbstractChangeLogParser.parse(AbstractChangeLogParser.java:15)
		at liquibase.Liquibase.getDatabaseChangeLog(Liquibase.java:217)
		at liquibase.Liquibase.update(Liquibase.java:190)
		at liquibase.Liquibase.update(Liquibase.java:179)
		at liquibase.Liquibase.update(Liquibase.java:175)
		at liquibase.Liquibase.update(Liquibase.java:168)
		at com.hmdm.guice.module.AbstractLiquibaseModule.configure(AbstractLiquibaseModule.java:75)
		... 50 more
	Caused by: java.nio.file.NoSuchFileException: /usr/local/tomcat/webapps/ROOT/WEB-INF/lib/xtra-0.1.0.jar
		at java.base/sun.nio.fs.UnixException.translateToIOException(UnixException.java:92)
		at java.base/sun.nio.fs.UnixException.rethrowAsIOException(UnixException.java:111)
		at java.base/sun.nio.fs.UnixException.rethrowAsIOException(UnixException.java:116)
		at java.base/sun.nio.fs.UnixFileAttributeViews$Basic.readAttributes(UnixFileAttributeViews.java:55)
		at java.base/sun.nio.fs.UnixFileSystemProvider.readAttributes(UnixFileSystemProvider.java:149)
		at java.base/sun.nio.fs.LinuxFileSystemProvider.readAttributes(LinuxFileSystemProvider.java:99)
		at java.base/java.nio.file.Files.readAttributes(Files.java:1764)
		at java.base/java.util.zip.ZipFile$Source.get(ZipFile.java:1420)
		at java.base/java.util.zip.ZipFile$CleanableResource.<init>(ZipFile.java:841)
		at java.base/java.util.zip.ZipFile$CleanableResource$FinalizableResource.<init>(ZipFile.java:867)
		at java.base/java.util.zip.ZipFile$CleanableResource.get(ZipFile.java:856)
		at java.base/java.util.zip.ZipFile.<init>(ZipFile.java:258)
		at java.base/java.util.zip.ZipFile.<init>(ZipFile.java:187)
		at java.base/java.util.jar.JarFile.<init>(JarFile.java:348)
		at java.base/sun.net.www.protocol.jar.URLJarFile.<init>(URLJarFile.java:103)
		at java.base/sun.net.www.protocol.jar.URLJarFile.getJarFile(URLJarFile.java:72)
		at java.base/sun.net.www.protocol.jar.JarFileFactory.get(JarFileFactory.java:99)
		at java.base/sun.net.www.protocol.jar.JarURLConnection.connect(JarURLConnection.java:125)
		at java.base/sun.net.www.protocol.jar.JarURLConnection.getInputStream(JarURLConnection.java:155)
		at com.hmdm.guice.LiquibaseJARResourceAccessor.getResourcesAsStream(LiquibaseJARResourceAccessor.java:51)
		at com.hmdm.plugin.guice.module.PluginLiquibaseResourceAccessor.getResourcesAsStream(PluginLiquibaseResourceAccessor.java:47)
		at liquibase.util.StreamUtil.singleInputStream(StreamUtil.java:186)
		at liquibase.parser.core.xml.XMLChangeLogSAXParser.parseToNode(XMLChangeLogSAXParser.java:71)
		... 57 more
08-Oct-2026 10:10:19.154 INFO [main] nonapi.io.github.classgraph.classloaderhandler.lifecycle.ServletLifeCycleListener.contextInitialized Servlet context initialized
08-Oct-2026 10:10:19.156 SEVERE [main] org.apache.catalina.core.StandardContext.startInternal One or more listeners failed to start. Full details will be found in the appropriate container log file
08-Oct-2026 10:10:19.166 SEVERE [main] org.apache.catalina.core.StandardContext.startInternal Context [] startup failed due to previous errors
08-Oct-2026 10:10:19.175 INFO [main] nonapi.io.github.classgraph.classloaderhandler.lifecycle.ServletLifeCycleListener.contextDestroyed Servlet context destroyed -- closing any remaning open ClassGraph ScanResult instances
08-Oct-2026 10:10:19.184 WARNING [main] org.apache.catalina.loader.WebappClassLoaderBase.clearReferencesJdbc The web application [ROOT] registered the JDBC driver [org.postgresql.Driver] but failed to unregister it when the web application was stopped. To prevent a memory leak, the JDBC Driver has been forcibly unregistered.
08-Oct-2026 10:10:19.402 INFO [main] org.apache.catalina.startup.HostConfig.deployDescriptor Deployment of deployment descriptor [/usr/local/tomcat/conf/Catalina/localhost/ROOT.xml] has finished in [15,206] ms
08-Oct-2026 10:10:19.411 INFO [main] org.apache.coyote.AbstractProtocol.start Starting ProtocolHandler ["http-nio-8080"]
08-Oct-2026 10:10:19.444 INFO [main] org.apache.catalina.startup.Catalina.start Server startup in [15432] milliseconds
08-Oct-2026 10:10:55.403 INFO [main] org.apache.catalina.startup.VersionLoggerListener.log Server version name:   Apache Tomcat/9.0.117
08-Oct-2026 10:10:55.408 INFO [main] org.apache.catalina.startup.VersionLoggerListener.log Server built:          Mar 30 2026 18:21:16 UTC
08-Oct-2026 10:10:55.409 INFO [main] org.apache.catalina.startup.VersionLoggerListener.log Server version number: 9.0.117.0
08-Oct-2026 10:10:55.409 INFO [main] org.apache.catalina.startup.VersionLoggerListener.log OS Name:               Linux
08-Oct-2026 10:10:55.410 INFO [main] org.apache.catalina.startup.VersionLoggerListener.log OS Version:            6.8.0-142-generic
08-Oct-2026 10:10:55.410 INFO [main] org.apache.catalina.startup.VersionLoggerListener.log Architecture:          amd64
08-Oct-2026 10:10:55.411 INFO [main] org.apache.catalina.startup.VersionLoggerListener.log Java Home:             /opt/java/openjdk
08-Oct-2026 10:10:55.411 INFO [main] org.apache.catalina.startup.VersionLoggerListener.log JVM Version:           11.0.31+11
08-Oct-2026 10:10:55.412 INFO [main] org.apache.catalina.startup.VersionLoggerListener.log JVM Vendor:            Eclipse Adoptium
08-Oct-2026 10:10:55.412 INFO [main] org.apache.catalina.startup.VersionLoggerListener.log CATALINA_BASE:         /usr/local/tomcat
08-Oct-2026 10:10:55.413 INFO [main] org.apache.catalina.startup.VersionLoggerListener.log CATALINA_HOME:         /usr/local/tomcat
08-Oct-2026 10:10:55.433 INFO [main] org.apache.catalina.startup.VersionLoggerListener.log Command line argument: --add-opens=java.base/java.lang=ALL-UNNAMED
08-Oct-2026 10:10:55.433 INFO [main] org.apache.catalina.startup.VersionLoggerListener.log Command line argument: --add-opens=java.base/java.lang.invoke=ALL-UNNAMED
08-Oct-2026 10:10:55.433 INFO [main] org.apache.catalina.startup.VersionLoggerListener.log Command line argument: --add-opens=java.base/java.lang.reflect=ALL-UNNAMED
08-Oct-2026 10:10:55.433 INFO [main] org.apache.catalina.startup.VersionLoggerListener.log Command line argument: --add-opens=java.base/java.io=ALL-UNNAMED
08-Oct-2026 10:10:55.433 INFO [main] org.apache.catalina.startup.VersionLoggerListener.log Command line argument: --add-opens=java.base/java.util=ALL-UNNAMED
08-Oct-2026 10:10:55.433 INFO [main] org.apache.catalina.startup.VersionLoggerListener.log Command line argument: --add-opens=java.base/java.util.concurrent=ALL-UNNAMED
08-Oct-2026 10:10:55.433 INFO [main] org.apache.catalina.startup.VersionLoggerListener.log Command line argument: --add-opens=java.rmi/sun.rmi.transport=ALL-UNNAMED
08-Oct-2026 10:10:55.433 INFO [main] org.apache.catalina.startup.VersionLoggerListener.log Command line argument: -Djava.util.logging.config.file=/usr/local/tomcat/conf/logging.properties
08-Oct-2026 10:10:55.434 INFO [main] org.apache.catalina.startup.VersionLoggerListener.log Command line argument: -Djava.util.logging.manager=org.apache.juli.ClassLoaderLogManager
08-Oct-2026 10:10:55.434 INFO [main] org.apache.catalina.startup.VersionLoggerListener.log Command line argument: -Djdk.tls.ephemeralDHKeySize=2048
08-Oct-2026 10:10:55.434 INFO [main] org.apache.catalina.startup.VersionLoggerListener.log Command line argument: -Djava.protocol.handler.pkgs=org.apache.catalina.webresources
08-Oct-2026 10:10:55.434 INFO [main] org.apache.catalina.startup.VersionLoggerListener.log Command line argument: -Dsun.io.useCanonCaches=false
08-Oct-2026 10:10:55.434 INFO [main] org.apache.catalina.startup.VersionLoggerListener.log Command line argument: -Dorg.apache.catalina.security.SecurityListener.UMASK=0022
08-Oct-2026 10:10:55.434 INFO [main] org.apache.catalina.startup.VersionLoggerListener.log Command line argument: -Dignore.endorsed.dirs=
08-Oct-2026 10:10:55.434 INFO [main] org.apache.catalina.startup.VersionLoggerListener.log Command line argument: -Dcatalina.base=/usr/local/tomcat
08-Oct-2026 10:10:55.434 INFO [main] org.apache.catalina.startup.VersionLoggerListener.log Command line argument: -Dcatalina.home=/usr/local/tomcat
08-Oct-2026 10:10:55.434 INFO [main] org.apache.catalina.startup.VersionLoggerListener.log Command line argument: -Djava.io.tmpdir=/usr/local/tomcat/temp
08-Oct-2026 10:10:55.555 INFO [main] org.apache.catalina.core.AprLifecycleListener.lifecycleEvent Loaded Apache Tomcat Native library [1.3.7] using APR version [1.7.0].
08-Oct-2026 10:10:55.556 INFO [main] org.apache.catalina.core.AprLifecycleListener.lifecycleEvent APR capabilities: IPv6 [true], sendfile [true], accept filters [false], random [true], UDS [true].
08-Oct-2026 10:10:55.556 INFO [main] org.apache.catalina.core.AprLifecycleListener.lifecycleEvent APR/OpenSSL configuration: useAprConnector [false], useOpenSSL [true]
08-Oct-2026 10:10:55.559 INFO [main] org.apache.catalina.core.AprLifecycleListener.initializeSSL OpenSSL successfully initialized [OpenSSL 3.0.2 15 Mar 2022]
08-Oct-2026 10:10:56.146 INFO [main] org.apache.coyote.AbstractProtocol.init Initializing ProtocolHandler ["http-nio-8080"]
08-Oct-2026 10:10:56.188 INFO [main] org.apache.catalina.startup.Catalina.load Server initialization in [1122] milliseconds
08-Oct-2026 10:10:56.285 INFO [main] org.apache.catalina.core.StandardService.startInternal Starting service [Catalina]
08-Oct-2026 10:10:56.285 INFO [main] org.apache.catalina.core.StandardEngine.startInternal Starting Servlet engine: [Apache Tomcat/9.0.117]
08-Oct-2026 10:10:56.299 INFO [main] org.apache.catalina.startup.HostConfig.deployDescriptor Deploying deployment descriptor [/usr/local/tomcat/conf/Catalina/localhost/ROOT.xml]
08-Oct-2026 10:10:56.337 WARNING [main] org.apache.catalina.startup.HostConfig.deployDescriptor A docBase [/usr/local/tomcat/webapps/ROOT] inside the host appBase has been specified, and will be ignored
08-Oct-2026 10:11:00.892 INFO [main] org.apache.jasper.servlet.TldScanner.scanJars At least one JAR was scanned for TLDs yet contained no TLDs. Enable debug logging for this logger for a complete list of JARs that were scanned but no TLDs were found in them. Skipping unneeded JARs during scanning can improve startup time and JSP compilation time.
08-Oct-2026 10:11:19.987 INFO [main] nonapi.io.github.classgraph.classloaderhandler.lifecycle.ServletLifeCycleListener.contextInitialized Servlet context initialized
08-Oct-2026 10:11:23.768 INFO [main] org.apache.catalina.startup.HostConfig.deployDescriptor Deployment of deployment descriptor [/usr/local/tomcat/conf/Catalina/localhost/ROOT.xml] has finished in [27,468] ms
08-Oct-2026 10:11:23.768 WARNING [main] org.apache.catalina.startup.HostConfig.deployWARs The directory [/usr/local/tomcat/webapps/ROOT] will be ignored because the WAR [/usr/local/tomcat/webapps/ROOT.war] takes priority and unpackWARs is false
08-Oct-2026 10:11:23.773 INFO [main] org.apache.coyote.AbstractProtocol.start Starting ProtocolHandler ["http-nio-8080"]
08-Oct-2026 10:11:23.794 INFO [main] org.apache.catalina.startup.Catalina.start Server startup in [27604] milliseconds
08-Oct-2026 10:24:50.474 INFO [main] org.apache.catalina.startup.VersionLoggerListener.log Server version name:   Apache Tomcat/9.0.117
08-Oct-2026 10:24:50.479 INFO [main] org.apache.catalina.startup.VersionLoggerListener.log Server built:          Mar 30 2026 18:21:16 UTC
08-Oct-2026 10:24:50.480 INFO [main] org.apache.catalina.startup.VersionLoggerListener.log Server version number: 9.0.117.0
08-Oct-2026 10:24:50.480 INFO [main] org.apache.catalina.startup.VersionLoggerListener.log OS Name:               Linux
08-Oct-2026 10:24:50.480 INFO [main] org.apache.catalina.startup.VersionLoggerListener.log OS Version:            6.8.0-142-generic
08-Oct-2026 10:24:50.480 INFO [main] org.apache.catalina.startup.VersionLoggerListener.log Architecture:          amd64
08-Oct-2026 10:24:50.480 INFO [main] org.apache.catalina.startup.VersionLoggerListener.log Java Home:             /opt/java/openjdk
08-Oct-2026 10:24:50.480 INFO [main] org.apache.catalina.startup.VersionLoggerListener.log JVM Version:           11.0.31+11
08-Oct-2026 10:24:50.481 INFO [main] org.apache.catalina.startup.VersionLoggerListener.log JVM Vendor:            Eclipse Adoptium
08-Oct-2026 10:24:50.481 INFO [main] org.apache.catalina.startup.VersionLoggerListener.log CATALINA_BASE:         /usr/local/tomcat
08-Oct-2026 10:24:50.481 INFO [main] org.apache.catalina.startup.VersionLoggerListener.log CATALINA_HOME:         /usr/local/tomcat
08-Oct-2026 10:24:50.514 INFO [main] org.apache.catalina.startup.VersionLoggerListener.log Command line argument: --add-opens=java.base/java.lang=ALL-UNNAMED
08-Oct-2026 10:24:50.514 INFO [main] org.apache.catalina.startup.VersionLoggerListener.log Command line argument: --add-opens=java.base/java.lang.invoke=ALL-UNNAMED
08-Oct-2026 10:24:50.514 INFO [main] org.apache.catalina.startup.VersionLoggerListener.log Command line argument: --add-opens=java.base/java.lang.reflect=ALL-UNNAMED
08-Oct-2026 10:24:50.514 INFO [main] org.apache.catalina.startup.VersionLoggerListener.log Command line argument: --add-opens=java.base/java.io=ALL-UNNAMED
08-Oct-2026 10:24:50.515 INFO [main] org.apache.catalina.startup.VersionLoggerListener.log Command line argument: --add-opens=java.base/java.util=ALL-UNNAMED
08-Oct-2026 10:24:50.516 INFO [main] org.apache.catalina.startup.VersionLoggerListener.log Command line argument: --add-opens=java.base/java.util.concurrent=ALL-UNNAMED
08-Oct-2026 10:24:50.516 INFO [main] org.apache.catalina.startup.VersionLoggerListener.log Command line argument: --add-opens=java.rmi/sun.rmi.transport=ALL-UNNAMED
08-Oct-2026 10:24:50.516 INFO [main] org.apache.catalina.startup.VersionLoggerListener.log Command line argument: -Djava.util.logging.config.file=/usr/local/tomcat/conf/logging.properties
08-Oct-2026 10:24:50.516 INFO [main] org.apache.catalina.startup.VersionLoggerListener.log Command line argument: -Djava.util.logging.manager=org.apache.juli.ClassLoaderLogManager
08-Oct-2026 10:24:50.517 INFO [main] org.apache.catalina.startup.VersionLoggerListener.log Command line argument: -Djdk.tls.ephemeralDHKeySize=2048
08-Oct-2026 10:24:50.517 INFO [main] org.apache.catalina.startup.VersionLoggerListener.log Command line argument: -Djava.protocol.handler.pkgs=org.apache.catalina.webresources
08-Oct-2026 10:24:50.517 INFO [main] org.apache.catalina.startup.VersionLoggerListener.log Command line argument: -Dsun.io.useCanonCaches=false
08-Oct-2026 10:24:50.517 INFO [main] org.apache.catalina.startup.VersionLoggerListener.log Command line argument: -Dorg.apache.catalina.security.SecurityListener.UMASK=0022
08-Oct-2026 10:24:50.517 INFO [main] org.apache.catalina.startup.VersionLoggerListener.log Command line argument: -Dignore.endorsed.dirs=
08-Oct-2026 10:24:50.517 INFO [main] org.apache.catalina.startup.VersionLoggerListener.log Command line argument: -Dcatalina.base=/usr/local/tomcat
08-Oct-2026 10:24:50.517 INFO [main] org.apache.catalina.startup.VersionLoggerListener.log Command line argument: -Dcatalina.home=/usr/local/tomcat
08-Oct-2026 10:24:50.517 INFO [main] org.apache.catalina.startup.VersionLoggerListener.log Command line argument: -Djava.io.tmpdir=/usr/local/tomcat/temp
08-Oct-2026 10:24:50.656 INFO [main] org.apache.catalina.core.AprLifecycleListener.lifecycleEvent Loaded Apache Tomcat Native library [1.3.7] using APR version [1.7.0].
08-Oct-2026 10:24:50.656 INFO [main] org.apache.catalina.core.AprLifecycleListener.lifecycleEvent APR capabilities: IPv6 [true], sendfile [true], accept filters [false], random [true], UDS [true].
08-Oct-2026 10:24:50.657 INFO [main] org.apache.catalina.core.AprLifecycleListener.lifecycleEvent APR/OpenSSL configuration: useAprConnector [false], useOpenSSL [true]
08-Oct-2026 10:24:50.711 INFO [main] org.apache.catalina.core.AprLifecycleListener.initializeSSL OpenSSL successfully initialized [OpenSSL 3.0.2 15 Mar 2022]
08-Oct-2026 10:24:51.280 INFO [main] org.apache.coyote.AbstractProtocol.init Initializing ProtocolHandler ["http-nio-8080"]
08-Oct-2026 10:24:51.342 INFO [main] org.apache.catalina.startup.Catalina.load Server initialization in [1283] milliseconds
08-Oct-2026 10:24:51.545 INFO [main] org.apache.catalina.core.StandardService.startInternal Starting service [Catalina]
08-Oct-2026 10:24:51.546 INFO [main] org.apache.catalina.core.StandardEngine.startInternal Starting Servlet engine: [Apache Tomcat/9.0.117]
08-Oct-2026 10:24:51.564 INFO [main] org.apache.catalina.startup.HostConfig.deployDescriptor Deploying deployment descriptor [/usr/local/tomcat/conf/Catalina/localhost/ROOT.xml]
08-Oct-2026 10:24:51.595 WARNING [main] org.apache.catalina.startup.HostConfig.deployDescriptor A docBase [/usr/local/tomcat/webapps/ROOT] inside the host appBase has been specified, and will be ignored
08-Oct-2026 10:24:55.477 INFO [main] org.apache.jasper.servlet.TldScanner.scanJars At least one JAR was scanned for TLDs yet contained no TLDs. Enable debug logging for this logger for a complete list of JARs that were scanned but no TLDs were found in them. Skipping unneeded JARs during scanning can improve startup time and JSP compilation time.
08-Oct-2026 10:25:09.367 INFO [main] nonapi.io.github.classgraph.classloaderhandler.lifecycle.ServletLifeCycleListener.contextInitialized Servlet context initialized
08-Oct-2026 10:25:09.627 WARNING [main] org.apache.catalina.util.SessionIdGeneratorBase.createSecureRandom Creation of SecureRandom instance for session ID generation using [SHA1PRNG] took [248] milliseconds.
08-Oct-2026 10:25:13.084 INFO [main] org.apache.catalina.startup.HostConfig.deployDescriptor Deployment of deployment descriptor [/usr/local/tomcat/conf/Catalina/localhost/ROOT.xml] has finished in [21,520] ms
08-Oct-2026 10:25:13.085 WARNING [main] org.apache.catalina.startup.HostConfig.deployWARs The directory [/usr/local/tomcat/webapps/ROOT] will be ignored because the WAR [/usr/local/tomcat/webapps/ROOT.war] takes priority and unpackWARs is false
08-Oct-2026 10:25:13.090 INFO [main] org.apache.coyote.AbstractProtocol.start Starting ProtocolHandler ["http-nio-8080"]
08-Oct-2026 10:25:13.120 INFO [main] org.apache.catalina.startup.Catalina.start Server startup in [21775] milliseconds
08-Oct-2026 10:28:56.036 INFO [main] org.apache.catalina.startup.VersionLoggerListener.log Server version name:   Apache Tomcat/9.0.117
08-Oct-2026 10:28:56.041 INFO [main] org.apache.catalina.startup.VersionLoggerListener.log Server built:          Mar 30 2026 18:21:16 UTC
08-Oct-2026 10:28:56.043 INFO [main] org.apache.catalina.startup.VersionLoggerListener.log Server version number: 9.0.117.0
08-Oct-2026 10:28:56.044 INFO [main] org.apache.catalina.startup.VersionLoggerListener.log OS Name:               Linux
08-Oct-2026 10:28:56.044 INFO [main] org.apache.catalina.startup.VersionLoggerListener.log OS Version:            6.8.0-142-generic
08-Oct-2026 10:28:56.044 INFO [main] org.apache.catalina.startup.VersionLoggerListener.log Architecture:          amd64
08-Oct-2026 10:28:56.044 INFO [main] org.apache.catalina.startup.VersionLoggerListener.log Java Home:             /opt/java/openjdk
08-Oct-2026 10:28:56.044 INFO [main] org.apache.catalina.startup.VersionLoggerListener.log JVM Version:           11.0.31+11
08-Oct-2026 10:28:56.044 INFO [main] org.apache.catalina.startup.VersionLoggerListener.log JVM Vendor:            Eclipse Adoptium
08-Oct-2026 10:28:56.044 INFO [main] org.apache.catalina.startup.VersionLoggerListener.log CATALINA_BASE:         /usr/local/tomcat
08-Oct-2026 10:28:56.044 INFO [main] org.apache.catalina.startup.VersionLoggerListener.log CATALINA_HOME:         /usr/local/tomcat
08-Oct-2026 10:28:56.066 INFO [main] org.apache.catalina.startup.VersionLoggerListener.log Command line argument: --add-opens=java.base/java.lang=ALL-UNNAMED
08-Oct-2026 10:28:56.067 INFO [main] org.apache.catalina.startup.VersionLoggerListener.log Command line argument: --add-opens=java.base/java.lang.invoke=ALL-UNNAMED
08-Oct-2026 10:28:56.067 INFO [main] org.apache.catalina.startup.VersionLoggerListener.log Command line argument: --add-opens=java.base/java.lang.reflect=ALL-UNNAMED
08-Oct-2026 10:28:56.067 INFO [main] org.apache.catalina.startup.VersionLoggerListener.log Command line argument: --add-opens=java.base/java.io=ALL-UNNAMED
08-Oct-2026 10:28:56.068 INFO [main] org.apache.catalina.startup.VersionLoggerListener.log Command line argument: --add-opens=java.base/java.util=ALL-UNNAMED
08-Oct-2026 10:28:56.068 INFO [main] org.apache.catalina.startup.VersionLoggerListener.log Command line argument: --add-opens=java.base/java.util.concurrent=ALL-UNNAMED
08-Oct-2026 10:28:56.069 INFO [main] org.apache.catalina.startup.VersionLoggerListener.log Command line argument: --add-opens=java.rmi/sun.rmi.transport=ALL-UNNAMED
08-Oct-2026 10:28:56.069 INFO [main] org.apache.catalina.startup.VersionLoggerListener.log Command line argument: -Djava.util.logging.config.file=/usr/local/tomcat/conf/logging.properties
08-Oct-2026 10:28:56.069 INFO [main] org.apache.catalina.startup.VersionLoggerListener.log Command line argument: -Djava.util.logging.manager=org.apache.juli.ClassLoaderLogManager
08-Oct-2026 10:28:56.070 INFO [main] org.apache.catalina.startup.VersionLoggerListener.log Command line argument: -Djdk.tls.ephemeralDHKeySize=2048
08-Oct-2026 10:28:56.070 INFO [main] org.apache.catalina.startup.VersionLoggerListener.log Command line argument: -Djava.protocol.handler.pkgs=org.apache.catalina.webresources
08-Oct-2026 10:28:56.070 INFO [main] org.apache.catalina.startup.VersionLoggerListener.log Command line argument: -Dsun.io.useCanonCaches=false
08-Oct-2026 10:28:56.070 INFO [main] org.apache.catalina.startup.VersionLoggerListener.log Command line argument: -Dorg.apache.catalina.security.SecurityListener.UMASK=0022
08-Oct-2026 10:28:56.071 INFO [main] org.apache.catalina.startup.VersionLoggerListener.log Command line argument: -Dignore.endorsed.dirs=
08-Oct-2026 10:28:56.071 INFO [main] org.apache.catalina.startup.VersionLoggerListener.log Command line argument: -Dcatalina.base=/usr/local/tomcat
08-Oct-2026 10:28:56.071 INFO [main] org.apache.catalina.startup.VersionLoggerListener.log Command line argument: -Dcatalina.home=/usr/local/tomcat
08-Oct-2026 10:28:56.071 INFO [main] org.apache.catalina.startup.VersionLoggerListener.log Command line argument: -Djava.io.tmpdir=/usr/local/tomcat/temp
08-Oct-2026 10:28:56.076 INFO [main] org.apache.catalina.core.AprLifecycleListener.lifecycleEvent Loaded Apache Tomcat Native library [1.3.7] using APR version [1.7.0].
08-Oct-2026 10:28:56.076 INFO [main] org.apache.catalina.core.AprLifecycleListener.lifecycleEvent APR capabilities: IPv6 [true], sendfile [true], accept filters [false], random [true], UDS [true].
08-Oct-2026 10:28:56.076 INFO [main] org.apache.catalina.core.AprLifecycleListener.lifecycleEvent APR/OpenSSL configuration: useAprConnector [false], useOpenSSL [true]
08-Oct-2026 10:28:56.080 INFO [main] org.apache.catalina.core.AprLifecycleListener.initializeSSL OpenSSL successfully initialized [OpenSSL 3.0.2 15 Mar 2022]
08-Oct-2026 10:28:56.573 INFO [main] org.apache.coyote.AbstractProtocol.init Initializing ProtocolHandler ["http-nio-8080"]
08-Oct-2026 10:28:56.638 INFO [main] org.apache.catalina.startup.Catalina.load Server initialization in [955] milliseconds
08-Oct-2026 10:28:56.762 INFO [main] org.apache.catalina.core.StandardService.startInternal Starting service [Catalina]
08-Oct-2026 10:28:56.762 INFO [main] org.apache.catalina.core.StandardEngine.startInternal Starting Servlet engine: [Apache Tomcat/9.0.117]
08-Oct-2026 10:28:56.772 INFO [main] org.apache.catalina.startup.HostConfig.deployDescriptor Deploying deployment descriptor [/usr/local/tomcat/conf/Catalina/localhost/ROOT.xml]
08-Oct-2026 10:28:56.798 WARNING [main] org.apache.catalina.startup.HostConfig.deployDescriptor A docBase [/usr/local/tomcat/webapps/ROOT] inside the host appBase has been specified, and will be ignored
08-Oct-2026 10:28:59.678 INFO [main] org.apache.jasper.servlet.TldScanner.scanJars At least one JAR was scanned for TLDs yet contained no TLDs. Enable debug logging for this logger for a complete list of JARs that were scanned but no TLDs were found in them. Skipping unneeded JARs during scanning can improve startup time and JSP compilation time.
08-Oct-2026 10:29:13.423 INFO [main] nonapi.io.github.classgraph.classloaderhandler.lifecycle.ServletLifeCycleListener.contextInitialized Servlet context initialized
08-Oct-2026 10:29:16.875 INFO [main] org.apache.catalina.startup.HostConfig.deployDescriptor Deployment of deployment descriptor [/usr/local/tomcat/conf/Catalina/localhost/ROOT.xml] has finished in [20,101] ms
08-Oct-2026 10:29:16.876 WARNING [main] org.apache.catalina.startup.HostConfig.deployWARs The directory [/usr/local/tomcat/webapps/ROOT] will be ignored because the WAR [/usr/local/tomcat/webapps/ROOT.war] takes priority and unpackWARs is false
08-Oct-2026 10:29:16.883 INFO [main] org.apache.coyote.AbstractProtocol.start Starting ProtocolHandler ["http-nio-8080"]
08-Oct-2026 10:29:16.909 INFO [main] org.apache.catalina.startup.Catalina.start Server startup in [20270] milliseconds
08-Oct-2026 11:28:55.026 INFO [main] org.apache.catalina.startup.VersionLoggerListener.log Server version name:   Apache Tomcat/9.0.117
08-Oct-2026 11:28:55.029 INFO [main] org.apache.catalina.startup.VersionLoggerListener.log Server built:          Mar 30 2026 18:21:16 UTC
08-Oct-2026 11:28:55.030 INFO [main] org.apache.catalina.startup.VersionLoggerListener.log Server version number: 9.0.117.0
08-Oct-2026 11:28:55.030 INFO [main] org.apache.catalina.startup.VersionLoggerListener.log OS Name:               Linux
08-Oct-2026 11:28:55.030 INFO [main] org.apache.catalina.startup.VersionLoggerListener.log OS Version:            6.8.0-142-generic
08-Oct-2026 11:28:55.030 INFO [main] org.apache.catalina.startup.VersionLoggerListener.log Architecture:          amd64
08-Oct-2026 11:28:55.030 INFO [main] org.apache.catalina.startup.VersionLoggerListener.log Java Home:             /opt/java/openjdk
08-Oct-2026 11:28:55.031 INFO [main] org.apache.catalina.startup.VersionLoggerListener.log JVM Version:           11.0.31+11
08-Oct-2026 11:28:55.031 INFO [main] org.apache.catalina.startup.VersionLoggerListener.log JVM Vendor:            Eclipse Adoptium
08-Oct-2026 11:28:55.031 INFO [main] org.apache.catalina.startup.VersionLoggerListener.log CATALINA_BASE:         /usr/local/tomcat
08-Oct-2026 11:28:55.031 INFO [main] org.apache.catalina.startup.VersionLoggerListener.log CATALINA_HOME:         /usr/local/tomcat
08-Oct-2026 11:28:55.117 INFO [main] org.apache.catalina.startup.VersionLoggerListener.log Command line argument: --add-opens=java.base/java.lang=ALL-UNNAMED
08-Oct-2026 11:28:55.117 INFO [main] org.apache.catalina.startup.VersionLoggerListener.log Command line argument: --add-opens=java.base/java.lang.invoke=ALL-UNNAMED
08-Oct-2026 11:28:55.118 INFO [main] org.apache.catalina.startup.VersionLoggerListener.log Command line argument: --add-opens=java.base/java.lang.reflect=ALL-UNNAMED
08-Oct-2026 11:28:55.118 INFO [main] org.apache.catalina.startup.VersionLoggerListener.log Command line argument: --add-opens=java.base/java.io=ALL-UNNAMED
08-Oct-2026 11:28:55.118 INFO [main] org.apache.catalina.startup.VersionLoggerListener.log Command line argument: --add-opens=java.base/java.util=ALL-UNNAMED
08-Oct-2026 11:28:55.118 INFO [main] org.apache.catalina.startup.VersionLoggerListener.log Command line argument: --add-opens=java.base/java.util.concurrent=ALL-UNNAMED
08-Oct-2026 11:28:55.119 INFO [main] org.apache.catalina.startup.VersionLoggerListener.log Command line argument: --add-opens=java.rmi/sun.rmi.transport=ALL-UNNAMED
08-Oct-2026 11:28:55.119 INFO [main] org.apache.catalina.startup.VersionLoggerListener.log Command line argument: -Djava.util.logging.config.file=/usr/local/tomcat/conf/logging.properties
08-Oct-2026 11:28:55.119 INFO [main] org.apache.catalina.startup.VersionLoggerListener.log Command line argument: -Djava.util.logging.manager=org.apache.juli.ClassLoaderLogManager
08-Oct-2026 11:28:55.120 INFO [main] org.apache.catalina.startup.VersionLoggerListener.log Command line argument: -Djdk.tls.ephemeralDHKeySize=2048
08-Oct-2026 11:28:55.120 INFO [main] org.apache.catalina.startup.VersionLoggerListener.log Command line argument: -Djava.protocol.handler.pkgs=org.apache.catalina.webresources
08-Oct-2026 11:28:55.120 INFO [main] org.apache.catalina.startup.VersionLoggerListener.log Command line argument: -Dsun.io.useCanonCaches=false
08-Oct-2026 11:28:55.120 INFO [main] org.apache.catalina.startup.VersionLoggerListener.log Command line argument: -Dorg.apache.catalina.security.SecurityListener.UMASK=0022
08-Oct-2026 11:28:55.120 INFO [main] org.apache.catalina.startup.VersionLoggerListener.log Command line argument: -Dignore.endorsed.dirs=
08-Oct-2026 11:28:55.120 INFO [main] org.apache.catalina.startup.VersionLoggerListener.log Command line argument: -Dcatalina.base=/usr/local/tomcat
08-Oct-2026 11:28:55.120 INFO [main] org.apache.catalina.startup.VersionLoggerListener.log Command line argument: -Dcatalina.home=/usr/local/tomcat
08-Oct-2026 11:28:55.120 INFO [main] org.apache.catalina.startup.VersionLoggerListener.log Command line argument: -Djava.io.tmpdir=/usr/local/tomcat/temp
08-Oct-2026 11:28:55.225 INFO [main] org.apache.catalina.core.AprLifecycleListener.lifecycleEvent Loaded Apache Tomcat Native library [1.3.7] using APR version [1.7.0].
08-Oct-2026 11:28:55.226 INFO [main] org.apache.catalina.core.AprLifecycleListener.lifecycleEvent APR capabilities: IPv6 [true], sendfile [true], accept filters [false], random [true], UDS [true].
08-Oct-2026 11:28:55.226 INFO [main] org.apache.catalina.core.AprLifecycleListener.lifecycleEvent APR/OpenSSL configuration: useAprConnector [false], useOpenSSL [true]
08-Oct-2026 11:28:55.241 INFO [main] org.apache.catalina.core.AprLifecycleListener.initializeSSL OpenSSL successfully initialized [OpenSSL 3.0.2 15 Mar 2022]
08-Oct-2026 11:28:58.144 INFO [main] org.apache.coyote.AbstractProtocol.init Initializing ProtocolHandler ["http-nio-8080"]
08-Oct-2026 11:28:58.214 INFO [main] org.apache.catalina.startup.Catalina.load Server initialization in [6210] milliseconds
08-Oct-2026 11:28:58.332 INFO [main] org.apache.catalina.core.StandardService.startInternal Starting service [Catalina]
08-Oct-2026 11:28:58.333 INFO [main] org.apache.catalina.core.StandardEngine.startInternal Starting Servlet engine: [Apache Tomcat/9.0.117]
08-Oct-2026 11:28:58.360 INFO [main] org.apache.catalina.startup.HostConfig.deployDescriptor Deploying deployment descriptor [/usr/local/tomcat/conf/Catalina/localhost/ROOT.xml]
08-Oct-2026 11:28:58.393 WARNING [main] org.apache.catalina.startup.HostConfig.deployDescriptor A docBase [/usr/local/tomcat/webapps/ROOT] inside the host appBase has been specified, and will be ignored
08-Oct-2026 11:29:15.190 INFO [main] org.apache.jasper.servlet.TldScanner.scanJars At least one JAR was scanned for TLDs yet contained no TLDs. Enable debug logging for this logger for a complete list of JARs that were scanned but no TLDs were found in them. Skipping unneeded JARs during scanning can improve startup time and JSP compilation time.
08-Oct-2026 11:29:52.500 INFO [main] nonapi.io.github.classgraph.classloaderhandler.lifecycle.ServletLifeCycleListener.contextInitialized Servlet context initialized
08-Oct-2026 11:29:52.637 WARNING [main] org.apache.catalina.util.SessionIdGeneratorBase.createSecureRandom Creation of SecureRandom instance for session ID generation using [SHA1PRNG] took [124] milliseconds.
08-Oct-2026 11:29:56.577 INFO [main] org.apache.catalina.startup.HostConfig.deployDescriptor Deployment of deployment descriptor [/usr/local/tomcat/conf/Catalina/localhost/ROOT.xml] has finished in [58,217] ms
08-Oct-2026 11:29:56.577 WARNING [main] org.apache.catalina.startup.HostConfig.deployWARs The directory [/usr/local/tomcat/webapps/ROOT] will be ignored because the WAR [/usr/local/tomcat/webapps/ROOT.war] takes priority and unpackWARs is false
08-Oct-2026 11:29:56.581 INFO [main] org.apache.coyote.AbstractProtocol.start Starting ProtocolHandler ["http-nio-8080"]
08-Oct-2026 11:29:56.615 INFO [main] org.apache.catalina.startup.Catalina.start Server startup in [58400] milliseconds
08-Oct-2026 12:32:01.437 INFO [Thread-13] org.apache.coyote.AbstractProtocol.pause Pausing ProtocolHandler ["http-nio-8080"]
08-Oct-2026 12:32:06.115 INFO [Thread-13] org.apache.catalina.core.StandardService.stopInternal Stopping service [Catalina]
08-Oct-2026 12:33:30.419 INFO [Thread-13] nonapi.io.github.classgraph.classloaderhandler.lifecycle.ServletLifeCycleListener.contextDestroyed Servlet context destroyed -- closing any remaning open ClassGraph ScanResult instances
08-Oct-2026 12:33:39.674 WARNING [Thread-13] org.apache.catalina.loader.WebappClassLoaderBase.clearReferencesJdbc The web application [ROOT] registered the JDBC driver [org.postgresql.Driver] but failed to unregister it when the web application was stopped. To prevent a memory leak, the JDBC Driver has been forcibly unregistered.
08-Oct-2026 12:33:41.679 WARNING [Thread-13] org.apache.catalina.loader.WebappClassLoaderBase.clearReferencesThreads The web application [ROOT] appears to have started a thread named [remote-support-reaper] but has failed to stop it. This is very likely to create a memory leak. Stack trace of thread:
 java.base@11.0.31/jdk.internal.misc.Unsafe.park(Native Method)
 java.base@11.0.31/java.util.concurrent.locks.LockSupport.parkNanos(LockSupport.java:234)
 java.base@11.0.31/java.util.concurrent.locks.AbstractQueuedSynchronizer$ConditionObject.awaitNanos(AbstractQueuedSynchronizer.java:2123)
 java.base@11.0.31/java.util.concurrent.ScheduledThreadPoolExecutor$DelayedWorkQueue.take(ScheduledThreadPoolExecutor.java:1182)
 java.base@11.0.31/java.util.concurrent.ScheduledThreadPoolExecutor$DelayedWorkQueue.take(ScheduledThreadPoolExecutor.java:899)
 java.base@11.0.31/java.util.concurrent.ThreadPoolExecutor.getTask(ThreadPoolExecutor.java:1054)
 java.base@11.0.31/java.util.concurrent.ThreadPoolExecutor.runWorker(ThreadPoolExecutor.java:1114)
 java.base@11.0.31/java.util.concurrent.ThreadPoolExecutor$Worker.run(ThreadPoolExecutor.java:628)
 java.base@11.0.31/java.lang.Thread.run(Thread.java:829)
08-Oct-2026 12:33:41.774 WARNING [Thread-13] org.apache.catalina.loader.WebappClassLoaderBase.clearReferencesThreads The web application [ROOT] appears to have started a thread named [pool-9-thread-1] but has failed to stop it. This is very likely to create a memory leak. Stack trace of thread:
 java.base@11.0.31/jdk.internal.misc.Unsafe.park(Native Method)
 java.base@11.0.31/java.util.concurrent.locks.LockSupport.park(LockSupport.java:194)
 java.base@11.0.31/java.util.concurrent.locks.AbstractQueuedSynchronizer$ConditionObject.await(AbstractQueuedSynchronizer.java:2081)
 java.base@11.0.31/java.util.concurrent.LinkedBlockingQueue.take(LinkedBlockingQueue.java:433)
 java.base@11.0.31/java.util.concurrent.ThreadPoolExecutor.getTask(ThreadPoolExecutor.java:1054)
 java.base@11.0.31/java.util.concurrent.ThreadPoolExecutor.runWorker(ThreadPoolExecutor.java:1114)
 java.base@11.0.31/java.util.concurrent.ThreadPoolExecutor$Worker.run(ThreadPoolExecutor.java:628)
 java.base@11.0.31/java.lang.Thread.run(Thread.java:829)
08-Oct-2026 12:33:42.081 WARNING [Thread-13] org.apache.catalina.loader.WebappClassLoaderBase.clearReferencesThreads The web application [ROOT] appears to have started a thread named [pool-9-thread-2] but has failed to stop it. This is very likely to create a memory leak. Stack trace of thread:
 java.base@11.0.31/jdk.internal.misc.Unsafe.park(Native Method)
 java.base@11.0.31/java.util.concurrent.locks.LockSupport.park(LockSupport.java:194)
 java.base@11.0.31/java.util.concurrent.locks.AbstractQueuedSynchronizer$ConditionObject.await(AbstractQueuedSynchronizer.java:2081)
 java.base@11.0.31/java.util.concurrent.LinkedBlockingQueue.take(LinkedBlockingQueue.java:433)
 java.base@11.0.31/java.util.concurrent.ThreadPoolExecutor.getTask(ThreadPoolExecutor.java:1054)
 java.base@11.0.31/java.util.concurrent.ThreadPoolExecutor.runWorker(ThreadPoolExecutor.java:1114)
 java.base@11.0.31/java.util.concurrent.ThreadPoolExecutor$Worker.run(ThreadPoolExecutor.java:628)
 java.base@11.0.31/java.lang.Thread.run(Thread.java:829)
08-Oct-2026 12:33:42.262 WARNING [Thread-13] org.apache.catalina.loader.WebappClassLoaderBase.clearReferencesThreads The web application [ROOT] appears to have started a thread named [pool-9-thread-3] but has failed to stop it. This is very likely to create a memory leak. Stack trace of thread:
 java.base@11.0.31/jdk.internal.misc.Unsafe.park(Native Method)
 java.base@11.0.31/java.util.concurrent.locks.LockSupport.park(LockSupport.java:194)
 java.base@11.0.31/java.util.concurrent.locks.AbstractQueuedSynchronizer$ConditionObject.await(AbstractQueuedSynchronizer.java:2081)
 java.base@11.0.31/java.util.concurrent.LinkedBlockingQueue.take(LinkedBlockingQueue.java:433)
 java.base@11.0.31/java.util.concurrent.ThreadPoolExecutor.getTask(ThreadPoolExecutor.java:1054)
 java.base@11.0.31/java.util.concurrent.ThreadPoolExecutor.runWorker(ThreadPoolExecutor.java:1114)
 java.base@11.0.31/java.util.concurrent.ThreadPoolExecutor$Worker.run(ThreadPoolExecutor.java:628)
 java.base@11.0.31/java.lang.Thread.run(Thread.java:829)
08-Oct-2026 12:33:42.436 WARNING [Thread-13] org.apache.catalina.loader.WebappClassLoaderBase.clearReferencesThreads The web application [ROOT] appears to have started a thread named [pool-9-thread-4] but has failed to stop it. This is very likely to create a memory leak. Stack trace of thread:
 java.base@11.0.31/jdk.internal.misc.Unsafe.park(Native Method)
 java.base@11.0.31/java.util.concurrent.locks.LockSupport.park(LockSupport.java:194)
 java.base@11.0.31/java.util.concurrent.locks.AbstractQueuedSynchronizer$ConditionObject.await(AbstractQueuedSynchronizer.java:2081)
 java.base@11.0.31/java.util.concurrent.LinkedBlockingQueue.take(LinkedBlockingQueue.java:433)
 java.base@11.0.31/java.util.concurrent.ThreadPoolExecutor.getTask(ThreadPoolExecutor.java:1054)
 java.base@11.0.31/java.util.concurrent.ThreadPoolExecutor.runWorker(ThreadPoolExecutor.java:1114)
 java.base@11.0.31/java.util.concurrent.ThreadPoolExecutor$Worker.run(ThreadPoolExecutor.java:628)
 java.base@11.0.31/java.lang.Thread.run(Thread.java:829)
08-Oct-2026 12:33:42.720 WARNING [Thread-13] org.apache.catalina.loader.WebappClassLoaderBase.clearReferencesThreads The web application [ROOT] appears to have started a thread named [pool-9-thread-5] but has failed to stop it. This is very likely to create a memory leak. Stack trace of thread:
 java.base@11.0.31/jdk.internal.misc.Unsafe.park(Native Method)
 java.base@11.0.31/java.util.concurrent.locks.LockSupport.park(LockSupport.java:194)
 java.base@11.0.31/java.util.concurrent.locks.AbstractQueuedSynchronizer$ConditionObject.await(AbstractQueuedSynchronizer.java:2081)
 java.base@11.0.31/java.util.concurrent.LinkedBlockingQueue.take(LinkedBlockingQueue.java:433)
 java.base@11.0.31/java.util.concurrent.ThreadPoolExecutor.getTask(ThreadPoolExecutor.java:1054)
 java.base@11.0.31/java.util.concurrent.ThreadPoolExecutor.runWorker(ThreadPoolExecutor.java:1114)
 java.base@11.0.31/java.util.concurrent.ThreadPoolExecutor$Worker.run(ThreadPoolExecutor.java:628)
 java.base@11.0.31/java.lang.Thread.run(Thread.java:829)
08-Oct-2026 12:33:42.925 WARNING [Thread-13] org.apache.catalina.loader.WebappClassLoaderBase.clearReferencesThreads The web application [ROOT] appears to have started a thread named [MQTT Reconnect: HMDMServer] but has failed to stop it. This is very likely to create a memory leak. Stack trace of thread:
 java.base@11.0.31/java.lang.Object.wait(Native Method)
 java.base@11.0.31/java.util.TimerThread.mainLoop(Timer.java:553)
 java.base@11.0.31/java.util.TimerThread.run(Timer.java:506)
08-Oct-2026 12:34:29.915 INFO [Thread-13] org.apache.coyote.AbstractProtocol.stop Stopping ProtocolHandler ["http-nio-8080"]
08-Oct-2026 12:34:31.903 WARNING [Thread-13] org.apache.tomcat.util.net.NioEndpoint.stopInternal The pollers did not stop within the expected time
08-Oct-2026 12:34:37.478 INFO [Thread-13] org.apache.coyote.AbstractProtocol.destroy Destroying ProtocolHandler ["http-nio-8080"]
08-Oct-2026 12:40:22.296 INFO [Finalizer] org.apache.catalina.loader.WebappClassLoaderBase.checkStateForResourceLoading Illegal access: this web application instance has been stopped already. Could not load [org.postgresql.util.GT]. The following stack trace is thrown for debugging purposes as well as to attempt to terminate the thread which caused the illegal access.
	java.lang.IllegalStateException: Illegal access: this web application instance has been stopped already. Could not load [org.postgresql.util.GT]. The following stack trace is thrown for debugging purposes as well as to attempt to terminate the thread which caused the illegal access.
		at org.apache.catalina.loader.WebappClassLoaderBase.checkStateForResourceLoading(WebappClassLoaderBase.java:1370)
		at org.apache.catalina.loader.WebappClassLoaderBase.checkStateForClassLoading(WebappClassLoaderBase.java:1359)
		at org.apache.catalina.loader.WebappClassLoaderBase.loadClass(WebappClassLoaderBase.java:1193)
		at org.apache.catalina.loader.WebappClassLoaderBase.loadClass(WebappClassLoaderBase.java:1160)
		at org.postgresql.jdbc.PgConnection.checkClosed(PgConnection.java:883)
		at org.postgresql.jdbc.PgConnection.getAutoCommit(PgConnection.java:843)
		at org.apache.ibatis.datasource.pooled.PooledDataSource.forceCloseAll(PooledDataSource.java:343)
		at org.apache.ibatis.datasource.pooled.PooledDataSource.finalize(PooledDataSource.java:590)
		at java.base/java.lang.System$2.invokeFinalize(System.java:2142)
		at java.base/java.lang.ref.Finalizer.runFinalizer(Finalizer.java:87)
		at java.base/java.lang.ref.Finalizer$FinalizerThread.run(Finalizer.java:171)
08-Oct-2026 12:43:29.421 INFO [main] org.apache.catalina.startup.VersionLoggerListener.log Server version name:   Apache Tomcat/9.0.117
08-Oct-2026 12:43:29.425 INFO [main] org.apache.catalina.startup.VersionLoggerListener.log Server built:          Mar 30 2026 18:21:16 UTC
08-Oct-2026 12:43:29.426 INFO [main] org.apache.catalina.startup.VersionLoggerListener.log Server version number: 9.0.117.0
08-Oct-2026 12:43:29.426 INFO [main] org.apache.catalina.startup.VersionLoggerListener.log OS Name:               Linux
08-Oct-2026 12:43:29.426 INFO [main] org.apache.catalina.startup.VersionLoggerListener.log OS Version:            6.8.0-142-generic
08-Oct-2026 12:43:29.426 INFO [main] org.apache.catalina.startup.VersionLoggerListener.log Architecture:          amd64
08-Oct-2026 12:43:29.426 INFO [main] org.apache.catalina.startup.VersionLoggerListener.log Java Home:             /opt/java/openjdk
08-Oct-2026 12:43:29.427 INFO [main] org.apache.catalina.startup.VersionLoggerListener.log JVM Version:           11.0.31+11
08-Oct-2026 12:43:29.427 INFO [main] org.apache.catalina.startup.VersionLoggerListener.log JVM Vendor:            Eclipse Adoptium
08-Oct-2026 12:43:29.427 INFO [main] org.apache.catalina.startup.VersionLoggerListener.log CATALINA_BASE:         /usr/local/tomcat
08-Oct-2026 12:43:29.427 INFO [main] org.apache.catalina.startup.VersionLoggerListener.log CATALINA_HOME:         /usr/local/tomcat
08-Oct-2026 12:43:29.730 INFO [main] org.apache.catalina.startup.VersionLoggerListener.log Command line argument: --add-opens=java.base/java.lang=ALL-UNNAMED
08-Oct-2026 12:43:29.730 INFO [main] org.apache.catalina.startup.VersionLoggerListener.log Command line argument: --add-opens=java.base/java.lang.invoke=ALL-UNNAMED
08-Oct-2026 12:43:29.730 INFO [main] org.apache.catalina.startup.VersionLoggerListener.log Command line argument: --add-opens=java.base/java.lang.reflect=ALL-UNNAMED
08-Oct-2026 12:43:29.731 INFO [main] org.apache.catalina.startup.VersionLoggerListener.log Command line argument: --add-opens=java.base/java.io=ALL-UNNAMED
08-Oct-2026 12:43:29.731 INFO [main] org.apache.catalina.startup.VersionLoggerListener.log Command line argument: --add-opens=java.base/java.util=ALL-UNNAMED
08-Oct-2026 12:43:29.731 INFO [main] org.apache.catalina.startup.VersionLoggerListener.log Command line argument: --add-opens=java.base/java.util.concurrent=ALL-UNNAMED
08-Oct-2026 12:43:29.731 INFO [main] org.apache.catalina.startup.VersionLoggerListener.log Command line argument: --add-opens=java.rmi/sun.rmi.transport=ALL-UNNAMED
08-Oct-2026 12:43:29.731 INFO [main] org.apache.catalina.startup.VersionLoggerListener.log Command line argument: -Djava.util.logging.config.file=/usr/local/tomcat/conf/logging.properties
08-Oct-2026 12:43:29.731 INFO [main] org.apache.catalina.startup.VersionLoggerListener.log Command line argument: -Djava.util.logging.manager=org.apache.juli.ClassLoaderLogManager
08-Oct-2026 12:43:29.731 INFO [main] org.apache.catalina.startup.VersionLoggerListener.log Command line argument: -Djdk.tls.ephemeralDHKeySize=2048
08-Oct-2026 12:43:29.731 INFO [main] org.apache.catalina.startup.VersionLoggerListener.log Command line argument: -Djava.protocol.handler.pkgs=org.apache.catalina.webresources
08-Oct-2026 12:43:29.731 INFO [main] org.apache.catalina.startup.VersionLoggerListener.log Command line argument: -Dsun.io.useCanonCaches=false
08-Oct-2026 12:43:29.731 INFO [main] org.apache.catalina.startup.VersionLoggerListener.log Command line argument: -Dorg.apache.catalina.security.SecurityListener.UMASK=0022
08-Oct-2026 12:43:29.731 INFO [main] org.apache.catalina.startup.VersionLoggerListener.log Command line argument: -Dignore.endorsed.dirs=
08-Oct-2026 12:43:29.732 INFO [main] org.apache.catalina.startup.VersionLoggerListener.log Command line argument: -Dcatalina.base=/usr/local/tomcat
08-Oct-2026 12:43:29.732 INFO [main] org.apache.catalina.startup.VersionLoggerListener.log Command line argument: -Dcatalina.home=/usr/local/tomcat
08-Oct-2026 12:43:29.732 INFO [main] org.apache.catalina.startup.VersionLoggerListener.log Command line argument: -Djava.io.tmpdir=/usr/local/tomcat/temp
08-Oct-2026 12:43:29.838 INFO [main] org.apache.catalina.core.AprLifecycleListener.lifecycleEvent Loaded Apache Tomcat Native library [1.3.7] using APR version [1.7.0].
08-Oct-2026 12:43:29.838 INFO [main] org.apache.catalina.core.AprLifecycleListener.lifecycleEvent APR capabilities: IPv6 [true], sendfile [true], accept filters [false], random [true], UDS [true].
08-Oct-2026 12:43:29.838 INFO [main] org.apache.catalina.core.AprLifecycleListener.lifecycleEvent APR/OpenSSL configuration: useAprConnector [false], useOpenSSL [true]
08-Oct-2026 12:43:29.843 INFO [main] org.apache.catalina.core.AprLifecycleListener.initializeSSL OpenSSL successfully initialized [OpenSSL 3.0.2 15 Mar 2022]
08-Oct-2026 12:43:34.648 INFO [main] org.apache.coyote.AbstractProtocol.init Initializing ProtocolHandler ["http-nio-8080"]
08-Oct-2026 12:43:37.373 INFO [main] org.apache.catalina.startup.Catalina.load Server initialization in [11263] milliseconds
08-Oct-2026 12:43:40.292 INFO [main] org.apache.catalina.core.StandardService.startInternal Starting service [Catalina]
08-Oct-2026 12:43:40.293 INFO [main] org.apache.catalina.core.StandardEngine.startInternal Starting Servlet engine: [Apache Tomcat/9.0.117]
08-Oct-2026 12:43:40.528 INFO [main] org.apache.catalina.startup.HostConfig.deployDescriptor Deploying deployment descriptor [/usr/local/tomcat/conf/Catalina/localhost/ROOT.xml]
08-Oct-2026 12:43:41.081 WARNING [main] org.apache.catalina.startup.HostConfig.deployDescriptor A docBase [/usr/local/tomcat/webapps/ROOT] inside the host appBase has been specified, and will be ignored
08-Oct-2026 12:44:16.374 INFO [main] org.apache.jasper.servlet.TldScanner.scanJars At least one JAR was scanned for TLDs yet contained no TLDs. Enable debug logging for this logger for a complete list of JARs that were scanned but no TLDs were found in them. Skipping unneeded JARs during scanning can improve startup time and JSP compilation time.
08-Oct-2026 12:44:50.199 INFO [main] nonapi.io.github.classgraph.classloaderhandler.lifecycle.ServletLifeCycleListener.contextInitialized Servlet context initialized
08-Oct-2026 12:44:58.640 INFO [main] org.apache.catalina.startup.HostConfig.deployDescriptor Deployment of deployment descriptor [/usr/local/tomcat/conf/Catalina/localhost/ROOT.xml] has finished in [78,109] ms
08-Oct-2026 12:44:58.640 WARNING [main] org.apache.catalina.startup.HostConfig.deployWARs The directory [/usr/local/tomcat/webapps/ROOT] will be ignored because the WAR [/usr/local/tomcat/webapps/ROOT.war] takes priority and unpackWARs is false
08-Oct-2026 12:44:58.646 INFO [main] org.apache.coyote.AbstractProtocol.start Starting ProtocolHandler ["http-nio-8080"]
08-Oct-2026 12:44:58.755 INFO [main] org.apache.catalina.startup.Catalina.start Server startup in [81382] milliseconds
08-Oct-2026 12:46:52.920 INFO [main] org.apache.catalina.startup.VersionLoggerListener.log Server version name:   Apache Tomcat/9.0.117
08-Oct-2026 12:46:52.932 INFO [main] org.apache.catalina.startup.VersionLoggerListener.log Server built:          Mar 30 2026 18:21:16 UTC
08-Oct-2026 12:46:52.935 INFO [main] org.apache.catalina.startup.VersionLoggerListener.log Server version number: 9.0.117.0
08-Oct-2026 12:46:52.935 INFO [main] org.apache.catalina.startup.VersionLoggerListener.log OS Name:               Linux
08-Oct-2026 12:46:52.936 INFO [main] org.apache.catalina.startup.VersionLoggerListener.log OS Version:            6.8.0-142-generic
08-Oct-2026 12:46:52.936 INFO [main] org.apache.catalina.startup.VersionLoggerListener.log Architecture:          amd64
08-Oct-2026 12:46:52.936 INFO [main] org.apache.catalina.startup.VersionLoggerListener.log Java Home:             /opt/java/openjdk
08-Oct-2026 12:46:52.936 INFO [main] org.apache.catalina.startup.VersionLoggerListener.log JVM Version:           11.0.31+11
08-Oct-2026 12:46:52.936 INFO [main] org.apache.catalina.startup.VersionLoggerListener.log JVM Vendor:            Eclipse Adoptium
08-Oct-2026 12:46:52.936 INFO [main] org.apache.catalina.startup.VersionLoggerListener.log CATALINA_BASE:         /usr/local/tomcat
08-Oct-2026 12:46:52.936 INFO [main] org.apache.catalina.startup.VersionLoggerListener.log CATALINA_HOME:         /usr/local/tomcat
08-Oct-2026 12:46:52.951 INFO [main] org.apache.catalina.startup.VersionLoggerListener.log Command line argument: --add-opens=java.base/java.lang=ALL-UNNAMED
08-Oct-2026 12:46:52.955 INFO [main] org.apache.catalina.startup.VersionLoggerListener.log Command line argument: --add-opens=java.base/java.lang.invoke=ALL-UNNAMED
08-Oct-2026 12:46:52.955 INFO [main] org.apache.catalina.startup.VersionLoggerListener.log Command line argument: --add-opens=java.base/java.lang.reflect=ALL-UNNAMED
08-Oct-2026 12:46:52.956 INFO [main] org.apache.catalina.startup.VersionLoggerListener.log Command line argument: --add-opens=java.base/java.io=ALL-UNNAMED
08-Oct-2026 12:46:52.956 INFO [main] org.apache.catalina.startup.VersionLoggerListener.log Command line argument: --add-opens=java.base/java.util=ALL-UNNAMED
08-Oct-2026 12:46:52.956 INFO [main] org.apache.catalina.startup.VersionLoggerListener.log Command line argument: --add-opens=java.base/java.util.concurrent=ALL-UNNAMED
08-Oct-2026 12:46:52.956 INFO [main] org.apache.catalina.startup.VersionLoggerListener.log Command line argument: --add-opens=java.rmi/sun.rmi.transport=ALL-UNNAMED
08-Oct-2026 12:46:52.957 INFO [main] org.apache.catalina.startup.VersionLoggerListener.log Command line argument: -Djava.util.logging.config.file=/usr/local/tomcat/conf/logging.properties
08-Oct-2026 12:46:52.957 INFO [main] org.apache.catalina.startup.VersionLoggerListener.log Command line argument: -Djava.util.logging.manager=org.apache.juli.ClassLoaderLogManager
08-Oct-2026 12:46:52.957 INFO [main] org.apache.catalina.startup.VersionLoggerListener.log Command line argument: -Djdk.tls.ephemeralDHKeySize=2048
08-Oct-2026 12:46:52.957 INFO [main] org.apache.catalina.startup.VersionLoggerListener.log Command line argument: -Djava.protocol.handler.pkgs=org.apache.catalina.webresources
08-Oct-2026 12:46:52.957 INFO [main] org.apache.catalina.startup.VersionLoggerListener.log Command line argument: -Dsun.io.useCanonCaches=false
08-Oct-2026 12:46:52.960 INFO [main] org.apache.catalina.startup.VersionLoggerListener.log Command line argument: -Dorg.apache.catalina.security.SecurityListener.UMASK=0022
08-Oct-2026 12:46:52.960 INFO [main] org.apache.catalina.startup.VersionLoggerListener.log Command line argument: -Dignore.endorsed.dirs=
08-Oct-2026 12:46:52.960 INFO [main] org.apache.catalina.startup.VersionLoggerListener.log Command line argument: -Dcatalina.base=/usr/local/tomcat
08-Oct-2026 12:46:52.961 INFO [main] org.apache.catalina.startup.VersionLoggerListener.log Command line argument: -Dcatalina.home=/usr/local/tomcat
08-Oct-2026 12:46:52.961 INFO [main] org.apache.catalina.startup.VersionLoggerListener.log Command line argument: -Djava.io.tmpdir=/usr/local/tomcat/temp
08-Oct-2026 12:46:52.968 INFO [main] org.apache.catalina.core.AprLifecycleListener.lifecycleEvent Loaded Apache Tomcat Native library [1.3.7] using APR version [1.7.0].
08-Oct-2026 12:46:52.968 INFO [main] org.apache.catalina.core.AprLifecycleListener.lifecycleEvent APR capabilities: IPv6 [true], sendfile [true], accept filters [false], random [true], UDS [true].
08-Oct-2026 12:46:52.968 INFO [main] org.apache.catalina.core.AprLifecycleListener.lifecycleEvent APR/OpenSSL configuration: useAprConnector [false], useOpenSSL [true]
08-Oct-2026 12:46:52.974 INFO [main] org.apache.catalina.core.AprLifecycleListener.initializeSSL OpenSSL successfully initialized [OpenSSL 3.0.2 15 Mar 2022]
08-Oct-2026 12:46:53.379 INFO [main] org.apache.coyote.AbstractProtocol.init Initializing ProtocolHandler ["http-nio-8080"]
08-Oct-2026 12:46:53.408 INFO [main] org.apache.catalina.startup.Catalina.load Server initialization in [2160] milliseconds
08-Oct-2026 12:46:53.484 INFO [main] org.apache.catalina.core.StandardService.startInternal Starting service [Catalina]
08-Oct-2026 12:46:53.486 INFO [main] org.apache.catalina.core.StandardEngine.startInternal Starting Servlet engine: [Apache Tomcat/9.0.117]
08-Oct-2026 12:46:53.507 INFO [main] org.apache.catalina.startup.HostConfig.deployDescriptor Deploying deployment descriptor [/usr/local/tomcat/conf/Catalina/localhost/ROOT.xml]
08-Oct-2026 12:46:53.539 WARNING [main] org.apache.catalina.startup.HostConfig.deployDescriptor A docBase [/usr/local/tomcat/webapps/ROOT] inside the host appBase has been specified, and will be ignored
08-Oct-2026 12:46:58.159 INFO [main] org.apache.jasper.servlet.TldScanner.scanJars At least one JAR was scanned for TLDs yet contained no TLDs. Enable debug logging for this logger for a complete list of JARs that were scanned but no TLDs were found in them. Skipping unneeded JARs during scanning can improve startup time and JSP compilation time.
08-Oct-2026 12:47:28.672 INFO [main] nonapi.io.github.classgraph.classloaderhandler.lifecycle.ServletLifeCycleListener.contextInitialized Servlet context initialized
08-Oct-2026 12:47:36.692 INFO [main] org.apache.catalina.startup.HostConfig.deployDescriptor Deployment of deployment descriptor [/usr/local/tomcat/conf/Catalina/localhost/ROOT.xml] has finished in [43,181] ms
08-Oct-2026 12:47:36.693 WARNING [main] org.apache.catalina.startup.HostConfig.deployWARs The directory [/usr/local/tomcat/webapps/ROOT] will be ignored because the WAR [/usr/local/tomcat/webapps/ROOT.war] takes priority and unpackWARs is false
08-Oct-2026 12:47:36.829 INFO [main] org.apache.coyote.AbstractProtocol.start Starting ProtocolHandler ["http-nio-8080"]
08-Oct-2026 12:47:37.012 INFO [main] org.apache.catalina.startup.Catalina.start Server startup in [43603] milliseconds
08-Oct-2026 13:48:15.573 INFO [main] org.apache.catalina.startup.VersionLoggerListener.log Server version name:   Apache Tomcat/9.0.117
08-Oct-2026 13:48:15.577 INFO [main] org.apache.catalina.startup.VersionLoggerListener.log Server built:          Mar 30 2026 18:21:16 UTC
08-Oct-2026 13:48:15.579 INFO [main] org.apache.catalina.startup.VersionLoggerListener.log Server version number: 9.0.117.0
08-Oct-2026 13:48:15.579 INFO [main] org.apache.catalina.startup.VersionLoggerListener.log OS Name:               Linux
08-Oct-2026 13:48:15.579 INFO [main] org.apache.catalina.startup.VersionLoggerListener.log OS Version:            6.8.0-142-generic
08-Oct-2026 13:48:15.580 INFO [main] org.apache.catalina.startup.VersionLoggerListener.log Architecture:          amd64
08-Oct-2026 13:48:15.580 INFO [main] org.apache.catalina.startup.VersionLoggerListener.log Java Home:             /opt/java/openjdk
08-Oct-2026 13:48:15.580 INFO [main] org.apache.catalina.startup.VersionLoggerListener.log JVM Version:           11.0.31+11
08-Oct-2026 13:48:15.580 INFO [main] org.apache.catalina.startup.VersionLoggerListener.log JVM Vendor:            Eclipse Adoptium
08-Oct-2026 13:48:15.580 INFO [main] org.apache.catalina.startup.VersionLoggerListener.log CATALINA_BASE:         /usr/local/tomcat
08-Oct-2026 13:48:15.580 INFO [main] org.apache.catalina.startup.VersionLoggerListener.log CATALINA_HOME:         /usr/local/tomcat
08-Oct-2026 13:48:16.145 INFO [main] org.apache.catalina.startup.VersionLoggerListener.log Command line argument: --add-opens=java.base/java.lang=ALL-UNNAMED
08-Oct-2026 13:48:16.146 INFO [main] org.apache.catalina.startup.VersionLoggerListener.log Command line argument: --add-opens=java.base/java.lang.invoke=ALL-UNNAMED
08-Oct-2026 13:48:16.146 INFO [main] org.apache.catalina.startup.VersionLoggerListener.log Command line argument: --add-opens=java.base/java.lang.reflect=ALL-UNNAMED
08-Oct-2026 13:48:16.146 INFO [main] org.apache.catalina.startup.VersionLoggerListener.log Command line argument: --add-opens=java.base/java.io=ALL-UNNAMED
08-Oct-2026 13:48:16.146 INFO [main] org.apache.catalina.startup.VersionLoggerListener.log Command line argument: --add-opens=java.base/java.util=ALL-UNNAMED
08-Oct-2026 13:48:16.146 INFO [main] org.apache.catalina.startup.VersionLoggerListener.log Command line argument: --add-opens=java.base/java.util.concurrent=ALL-UNNAMED
08-Oct-2026 13:48:16.146 INFO [main] org.apache.catalina.startup.VersionLoggerListener.log Command line argument: --add-opens=java.rmi/sun.rmi.transport=ALL-UNNAMED
08-Oct-2026 13:48:16.146 INFO [main] org.apache.catalina.startup.VersionLoggerListener.log Command line argument: -Djava.util.logging.config.file=/usr/local/tomcat/conf/logging.properties
08-Oct-2026 13:48:16.146 INFO [main] org.apache.catalina.startup.VersionLoggerListener.log Command line argument: -Djava.util.logging.manager=org.apache.juli.ClassLoaderLogManager
08-Oct-2026 13:48:16.146 INFO [main] org.apache.catalina.startup.VersionLoggerListener.log Command line argument: -Djdk.tls.ephemeralDHKeySize=2048
08-Oct-2026 13:48:16.147 INFO [main] org.apache.catalina.startup.VersionLoggerListener.log Command line argument: -Djava.protocol.handler.pkgs=org.apache.catalina.webresources
08-Oct-2026 13:48:16.147 INFO [main] org.apache.catalina.startup.VersionLoggerListener.log Command line argument: -Dsun.io.useCanonCaches=false
08-Oct-2026 13:48:16.147 INFO [main] org.apache.catalina.startup.VersionLoggerListener.log Command line argument: -Dorg.apache.catalina.security.SecurityListener.UMASK=0022
08-Oct-2026 13:48:16.147 INFO [main] org.apache.catalina.startup.VersionLoggerListener.log Command line argument: -Dignore.endorsed.dirs=
08-Oct-2026 13:48:16.147 INFO [main] org.apache.catalina.startup.VersionLoggerListener.log Command line argument: -Dcatalina.base=/usr/local/tomcat
08-Oct-2026 13:48:16.147 INFO [main] org.apache.catalina.startup.VersionLoggerListener.log Command line argument: -Dcatalina.home=/usr/local/tomcat
08-Oct-2026 13:48:16.147 INFO [main] org.apache.catalina.startup.VersionLoggerListener.log Command line argument: -Djava.io.tmpdir=/usr/local/tomcat/temp
08-Oct-2026 13:48:16.392 INFO [main] org.apache.catalina.core.AprLifecycleListener.lifecycleEvent Loaded Apache Tomcat Native library [1.3.7] using APR version [1.7.0].
08-Oct-2026 13:48:16.392 INFO [main] org.apache.catalina.core.AprLifecycleListener.lifecycleEvent APR capabilities: IPv6 [true], sendfile [true], accept filters [false], random [true], UDS [true].
08-Oct-2026 13:48:16.392 INFO [main] org.apache.catalina.core.AprLifecycleListener.lifecycleEvent APR/OpenSSL configuration: useAprConnector [false], useOpenSSL [true]
08-Oct-2026 13:48:16.419 INFO [main] org.apache.catalina.core.AprLifecycleListener.initializeSSL OpenSSL successfully initialized [OpenSSL 3.0.2 15 Mar 2022]
08-Oct-2026 13:48:17.539 INFO [main] org.apache.coyote.AbstractProtocol.init Initializing ProtocolHandler ["http-nio-8080"]
08-Oct-2026 13:48:17.661 INFO [main] org.apache.catalina.startup.Catalina.load Server initialization in [3203] milliseconds
08-Oct-2026 13:48:17.811 INFO [main] org.apache.catalina.core.StandardService.startInternal Starting service [Catalina]
08-Oct-2026 13:48:17.811 INFO [main] org.apache.catalina.core.StandardEngine.startInternal Starting Servlet engine: [Apache Tomcat/9.0.117]
08-Oct-2026 13:48:17.826 INFO [main] org.apache.catalina.startup.HostConfig.deployDescriptor Deploying deployment descriptor [/usr/local/tomcat/conf/Catalina/localhost/ROOT.xml]
08-Oct-2026 13:48:17.848 WARNING [main] org.apache.catalina.startup.HostConfig.deployDescriptor A docBase [/usr/local/tomcat/webapps/ROOT] inside the host appBase has been specified, and will be ignored
08-Oct-2026 13:48:23.494 INFO [main] org.apache.jasper.servlet.TldScanner.scanJars At least one JAR was scanned for TLDs yet contained no TLDs. Enable debug logging for this logger for a complete list of JARs that were scanned but no TLDs were found in them. Skipping unneeded JARs during scanning can improve startup time and JSP compilation time.
08-Oct-2026 13:48:45.149 INFO [main] nonapi.io.github.classgraph.classloaderhandler.lifecycle.ServletLifeCycleListener.contextInitialized Servlet context initialized
08-Oct-2026 13:48:45.370 WARNING [main] org.apache.catalina.util.SessionIdGeneratorBase.createSecureRandom Creation of SecureRandom instance for session ID generation using [SHA1PRNG] took [186] milliseconds.
08-Oct-2026 13:48:50.708 INFO [main] org.apache.catalina.startup.HostConfig.deployDescriptor Deployment of deployment descriptor [/usr/local/tomcat/conf/Catalina/localhost/ROOT.xml] has finished in [32,881] ms
08-Oct-2026 13:48:50.715 INFO [main] org.apache.coyote.AbstractProtocol.start Starting ProtocolHandler ["http-nio-8080"]
08-Oct-2026 13:48:50.783 INFO [main] org.apache.catalina.startup.Catalina.start Server startup in [33121] milliseconds
08-Oct-2026 14:48:57.259 INFO [main] org.apache.catalina.startup.VersionLoggerListener.log Server version name:   Apache Tomcat/9.0.117
08-Oct-2026 14:48:57.267 INFO [main] org.apache.catalina.startup.VersionLoggerListener.log Server built:          Mar 30 2026 18:21:16 UTC
08-Oct-2026 14:48:57.271 INFO [main] org.apache.catalina.startup.VersionLoggerListener.log Server version number: 9.0.117.0
08-Oct-2026 14:48:57.271 INFO [main] org.apache.catalina.startup.VersionLoggerListener.log OS Name:               Linux
08-Oct-2026 14:48:57.271 INFO [main] org.apache.catalina.startup.VersionLoggerListener.log OS Version:            6.8.0-142-generic
08-Oct-2026 14:48:57.271 INFO [main] org.apache.catalina.startup.VersionLoggerListener.log Architecture:          amd64
08-Oct-2026 14:48:57.271 INFO [main] org.apache.catalina.startup.VersionLoggerListener.log Java Home:             /opt/java/openjdk
08-Oct-2026 14:48:57.271 INFO [main] org.apache.catalina.startup.VersionLoggerListener.log JVM Version:           11.0.31+11
08-Oct-2026 14:48:57.272 INFO [main] org.apache.catalina.startup.VersionLoggerListener.log JVM Vendor:            Eclipse Adoptium
08-Oct-2026 14:48:57.272 INFO [main] org.apache.catalina.startup.VersionLoggerListener.log CATALINA_BASE:         /usr/local/tomcat
08-Oct-2026 14:48:57.272 INFO [main] org.apache.catalina.startup.VersionLoggerListener.log CATALINA_HOME:         /usr/local/tomcat
08-Oct-2026 14:48:57.332 INFO [main] org.apache.catalina.startup.VersionLoggerListener.log Command line argument: --add-opens=java.base/java.lang=ALL-UNNAMED
08-Oct-2026 14:48:57.336 INFO [main] org.apache.catalina.startup.VersionLoggerListener.log Command line argument: --add-opens=java.base/java.lang.invoke=ALL-UNNAMED
08-Oct-2026 14:48:57.336 INFO [main] org.apache.catalina.startup.VersionLoggerListener.log Command line argument: --add-opens=java.base/java.lang.reflect=ALL-UNNAMED
08-Oct-2026 14:48:57.336 INFO [main] org.apache.catalina.startup.VersionLoggerListener.log Command line argument: --add-opens=java.base/java.io=ALL-UNNAMED
08-Oct-2026 14:48:57.336 INFO [main] org.apache.catalina.startup.VersionLoggerListener.log Command line argument: --add-opens=java.base/java.util=ALL-UNNAMED
08-Oct-2026 14:48:57.336 INFO [main] org.apache.catalina.startup.VersionLoggerListener.log Command line argument: --add-opens=java.base/java.util.concurrent=ALL-UNNAMED
08-Oct-2026 14:48:57.336 INFO [main] org.apache.catalina.startup.VersionLoggerListener.log Command line argument: --add-opens=java.rmi/sun.rmi.transport=ALL-UNNAMED
08-Oct-2026 14:48:57.336 INFO [main] org.apache.catalina.startup.VersionLoggerListener.log Command line argument: -Djava.util.logging.config.file=/usr/local/tomcat/conf/logging.properties
08-Oct-2026 14:48:57.337 INFO [main] org.apache.catalina.startup.VersionLoggerListener.log Command line argument: -Djava.util.logging.manager=org.apache.juli.ClassLoaderLogManager
08-Oct-2026 14:48:57.337 INFO [main] org.apache.catalina.startup.VersionLoggerListener.log Command line argument: -Djdk.tls.ephemeralDHKeySize=2048
08-Oct-2026 14:48:57.337 INFO [main] org.apache.catalina.startup.VersionLoggerListener.log Command line argument: -Djava.protocol.handler.pkgs=org.apache.catalina.webresources
08-Oct-2026 14:48:57.337 INFO [main] org.apache.catalina.startup.VersionLoggerListener.log Command line argument: -Dsun.io.useCanonCaches=false
08-Oct-2026 14:48:57.337 INFO [main] org.apache.catalina.startup.VersionLoggerListener.log Command line argument: -Dorg.apache.catalina.security.SecurityListener.UMASK=0022
08-Oct-2026 14:48:57.337 INFO [main] org.apache.catalina.startup.VersionLoggerListener.log Command line argument: -Dignore.endorsed.dirs=
08-Oct-2026 14:48:57.337 INFO [main] org.apache.catalina.startup.VersionLoggerListener.log Command line argument: -Dcatalina.base=/usr/local/tomcat
08-Oct-2026 14:48:57.337 INFO [main] org.apache.catalina.startup.VersionLoggerListener.log Command line argument: -Dcatalina.home=/usr/local/tomcat
08-Oct-2026 14:48:57.337 INFO [main] org.apache.catalina.startup.VersionLoggerListener.log Command line argument: -Djava.io.tmpdir=/usr/local/tomcat/temp
08-Oct-2026 14:48:57.510 INFO [main] org.apache.catalina.core.AprLifecycleListener.lifecycleEvent Loaded Apache Tomcat Native library [1.3.7] using APR version [1.7.0].
08-Oct-2026 14:48:57.512 INFO [main] org.apache.catalina.core.AprLifecycleListener.lifecycleEvent APR capabilities: IPv6 [true], sendfile [true], accept filters [false], random [true], UDS [true].
08-Oct-2026 14:48:57.512 INFO [main] org.apache.catalina.core.AprLifecycleListener.lifecycleEvent APR/OpenSSL configuration: useAprConnector [false], useOpenSSL [true]
08-Oct-2026 14:48:57.543 INFO [main] org.apache.catalina.core.AprLifecycleListener.initializeSSL OpenSSL successfully initialized [OpenSSL 3.0.2 15 Mar 2022]
08-Oct-2026 14:49:01.503 INFO [main] org.apache.coyote.AbstractProtocol.init Initializing ProtocolHandler ["http-nio-8080"]
08-Oct-2026 14:49:02.140 INFO [main] org.apache.catalina.startup.Catalina.load Server initialization in [5693] milliseconds
08-Oct-2026 14:49:03.340 INFO [main] org.apache.catalina.core.StandardService.startInternal Starting service [Catalina]
08-Oct-2026 14:49:03.341 INFO [main] org.apache.catalina.core.StandardEngine.startInternal Starting Servlet engine: [Apache Tomcat/9.0.117]
08-Oct-2026 14:49:03.458 INFO [main] org.apache.catalina.startup.HostConfig.deployDescriptor Deploying deployment descriptor [/usr/local/tomcat/conf/Catalina/localhost/ROOT.xml]
08-Oct-2026 14:49:11.392 INFO [main] org.apache.jasper.servlet.TldScanner.scanJars At least one JAR was scanned for TLDs yet contained no TLDs. Enable debug logging for this logger for a complete list of JARs that were scanned but no TLDs were found in them. Skipping unneeded JARs during scanning can improve startup time and JSP compilation time.
08-Oct-2026 14:49:22.667 INFO [main] nonapi.io.github.classgraph.classloaderhandler.lifecycle.ServletLifeCycleListener.contextInitialized Servlet context initialized
08-Oct-2026 14:49:26.092 INFO [main] org.apache.catalina.startup.HostConfig.deployDescriptor Deployment of deployment descriptor [/usr/local/tomcat/conf/Catalina/localhost/ROOT.xml] has finished in [22,633] ms
08-Oct-2026 14:49:26.097 INFO [main] org.apache.coyote.AbstractProtocol.start Starting ProtocolHandler ["http-nio-8080"]
08-Oct-2026 14:49:26.133 INFO [main] org.apache.catalina.startup.Catalina.start Server startup in [23988] milliseconds
08-Oct-2026 14:50:29.726 INFO [main] org.apache.catalina.startup.VersionLoggerListener.log Server version name:   Apache Tomcat/9.0.117
08-Oct-2026 14:50:29.732 INFO [main] org.apache.catalina.startup.VersionLoggerListener.log Server built:          Mar 30 2026 18:21:16 UTC
08-Oct-2026 14:50:29.732 INFO [main] org.apache.catalina.startup.VersionLoggerListener.log Server version number: 9.0.117.0
08-Oct-2026 14:50:29.733 INFO [main] org.apache.catalina.startup.VersionLoggerListener.log OS Name:               Linux
08-Oct-2026 14:50:29.733 INFO [main] org.apache.catalina.startup.VersionLoggerListener.log OS Version:            6.8.0-142-generic
08-Oct-2026 14:50:29.734 INFO [main] org.apache.catalina.startup.VersionLoggerListener.log Architecture:          amd64
08-Oct-2026 14:50:29.734 INFO [main] org.apache.catalina.startup.VersionLoggerListener.log Java Home:             /opt/java/openjdk
08-Oct-2026 14:50:29.734 INFO [main] org.apache.catalina.startup.VersionLoggerListener.log JVM Version:           11.0.31+11
08-Oct-2026 14:50:29.734 INFO [main] org.apache.catalina.startup.VersionLoggerListener.log JVM Vendor:            Eclipse Adoptium
08-Oct-2026 14:50:29.735 INFO [main] org.apache.catalina.startup.VersionLoggerListener.log CATALINA_BASE:         /usr/local/tomcat
08-Oct-2026 14:50:29.735 INFO [main] org.apache.catalina.startup.VersionLoggerListener.log CATALINA_HOME:         /usr/local/tomcat
08-Oct-2026 14:50:29.749 INFO [main] org.apache.catalina.startup.VersionLoggerListener.log Command line argument: --add-opens=java.base/java.lang=ALL-UNNAMED
08-Oct-2026 14:50:29.751 INFO [main] org.apache.catalina.startup.VersionLoggerListener.log Command line argument: --add-opens=java.base/java.lang.invoke=ALL-UNNAMED
08-Oct-2026 14:50:29.751 INFO [main] org.apache.catalina.startup.VersionLoggerListener.log Command line argument: --add-opens=java.base/java.lang.reflect=ALL-UNNAMED
08-Oct-2026 14:50:29.751 INFO [main] org.apache.catalina.startup.VersionLoggerListener.log Command line argument: --add-opens=java.base/java.io=ALL-UNNAMED
08-Oct-2026 14:50:29.751 INFO [main] org.apache.catalina.startup.VersionLoggerListener.log Command line argument: --add-opens=java.base/java.util=ALL-UNNAMED
08-Oct-2026 14:50:29.752 INFO [main] org.apache.catalina.startup.VersionLoggerListener.log Command line argument: --add-opens=java.base/java.util.concurrent=ALL-UNNAMED
08-Oct-2026 14:50:29.752 INFO [main] org.apache.catalina.startup.VersionLoggerListener.log Command line argument: --add-opens=java.rmi/sun.rmi.transport=ALL-UNNAMED
08-Oct-2026 14:50:29.753 INFO [main] org.apache.catalina.startup.VersionLoggerListener.log Command line argument: -Djava.util.logging.config.file=/usr/local/tomcat/conf/logging.properties
08-Oct-2026 14:50:29.753 INFO [main] org.apache.catalina.startup.VersionLoggerListener.log Command line argument: -Djava.util.logging.manager=org.apache.juli.ClassLoaderLogManager
08-Oct-2026 14:50:29.753 INFO [main] org.apache.catalina.startup.VersionLoggerListener.log Command line argument: -Djdk.tls.ephemeralDHKeySize=2048
08-Oct-2026 14:50:29.753 INFO [main] org.apache.catalina.startup.VersionLoggerListener.log Command line argument: -Djava.protocol.handler.pkgs=org.apache.catalina.webresources
08-Oct-2026 14:50:29.753 INFO [main] org.apache.catalina.startup.VersionLoggerListener.log Command line argument: -Dsun.io.useCanonCaches=false
08-Oct-2026 14:50:29.753 INFO [main] org.apache.catalina.startup.VersionLoggerListener.log Command line argument: -Dorg.apache.catalina.security.SecurityListener.UMASK=0022
08-Oct-2026 14:50:29.753 INFO [main] org.apache.catalina.startup.VersionLoggerListener.log Command line argument: -Dignore.endorsed.dirs=
08-Oct-2026 14:50:29.753 INFO [main] org.apache.catalina.startup.VersionLoggerListener.log Command line argument: -Dcatalina.base=/usr/local/tomcat
08-Oct-2026 14:50:29.753 INFO [main] org.apache.catalina.startup.VersionLoggerListener.log Command line argument: -Dcatalina.home=/usr/local/tomcat
08-Oct-2026 14:50:29.754 INFO [main] org.apache.catalina.startup.VersionLoggerListener.log Command line argument: -Djava.io.tmpdir=/usr/local/tomcat/temp
08-Oct-2026 14:50:29.760 INFO [main] org.apache.catalina.core.AprLifecycleListener.lifecycleEvent Loaded Apache Tomcat Native library [1.3.7] using APR version [1.7.0].
08-Oct-2026 14:50:29.760 INFO [main] org.apache.catalina.core.AprLifecycleListener.lifecycleEvent APR capabilities: IPv6 [true], sendfile [true], accept filters [false], random [true], UDS [true].
08-Oct-2026 14:50:29.760 INFO [main] org.apache.catalina.core.AprLifecycleListener.lifecycleEvent APR/OpenSSL configuration: useAprConnector [false], useOpenSSL [true]
08-Oct-2026 14:50:29.764 INFO [main] org.apache.catalina.core.AprLifecycleListener.initializeSSL OpenSSL successfully initialized [OpenSSL 3.0.2 15 Mar 2022]
08-Oct-2026 14:50:30.383 INFO [main] org.apache.coyote.AbstractProtocol.init Initializing ProtocolHandler ["http-nio-8080"]
08-Oct-2026 14:50:30.430 INFO [main] org.apache.catalina.startup.Catalina.load Server initialization in [985] milliseconds
08-Oct-2026 14:50:30.551 INFO [main] org.apache.catalina.core.StandardService.startInternal Starting service [Catalina]
08-Oct-2026 14:50:30.552 INFO [main] org.apache.catalina.core.StandardEngine.startInternal Starting Servlet engine: [Apache Tomcat/9.0.117]
08-Oct-2026 14:50:30.567 INFO [main] org.apache.catalina.startup.HostConfig.deployDescriptor Deploying deployment descriptor [/usr/local/tomcat/conf/Catalina/localhost/ROOT.xml]
08-Oct-2026 14:50:33.148 INFO [main] org.apache.jasper.servlet.TldScanner.scanJars At least one JAR was scanned for TLDs yet contained no TLDs. Enable debug logging for this logger for a complete list of JARs that were scanned but no TLDs were found in them. Skipping unneeded JARs during scanning can improve startup time and JSP compilation time.
08-Oct-2026 14:50:40.710 INFO [main] nonapi.io.github.classgraph.classloaderhandler.lifecycle.ServletLifeCycleListener.contextInitialized Servlet context initialized
08-Oct-2026 14:50:44.252 INFO [main] org.apache.catalina.startup.HostConfig.deployDescriptor Deployment of deployment descriptor [/usr/local/tomcat/conf/Catalina/localhost/ROOT.xml] has finished in [13,683] ms
08-Oct-2026 14:50:44.259 INFO [main] org.apache.coyote.AbstractProtocol.start Starting ProtocolHandler ["http-nio-8080"]
08-Oct-2026 14:50:44.274 INFO [main] org.apache.catalina.startup.Catalina.start Server startup in [13840] milliseconds
08-Oct-2026 14:52:09.829 INFO [main] org.apache.catalina.startup.VersionLoggerListener.log Server version name:   Apache Tomcat/9.0.117
08-Oct-2026 14:52:09.837 INFO [main] org.apache.catalina.startup.VersionLoggerListener.log Server built:          Mar 30 2026 18:21:16 UTC
08-Oct-2026 14:52:09.837 INFO [main] org.apache.catalina.startup.VersionLoggerListener.log Server version number: 9.0.117.0
08-Oct-2026 14:52:09.839 INFO [main] org.apache.catalina.startup.VersionLoggerListener.log OS Name:               Linux
08-Oct-2026 14:52:09.842 INFO [main] org.apache.catalina.startup.VersionLoggerListener.log OS Version:            6.8.0-142-generic
08-Oct-2026 14:52:09.842 INFO [main] org.apache.catalina.startup.VersionLoggerListener.log Architecture:          amd64
08-Oct-2026 14:52:09.842 INFO [main] org.apache.catalina.startup.VersionLoggerListener.log Java Home:             /opt/java/openjdk
08-Oct-2026 14:52:09.843 INFO [main] org.apache.catalina.startup.VersionLoggerListener.log JVM Version:           11.0.31+11
08-Oct-2026 14:52:09.843 INFO [main] org.apache.catalina.startup.VersionLoggerListener.log JVM Vendor:            Eclipse Adoptium
08-Oct-2026 14:52:09.843 INFO [main] org.apache.catalina.startup.VersionLoggerListener.log CATALINA_BASE:         /usr/local/tomcat
08-Oct-2026 14:52:09.844 INFO [main] org.apache.catalina.startup.VersionLoggerListener.log CATALINA_HOME:         /usr/local/tomcat
08-Oct-2026 14:52:09.859 INFO [main] org.apache.catalina.startup.VersionLoggerListener.log Command line argument: --add-opens=java.base/java.lang=ALL-UNNAMED
08-Oct-2026 14:52:09.859 INFO [main] org.apache.catalina.startup.VersionLoggerListener.log Command line argument: --add-opens=java.base/java.lang.invoke=ALL-UNNAMED
08-Oct-2026 14:52:09.860 INFO [main] org.apache.catalina.startup.VersionLoggerListener.log Command line argument: --add-opens=java.base/java.lang.reflect=ALL-UNNAMED
08-Oct-2026 14:52:09.860 INFO [main] org.apache.catalina.startup.VersionLoggerListener.log Command line argument: --add-opens=java.base/java.io=ALL-UNNAMED
08-Oct-2026 14:52:09.860 INFO [main] org.apache.catalina.startup.VersionLoggerListener.log Command line argument: --add-opens=java.base/java.util=ALL-UNNAMED
08-Oct-2026 14:52:09.860 INFO [main] org.apache.catalina.startup.VersionLoggerListener.log Command line argument: --add-opens=java.base/java.util.concurrent=ALL-UNNAMED
08-Oct-2026 14:52:09.860 INFO [main] org.apache.catalina.startup.VersionLoggerListener.log Command line argument: --add-opens=java.rmi/sun.rmi.transport=ALL-UNNAMED
08-Oct-2026 14:52:09.861 INFO [main] org.apache.catalina.startup.VersionLoggerListener.log Command line argument: -Djava.util.logging.config.file=/usr/local/tomcat/conf/logging.properties
08-Oct-2026 14:52:09.862 INFO [main] org.apache.catalina.startup.VersionLoggerListener.log Command line argument: -Djava.util.logging.manager=org.apache.juli.ClassLoaderLogManager
08-Oct-2026 14:52:09.862 INFO [main] org.apache.catalina.startup.VersionLoggerListener.log Command line argument: -Djdk.tls.ephemeralDHKeySize=2048
08-Oct-2026 14:52:09.864 INFO [main] org.apache.catalina.startup.VersionLoggerListener.log Command line argument: -Djava.protocol.handler.pkgs=org.apache.catalina.webresources
08-Oct-2026 14:52:09.866 INFO [main] org.apache.catalina.startup.VersionLoggerListener.log Command line argument: -Dsun.io.useCanonCaches=false
08-Oct-2026 14:52:09.866 INFO [main] org.apache.catalina.startup.VersionLoggerListener.log Command line argument: -Dorg.apache.catalina.security.SecurityListener.UMASK=0022
08-Oct-2026 14:52:09.866 INFO [main] org.apache.catalina.startup.VersionLoggerListener.log Command line argument: -Dignore.endorsed.dirs=
08-Oct-2026 14:52:09.866 INFO [main] org.apache.catalina.startup.VersionLoggerListener.log Command line argument: -Dcatalina.base=/usr/local/tomcat
08-Oct-2026 14:52:09.866 INFO [main] org.apache.catalina.startup.VersionLoggerListener.log Command line argument: -Dcatalina.home=/usr/local/tomcat
08-Oct-2026 14:52:09.867 INFO [main] org.apache.catalina.startup.VersionLoggerListener.log Command line argument: -Djava.io.tmpdir=/usr/local/tomcat/temp
08-Oct-2026 14:52:09.875 INFO [main] org.apache.catalina.core.AprLifecycleListener.lifecycleEvent Loaded Apache Tomcat Native library [1.3.7] using APR version [1.7.0].
08-Oct-2026 14:52:09.876 INFO [main] org.apache.catalina.core.AprLifecycleListener.lifecycleEvent APR capabilities: IPv6 [true], sendfile [true], accept filters [false], random [true], UDS [true].
08-Oct-2026 14:52:09.876 INFO [main] org.apache.catalina.core.AprLifecycleListener.lifecycleEvent APR/OpenSSL configuration: useAprConnector [false], useOpenSSL [true]
08-Oct-2026 14:52:09.881 INFO [main] org.apache.catalina.core.AprLifecycleListener.initializeSSL OpenSSL successfully initialized [OpenSSL 3.0.2 15 Mar 2022]
08-Oct-2026 14:52:10.332 INFO [main] org.apache.coyote.AbstractProtocol.init Initializing ProtocolHandler ["http-nio-8080"]
08-Oct-2026 14:52:10.369 INFO [main] org.apache.catalina.startup.Catalina.load Server initialization in [787] milliseconds
08-Oct-2026 14:52:10.455 INFO [main] org.apache.catalina.core.StandardService.startInternal Starting service [Catalina]
08-Oct-2026 14:52:10.456 INFO [main] org.apache.catalina.core.StandardEngine.startInternal Starting Servlet engine: [Apache Tomcat/9.0.117]
08-Oct-2026 14:52:10.475 INFO [main] org.apache.catalina.startup.HostConfig.deployDescriptor Deploying deployment descriptor [/usr/local/tomcat/conf/Catalina/localhost/ROOT.xml]
08-Oct-2026 14:52:12.942 INFO [main] org.apache.jasper.servlet.TldScanner.scanJars At least one JAR was scanned for TLDs yet contained no TLDs. Enable debug logging for this logger for a complete list of JARs that were scanned but no TLDs were found in them. Skipping unneeded JARs during scanning can improve startup time and JSP compilation time.
08-Oct-2026 14:52:20.433 INFO [main] nonapi.io.github.classgraph.classloaderhandler.lifecycle.ServletLifeCycleListener.contextInitialized Servlet context initialized
08-Oct-2026 14:52:23.835 INFO [main] org.apache.catalina.startup.HostConfig.deployDescriptor Deployment of deployment descriptor [/usr/local/tomcat/conf/Catalina/localhost/ROOT.xml] has finished in [13,359] ms
08-Oct-2026 14:52:23.839 INFO [main] org.apache.coyote.AbstractProtocol.start Starting ProtocolHandler ["http-nio-8080"]
08-Oct-2026 14:52:23.855 INFO [main] org.apache.catalina.startup.Catalina.start Server startup in [13483] milliseconds
08-Oct-2026 14:53:41.171 INFO [main] org.apache.catalina.startup.VersionLoggerListener.log Server version name:   Apache Tomcat/9.0.117
08-Oct-2026 14:53:41.181 INFO [main] org.apache.catalina.startup.VersionLoggerListener.log Server built:          Mar 30 2026 18:21:16 UTC
08-Oct-2026 14:53:41.181 INFO [main] org.apache.catalina.startup.VersionLoggerListener.log Server version number: 9.0.117.0
08-Oct-2026 14:53:41.181 INFO [main] org.apache.catalina.startup.VersionLoggerListener.log OS Name:               Linux
08-Oct-2026 14:53:41.181 INFO [main] org.apache.catalina.startup.VersionLoggerListener.log OS Version:            6.8.0-142-generic
08-Oct-2026 14:53:41.181 INFO [main] org.apache.catalina.startup.VersionLoggerListener.log Architecture:          amd64
08-Oct-2026 14:53:41.181 INFO [main] org.apache.catalina.startup.VersionLoggerListener.log Java Home:             /opt/java/openjdk
08-Oct-2026 14:53:41.182 INFO [main] org.apache.catalina.startup.VersionLoggerListener.log JVM Version:           11.0.31+11
08-Oct-2026 14:53:41.187 INFO [main] org.apache.catalina.startup.VersionLoggerListener.log JVM Vendor:            Eclipse Adoptium
08-Oct-2026 14:53:41.187 INFO [main] org.apache.catalina.startup.VersionLoggerListener.log CATALINA_BASE:         /usr/local/tomcat
08-Oct-2026 14:53:41.187 INFO [main] org.apache.catalina.startup.VersionLoggerListener.log CATALINA_HOME:         /usr/local/tomcat
08-Oct-2026 14:53:41.197 INFO [main] org.apache.catalina.startup.VersionLoggerListener.log Command line argument: --add-opens=java.base/java.lang=ALL-UNNAMED
08-Oct-2026 14:53:41.197 INFO [main] org.apache.catalina.startup.VersionLoggerListener.log Command line argument: --add-opens=java.base/java.lang.invoke=ALL-UNNAMED
08-Oct-2026 14:53:41.197 INFO [main] org.apache.catalina.startup.VersionLoggerListener.log Command line argument: --add-opens=java.base/java.lang.reflect=ALL-UNNAMED
08-Oct-2026 14:53:41.197 INFO [main] org.apache.catalina.startup.VersionLoggerListener.log Command line argument: --add-opens=java.base/java.io=ALL-UNNAMED
08-Oct-2026 14:53:41.197 INFO [main] org.apache.catalina.startup.VersionLoggerListener.log Command line argument: --add-opens=java.base/java.util=ALL-UNNAMED
08-Oct-2026 14:53:41.198 INFO [main] org.apache.catalina.startup.VersionLoggerListener.log Command line argument: --add-opens=java.base/java.util.concurrent=ALL-UNNAMED
08-Oct-2026 14:53:41.200 INFO [main] org.apache.catalina.startup.VersionLoggerListener.log Command line argument: --add-opens=java.rmi/sun.rmi.transport=ALL-UNNAMED
08-Oct-2026 14:53:41.200 INFO [main] org.apache.catalina.startup.VersionLoggerListener.log Command line argument: -Djava.util.logging.config.file=/usr/local/tomcat/conf/logging.properties
08-Oct-2026 14:53:41.200 INFO [main] org.apache.catalina.startup.VersionLoggerListener.log Command line argument: -Djava.util.logging.manager=org.apache.juli.ClassLoaderLogManager
08-Oct-2026 14:53:41.200 INFO [main] org.apache.catalina.startup.VersionLoggerListener.log Command line argument: -Djdk.tls.ephemeralDHKeySize=2048
08-Oct-2026 14:53:41.200 INFO [main] org.apache.catalina.startup.VersionLoggerListener.log Command line argument: -Djava.protocol.handler.pkgs=org.apache.catalina.webresources
08-Oct-2026 14:53:41.200 INFO [main] org.apache.catalina.startup.VersionLoggerListener.log Command line argument: -Dsun.io.useCanonCaches=false
08-Oct-2026 14:53:41.200 INFO [main] org.apache.catalina.startup.VersionLoggerListener.log Command line argument: -Dorg.apache.catalina.security.SecurityListener.UMASK=0022
08-Oct-2026 14:53:41.201 INFO [main] org.apache.catalina.startup.VersionLoggerListener.log Command line argument: -Dignore.endorsed.dirs=
08-Oct-2026 14:53:41.201 INFO [main] org.apache.catalina.startup.VersionLoggerListener.log Command line argument: -Dcatalina.base=/usr/local/tomcat
08-Oct-2026 14:53:41.201 INFO [main] org.apache.catalina.startup.VersionLoggerListener.log Command line argument: -Dcatalina.home=/usr/local/tomcat
08-Oct-2026 14:53:41.201 INFO [main] org.apache.catalina.startup.VersionLoggerListener.log Command line argument: -Djava.io.tmpdir=/usr/local/tomcat/temp
08-Oct-2026 14:53:41.209 INFO [main] org.apache.catalina.core.AprLifecycleListener.lifecycleEvent Loaded Apache Tomcat Native library [1.3.7] using APR version [1.7.0].
08-Oct-2026 14:53:41.210 INFO [main] org.apache.catalina.core.AprLifecycleListener.lifecycleEvent APR capabilities: IPv6 [true], sendfile [true], accept filters [false], random [true], UDS [true].
08-Oct-2026 14:53:41.210 INFO [main] org.apache.catalina.core.AprLifecycleListener.lifecycleEvent APR/OpenSSL configuration: useAprConnector [false], useOpenSSL [true]
08-Oct-2026 14:53:41.214 INFO [main] org.apache.catalina.core.AprLifecycleListener.initializeSSL OpenSSL successfully initialized [OpenSSL 3.0.2 15 Mar 2022]
08-Oct-2026 14:53:41.631 INFO [main] org.apache.coyote.AbstractProtocol.init Initializing ProtocolHandler ["http-nio-8080"]
08-Oct-2026 14:53:41.670 INFO [main] org.apache.catalina.startup.Catalina.load Server initialization in [765] milliseconds
08-Oct-2026 14:53:41.766 INFO [main] org.apache.catalina.core.StandardService.startInternal Starting service [Catalina]
08-Oct-2026 14:53:41.769 INFO [main] org.apache.catalina.core.StandardEngine.startInternal Starting Servlet engine: [Apache Tomcat/9.0.117]
08-Oct-2026 14:53:41.790 INFO [main] org.apache.catalina.startup.HostConfig.deployDescriptor Deploying deployment descriptor [/usr/local/tomcat/conf/Catalina/localhost/ROOT.xml]
08-Oct-2026 14:53:44.329 INFO [main] org.apache.jasper.servlet.TldScanner.scanJars At least one JAR was scanned for TLDs yet contained no TLDs. Enable debug logging for this logger for a complete list of JARs that were scanned but no TLDs were found in them. Skipping unneeded JARs during scanning can improve startup time and JSP compilation time.
08-Oct-2026 14:53:52.786 INFO [main] nonapi.io.github.classgraph.classloaderhandler.lifecycle.ServletLifeCycleListener.contextInitialized Servlet context initialized
08-Oct-2026 14:53:56.468 INFO [main] org.apache.catalina.startup.HostConfig.deployDescriptor Deployment of deployment descriptor [/usr/local/tomcat/conf/Catalina/localhost/ROOT.xml] has finished in [14,677] ms
08-Oct-2026 14:53:56.472 INFO [main] org.apache.coyote.AbstractProtocol.start Starting ProtocolHandler ["http-nio-8080"]
08-Oct-2026 14:53:56.487 INFO [main] org.apache.catalina.startup.Catalina.start Server startup in [14816] milliseconds
08-Oct-2026 15:24:05.101 INFO [main] org.apache.catalina.startup.VersionLoggerListener.log Server version name:   Apache Tomcat/9.0.117
08-Oct-2026 15:24:05.104 INFO [main] org.apache.catalina.startup.VersionLoggerListener.log Server built:          Mar 30 2026 18:21:16 UTC
08-Oct-2026 15:24:05.105 INFO [main] org.apache.catalina.startup.VersionLoggerListener.log Server version number: 9.0.117.0
08-Oct-2026 15:24:05.105 INFO [main] org.apache.catalina.startup.VersionLoggerListener.log OS Name:               Linux
08-Oct-2026 15:24:05.105 INFO [main] org.apache.catalina.startup.VersionLoggerListener.log OS Version:            6.8.0-142-generic
08-Oct-2026 15:24:05.105 INFO [main] org.apache.catalina.startup.VersionLoggerListener.log Architecture:          amd64
08-Oct-2026 15:24:05.106 INFO [main] org.apache.catalina.startup.VersionLoggerListener.log Java Home:             /opt/java/openjdk
08-Oct-2026 15:24:05.106 INFO [main] org.apache.catalina.startup.VersionLoggerListener.log JVM Version:           11.0.31+11
08-Oct-2026 15:24:05.106 INFO [main] org.apache.catalina.startup.VersionLoggerListener.log JVM Vendor:            Eclipse Adoptium
08-Oct-2026 15:24:05.106 INFO [main] org.apache.catalina.startup.VersionLoggerListener.log CATALINA_BASE:         /usr/local/tomcat
08-Oct-2026 15:24:05.106 INFO [main] org.apache.catalina.startup.VersionLoggerListener.log CATALINA_HOME:         /usr/local/tomcat
08-Oct-2026 15:24:05.238 INFO [main] org.apache.catalina.startup.VersionLoggerListener.log Command line argument: --add-opens=java.base/java.lang=ALL-UNNAMED
08-Oct-2026 15:24:05.238 INFO [main] org.apache.catalina.startup.VersionLoggerListener.log Command line argument: --add-opens=java.base/java.lang.invoke=ALL-UNNAMED
08-Oct-2026 15:24:05.238 INFO [main] org.apache.catalina.startup.VersionLoggerListener.log Command line argument: --add-opens=java.base/java.lang.reflect=ALL-UNNAMED
08-Oct-2026 15:24:05.238 INFO [main] org.apache.catalina.startup.VersionLoggerListener.log Command line argument: --add-opens=java.base/java.io=ALL-UNNAMED
08-Oct-2026 15:24:05.239 INFO [main] org.apache.catalina.startup.VersionLoggerListener.log Command line argument: --add-opens=java.base/java.util=ALL-UNNAMED
08-Oct-2026 15:24:05.239 INFO [main] org.apache.catalina.startup.VersionLoggerListener.log Command line argument: --add-opens=java.base/java.util.concurrent=ALL-UNNAMED
08-Oct-2026 15:24:05.239 INFO [main] org.apache.catalina.startup.VersionLoggerListener.log Command line argument: --add-opens=java.rmi/sun.rmi.transport=ALL-UNNAMED
08-Oct-2026 15:24:05.239 INFO [main] org.apache.catalina.startup.VersionLoggerListener.log Command line argument: -Djava.util.logging.config.file=/usr/local/tomcat/conf/logging.properties
08-Oct-2026 15:24:05.239 INFO [main] org.apache.catalina.startup.VersionLoggerListener.log Command line argument: -Djava.util.logging.manager=org.apache.juli.ClassLoaderLogManager
08-Oct-2026 15:24:05.239 INFO [main] org.apache.catalina.startup.VersionLoggerListener.log Command line argument: -Djdk.tls.ephemeralDHKeySize=2048
08-Oct-2026 15:24:05.240 INFO [main] org.apache.catalina.startup.VersionLoggerListener.log Command line argument: -Djava.protocol.handler.pkgs=org.apache.catalina.webresources
08-Oct-2026 15:24:05.240 INFO [main] org.apache.catalina.startup.VersionLoggerListener.log Command line argument: -Dsun.io.useCanonCaches=false
08-Oct-2026 15:24:05.240 INFO [main] org.apache.catalina.startup.VersionLoggerListener.log Command line argument: -Dorg.apache.catalina.security.SecurityListener.UMASK=0022
08-Oct-2026 15:24:05.240 INFO [main] org.apache.catalina.startup.VersionLoggerListener.log Command line argument: -Dignore.endorsed.dirs=
08-Oct-2026 15:24:05.241 INFO [main] org.apache.catalina.startup.VersionLoggerListener.log Command line argument: -Dcatalina.base=/usr/local/tomcat
08-Oct-2026 15:24:05.241 INFO [main] org.apache.catalina.startup.VersionLoggerListener.log Command line argument: -Dcatalina.home=/usr/local/tomcat
08-Oct-2026 15:24:05.241 INFO [main] org.apache.catalina.startup.VersionLoggerListener.log Command line argument: -Djava.io.tmpdir=/usr/local/tomcat/temp
08-Oct-2026 15:24:05.319 INFO [main] org.apache.catalina.core.AprLifecycleListener.lifecycleEvent Loaded Apache Tomcat Native library [1.3.7] using APR version [1.7.0].
08-Oct-2026 15:24:05.320 INFO [main] org.apache.catalina.core.AprLifecycleListener.lifecycleEvent APR capabilities: IPv6 [true], sendfile [true], accept filters [false], random [true], UDS [true].
08-Oct-2026 15:24:05.320 INFO [main] org.apache.catalina.core.AprLifecycleListener.lifecycleEvent APR/OpenSSL configuration: useAprConnector [false], useOpenSSL [true]
08-Oct-2026 15:24:05.328 INFO [main] org.apache.catalina.core.AprLifecycleListener.initializeSSL OpenSSL successfully initialized [OpenSSL 3.0.2 15 Mar 2022]
08-Oct-2026 15:24:06.358 INFO [main] org.apache.coyote.AbstractProtocol.init Initializing ProtocolHandler ["http-nio-8080"]
08-Oct-2026 15:24:06.469 INFO [main] org.apache.catalina.startup.Catalina.load Server initialization in [3035] milliseconds
08-Oct-2026 15:24:07.448 INFO [main] org.apache.catalina.core.StandardService.startInternal Starting service [Catalina]
08-Oct-2026 15:24:07.449 INFO [main] org.apache.catalina.core.StandardEngine.startInternal Starting Servlet engine: [Apache Tomcat/9.0.117]
08-Oct-2026 15:24:07.510 INFO [main] org.apache.catalina.startup.HostConfig.deployDescriptor Deploying deployment descriptor [/usr/local/tomcat/conf/Catalina/localhost/ROOT.xml]
08-Oct-2026 15:24:29.630 INFO [main] org.apache.jasper.servlet.TldScanner.scanJars At least one JAR was scanned for TLDs yet contained no TLDs. Enable debug logging for this logger for a complete list of JARs that were scanned but no TLDs were found in them. Skipping unneeded JARs during scanning can improve startup time and JSP compilation time.
08-Oct-2026 15:24:39.234 INFO [main] nonapi.io.github.classgraph.classloaderhandler.lifecycle.ServletLifeCycleListener.contextInitialized Servlet context initialized
08-Oct-2026 15:24:42.874 INFO [main] org.apache.catalina.startup.HostConfig.deployDescriptor Deployment of deployment descriptor [/usr/local/tomcat/conf/Catalina/localhost/ROOT.xml] has finished in [35,362] ms
08-Oct-2026 15:24:42.879 INFO [main] org.apache.coyote.AbstractProtocol.start Starting ProtocolHandler ["http-nio-8080"]
08-Oct-2026 15:24:42.922 INFO [main] org.apache.catalina.startup.Catalina.start Server startup in [36451] milliseconds
