02-Oct-2026 09:12:57.161 INFO [main] org.apache.catalina.startup.VersionLoggerListener.log Server version name:   Apache Tomcat/9.0.117
02-Oct-2026 09:12:57.164 INFO [main] org.apache.catalina.startup.VersionLoggerListener.log Server built:          Mar 30 2026 18:21:16 UTC
02-Oct-2026 09:12:57.165 INFO [main] org.apache.catalina.startup.VersionLoggerListener.log Server version number: 9.0.117.0
02-Oct-2026 09:12:57.165 INFO [main] org.apache.catalina.startup.VersionLoggerListener.log OS Name:               Linux
02-Oct-2026 09:12:57.165 INFO [main] org.apache.catalina.startup.VersionLoggerListener.log OS Version:            6.8.0-142-generic
02-Oct-2026 09:12:57.165 INFO [main] org.apache.catalina.startup.VersionLoggerListener.log Architecture:          amd64
02-Oct-2026 09:12:57.165 INFO [main] org.apache.catalina.startup.VersionLoggerListener.log Java Home:             /opt/java/openjdk
02-Oct-2026 09:12:57.166 INFO [main] org.apache.catalina.startup.VersionLoggerListener.log JVM Version:           11.0.31+11
02-Oct-2026 09:12:57.166 INFO [main] org.apache.catalina.startup.VersionLoggerListener.log JVM Vendor:            Eclipse Adoptium
02-Oct-2026 09:12:57.166 INFO [main] org.apache.catalina.startup.VersionLoggerListener.log CATALINA_BASE:         /usr/local/tomcat
02-Oct-2026 09:12:57.166 INFO [main] org.apache.catalina.startup.VersionLoggerListener.log CATALINA_HOME:         /usr/local/tomcat
02-Oct-2026 09:12:57.223 INFO [main] org.apache.catalina.startup.VersionLoggerListener.log Command line argument: --add-opens=java.base/java.lang=ALL-UNNAMED
02-Oct-2026 09:12:57.224 INFO [main] org.apache.catalina.startup.VersionLoggerListener.log Command line argument: --add-opens=java.base/java.lang.invoke=ALL-UNNAMED
02-Oct-2026 09:12:57.224 INFO [main] org.apache.catalina.startup.VersionLoggerListener.log Command line argument: --add-opens=java.base/java.lang.reflect=ALL-UNNAMED
02-Oct-2026 09:12:57.224 INFO [main] org.apache.catalina.startup.VersionLoggerListener.log Command line argument: --add-opens=java.base/java.io=ALL-UNNAMED
02-Oct-2026 09:12:57.224 INFO [main] org.apache.catalina.startup.VersionLoggerListener.log Command line argument: --add-opens=java.base/java.util=ALL-UNNAMED
02-Oct-2026 09:12:57.224 INFO [main] org.apache.catalina.startup.VersionLoggerListener.log Command line argument: --add-opens=java.base/java.util.concurrent=ALL-UNNAMED
02-Oct-2026 09:12:57.224 INFO [main] org.apache.catalina.startup.VersionLoggerListener.log Command line argument: --add-opens=java.rmi/sun.rmi.transport=ALL-UNNAMED
02-Oct-2026 09:12:57.224 INFO [main] org.apache.catalina.startup.VersionLoggerListener.log Command line argument: -Djava.util.logging.config.file=/usr/local/tomcat/conf/logging.properties
02-Oct-2026 09:12:57.225 INFO [main] org.apache.catalina.startup.VersionLoggerListener.log Command line argument: -Djava.util.logging.manager=org.apache.juli.ClassLoaderLogManager
02-Oct-2026 09:12:57.225 INFO [main] org.apache.catalina.startup.VersionLoggerListener.log Command line argument: -Djdk.tls.ephemeralDHKeySize=2048
02-Oct-2026 09:12:57.225 INFO [main] org.apache.catalina.startup.VersionLoggerListener.log Command line argument: -Djava.protocol.handler.pkgs=org.apache.catalina.webresources
02-Oct-2026 09:12:57.226 INFO [main] org.apache.catalina.startup.VersionLoggerListener.log Command line argument: -Dsun.io.useCanonCaches=false
02-Oct-2026 09:12:57.226 INFO [main] org.apache.catalina.startup.VersionLoggerListener.log Command line argument: -Dorg.apache.catalina.security.SecurityListener.UMASK=0022
02-Oct-2026 09:12:57.226 INFO [main] org.apache.catalina.startup.VersionLoggerListener.log Command line argument: -Dignore.endorsed.dirs=
02-Oct-2026 09:12:57.226 INFO [main] org.apache.catalina.startup.VersionLoggerListener.log Command line argument: -Dcatalina.base=/usr/local/tomcat
02-Oct-2026 09:12:57.227 INFO [main] org.apache.catalina.startup.VersionLoggerListener.log Command line argument: -Dcatalina.home=/usr/local/tomcat
02-Oct-2026 09:12:57.227 INFO [main] org.apache.catalina.startup.VersionLoggerListener.log Command line argument: -Djava.io.tmpdir=/usr/local/tomcat/temp
02-Oct-2026 09:12:57.265 INFO [main] org.apache.catalina.core.AprLifecycleListener.lifecycleEvent Loaded Apache Tomcat Native library [1.3.7] using APR version [1.7.0].
02-Oct-2026 09:12:57.266 INFO [main] org.apache.catalina.core.AprLifecycleListener.lifecycleEvent APR capabilities: IPv6 [true], sendfile [true], accept filters [false], random [true], UDS [true].
02-Oct-2026 09:12:57.266 INFO [main] org.apache.catalina.core.AprLifecycleListener.lifecycleEvent APR/OpenSSL configuration: useAprConnector [false], useOpenSSL [true]
02-Oct-2026 09:12:57.311 INFO [main] org.apache.catalina.core.AprLifecycleListener.initializeSSL OpenSSL successfully initialized [OpenSSL 3.0.2 15 Mar 2022]
02-Oct-2026 09:12:58.373 INFO [main] org.apache.coyote.AbstractProtocol.init Initializing ProtocolHandler ["http-nio-8080"]
02-Oct-2026 09:12:58.487 INFO [main] org.apache.catalina.startup.Catalina.load Server initialization in [3331] milliseconds
02-Oct-2026 09:12:58.716 INFO [main] org.apache.catalina.core.StandardService.startInternal Starting service [Catalina]
02-Oct-2026 09:12:58.718 INFO [main] org.apache.catalina.core.StandardEngine.startInternal Starting Servlet engine: [Apache Tomcat/9.0.117]
02-Oct-2026 09:12:58.738 INFO [main] org.apache.catalina.startup.HostConfig.deployDescriptor Deploying deployment descriptor [/usr/local/tomcat/conf/Catalina/localhost/ROOT.xml]
02-Oct-2026 09:12:58.999 INFO [main] org.apache.catalina.startup.ExpandWar.expand An expanded directory [/usr/local/tomcat/webapps/ROOT] was found with a last modified time that did not match the associated WAR. It will be deleted.
02-Oct-2026 09:13:08.864 INFO [main] org.apache.jasper.servlet.TldScanner.scanJars At least one JAR was scanned for TLDs yet contained no TLDs. Enable debug logging for this logger for a complete list of JARs that were scanned but no TLDs were found in them. Skipping unneeded JARs during scanning can improve startup time and JSP compilation time.
02-Oct-2026 09:13:21.543 INFO [main] nonapi.io.github.classgraph.classloaderhandler.lifecycle.ServletLifeCycleListener.contextInitialized Servlet context initialized
02-Oct-2026 09:13:22.006 WARNING [main] org.apache.catalina.util.SessionIdGeneratorBase.createSecureRandom Creation of SecureRandom instance for session ID generation using [SHA1PRNG] took [454] milliseconds.
02-Oct-2026 09:13:27.043 INFO [main] org.apache.catalina.startup.HostConfig.deployDescriptor Deployment of deployment descriptor [/usr/local/tomcat/conf/Catalina/localhost/ROOT.xml] has finished in [28,305] ms
02-Oct-2026 09:13:27.047 INFO [main] org.apache.coyote.AbstractProtocol.start Starting ProtocolHandler ["http-nio-8080"]
02-Oct-2026 09:13:27.089 INFO [main] org.apache.catalina.startup.Catalina.start Server startup in [28598] milliseconds
02-Oct-2026 09:25:43.921 INFO [main] org.apache.catalina.startup.VersionLoggerListener.log Server version name:   Apache Tomcat/9.0.117
02-Oct-2026 09:25:43.927 INFO [main] org.apache.catalina.startup.VersionLoggerListener.log Server built:          Mar 30 2026 18:21:16 UTC
02-Oct-2026 09:25:43.928 INFO [main] org.apache.catalina.startup.VersionLoggerListener.log Server version number: 9.0.117.0
02-Oct-2026 09:25:43.928 INFO [main] org.apache.catalina.startup.VersionLoggerListener.log OS Name:               Linux
02-Oct-2026 09:25:43.928 INFO [main] org.apache.catalina.startup.VersionLoggerListener.log OS Version:            6.8.0-142-generic
02-Oct-2026 09:25:43.928 INFO [main] org.apache.catalina.startup.VersionLoggerListener.log Architecture:          amd64
02-Oct-2026 09:25:43.929 INFO [main] org.apache.catalina.startup.VersionLoggerListener.log Java Home:             /opt/java/openjdk
02-Oct-2026 09:25:43.929 INFO [main] org.apache.catalina.startup.VersionLoggerListener.log JVM Version:           11.0.31+11
02-Oct-2026 09:25:43.929 INFO [main] org.apache.catalina.startup.VersionLoggerListener.log JVM Vendor:            Eclipse Adoptium
02-Oct-2026 09:25:43.929 INFO [main] org.apache.catalina.startup.VersionLoggerListener.log CATALINA_BASE:         /usr/local/tomcat
02-Oct-2026 09:25:43.929 INFO [main] org.apache.catalina.startup.VersionLoggerListener.log CATALINA_HOME:         /usr/local/tomcat
02-Oct-2026 09:25:44.272 INFO [main] org.apache.catalina.startup.VersionLoggerListener.log Command line argument: --add-opens=java.base/java.lang=ALL-UNNAMED
02-Oct-2026 09:25:44.273 INFO [main] org.apache.catalina.startup.VersionLoggerListener.log Command line argument: --add-opens=java.base/java.lang.invoke=ALL-UNNAMED
02-Oct-2026 09:25:44.275 INFO [main] org.apache.catalina.startup.VersionLoggerListener.log Command line argument: --add-opens=java.base/java.lang.reflect=ALL-UNNAMED
02-Oct-2026 09:25:44.276 INFO [main] org.apache.catalina.startup.VersionLoggerListener.log Command line argument: --add-opens=java.base/java.io=ALL-UNNAMED
02-Oct-2026 09:25:44.276 INFO [main] org.apache.catalina.startup.VersionLoggerListener.log Command line argument: --add-opens=java.base/java.util=ALL-UNNAMED
02-Oct-2026 09:25:44.276 INFO [main] org.apache.catalina.startup.VersionLoggerListener.log Command line argument: --add-opens=java.base/java.util.concurrent=ALL-UNNAMED
02-Oct-2026 09:25:44.276 INFO [main] org.apache.catalina.startup.VersionLoggerListener.log Command line argument: --add-opens=java.rmi/sun.rmi.transport=ALL-UNNAMED
02-Oct-2026 09:25:44.276 INFO [main] org.apache.catalina.startup.VersionLoggerListener.log Command line argument: -Djava.util.logging.config.file=/usr/local/tomcat/conf/logging.properties
02-Oct-2026 09:25:44.276 INFO [main] org.apache.catalina.startup.VersionLoggerListener.log Command line argument: -Djava.util.logging.manager=org.apache.juli.ClassLoaderLogManager
02-Oct-2026 09:25:44.276 INFO [main] org.apache.catalina.startup.VersionLoggerListener.log Command line argument: -Djdk.tls.ephemeralDHKeySize=2048
02-Oct-2026 09:25:44.276 INFO [main] org.apache.catalina.startup.VersionLoggerListener.log Command line argument: -Djava.protocol.handler.pkgs=org.apache.catalina.webresources
02-Oct-2026 09:25:44.276 INFO [main] org.apache.catalina.startup.VersionLoggerListener.log Command line argument: -Dsun.io.useCanonCaches=false
02-Oct-2026 09:25:44.276 INFO [main] org.apache.catalina.startup.VersionLoggerListener.log Command line argument: -Dorg.apache.catalina.security.SecurityListener.UMASK=0022
02-Oct-2026 09:25:44.278 INFO [main] org.apache.catalina.startup.VersionLoggerListener.log Command line argument: -Dignore.endorsed.dirs=
02-Oct-2026 09:25:44.278 INFO [main] org.apache.catalina.startup.VersionLoggerListener.log Command line argument: -Dcatalina.base=/usr/local/tomcat
02-Oct-2026 09:25:44.279 INFO [main] org.apache.catalina.startup.VersionLoggerListener.log Command line argument: -Dcatalina.home=/usr/local/tomcat
02-Oct-2026 09:25:44.279 INFO [main] org.apache.catalina.startup.VersionLoggerListener.log Command line argument: -Djava.io.tmpdir=/usr/local/tomcat/temp
02-Oct-2026 09:25:44.414 INFO [main] org.apache.catalina.core.AprLifecycleListener.lifecycleEvent Loaded Apache Tomcat Native library [1.3.7] using APR version [1.7.0].
02-Oct-2026 09:25:44.414 INFO [main] org.apache.catalina.core.AprLifecycleListener.lifecycleEvent APR capabilities: IPv6 [true], sendfile [true], accept filters [false], random [true], UDS [true].
02-Oct-2026 09:25:44.414 INFO [main] org.apache.catalina.core.AprLifecycleListener.lifecycleEvent APR/OpenSSL configuration: useAprConnector [false], useOpenSSL [true]
02-Oct-2026 09:25:44.419 INFO [main] org.apache.catalina.core.AprLifecycleListener.initializeSSL OpenSSL successfully initialized [OpenSSL 3.0.2 15 Mar 2022]
02-Oct-2026 09:25:47.081 INFO [main] org.apache.coyote.AbstractProtocol.init Initializing ProtocolHandler ["http-nio-8080"]
02-Oct-2026 09:25:47.468 INFO [main] org.apache.catalina.startup.Catalina.load Server initialization in [5069] milliseconds
02-Oct-2026 09:25:47.977 INFO [main] org.apache.catalina.core.StandardService.startInternal Starting service [Catalina]
02-Oct-2026 09:25:47.979 INFO [main] org.apache.catalina.core.StandardEngine.startInternal Starting Servlet engine: [Apache Tomcat/9.0.117]
02-Oct-2026 09:25:47.990 INFO [main] org.apache.catalina.startup.HostConfig.deployDescriptor Deploying deployment descriptor [/usr/local/tomcat/conf/Catalina/localhost/ROOT.xml]
02-Oct-2026 09:25:48.042 INFO [main] org.apache.catalina.startup.ExpandWar.expand An expanded directory [/usr/local/tomcat/webapps/ROOT] was found with a last modified time that did not match the associated WAR. It will be deleted.
02-Oct-2026 09:25:56.496 INFO [main] org.apache.jasper.servlet.TldScanner.scanJars At least one JAR was scanned for TLDs yet contained no TLDs. Enable debug logging for this logger for a complete list of JARs that were scanned but no TLDs were found in them. Skipping unneeded JARs during scanning can improve startup time and JSP compilation time.
02-Oct-2026 09:26:20.000 INFO [main] nonapi.io.github.classgraph.classloaderhandler.lifecycle.ServletLifeCycleListener.contextInitialized Servlet context initialized
02-Oct-2026 09:26:20.210 WARNING [main] org.apache.catalina.util.SessionIdGeneratorBase.createSecureRandom Creation of SecureRandom instance for session ID generation using [SHA1PRNG] took [134] milliseconds.
02-Oct-2026 09:26:25.911 INFO [main] org.apache.catalina.startup.HostConfig.deployDescriptor Deployment of deployment descriptor [/usr/local/tomcat/conf/Catalina/localhost/ROOT.xml] has finished in [37,919] ms
02-Oct-2026 09:26:26.002 INFO [main] org.apache.coyote.AbstractProtocol.start Starting ProtocolHandler ["http-nio-8080"]
02-Oct-2026 09:26:26.278 INFO [main] org.apache.catalina.startup.Catalina.start Server startup in [38809] milliseconds
02-Oct-2026 09:42:13.467 INFO [main] org.apache.catalina.startup.VersionLoggerListener.log Server version name:   Apache Tomcat/9.0.117
02-Oct-2026 09:42:13.473 INFO [main] org.apache.catalina.startup.VersionLoggerListener.log Server built:          Mar 30 2026 18:21:16 UTC
02-Oct-2026 09:42:13.475 INFO [main] org.apache.catalina.startup.VersionLoggerListener.log Server version number: 9.0.117.0
02-Oct-2026 09:42:13.475 INFO [main] org.apache.catalina.startup.VersionLoggerListener.log OS Name:               Linux
02-Oct-2026 09:42:13.475 INFO [main] org.apache.catalina.startup.VersionLoggerListener.log OS Version:            6.8.0-142-generic
02-Oct-2026 09:42:13.476 INFO [main] org.apache.catalina.startup.VersionLoggerListener.log Architecture:          amd64
02-Oct-2026 09:42:13.476 INFO [main] org.apache.catalina.startup.VersionLoggerListener.log Java Home:             /opt/java/openjdk
02-Oct-2026 09:42:13.476 INFO [main] org.apache.catalina.startup.VersionLoggerListener.log JVM Version:           11.0.31+11
02-Oct-2026 09:42:13.476 INFO [main] org.apache.catalina.startup.VersionLoggerListener.log JVM Vendor:            Eclipse Adoptium
02-Oct-2026 09:42:13.477 INFO [main] org.apache.catalina.startup.VersionLoggerListener.log CATALINA_BASE:         /usr/local/tomcat
02-Oct-2026 09:42:13.477 INFO [main] org.apache.catalina.startup.VersionLoggerListener.log CATALINA_HOME:         /usr/local/tomcat
02-Oct-2026 09:42:15.846 INFO [main] org.apache.catalina.startup.VersionLoggerListener.log Command line argument: --add-opens=java.base/java.lang=ALL-UNNAMED
02-Oct-2026 09:42:15.846 INFO [main] org.apache.catalina.startup.VersionLoggerListener.log Command line argument: --add-opens=java.base/java.lang.invoke=ALL-UNNAMED
02-Oct-2026 09:42:15.846 INFO [main] org.apache.catalina.startup.VersionLoggerListener.log Command line argument: --add-opens=java.base/java.lang.reflect=ALL-UNNAMED
02-Oct-2026 09:42:15.847 INFO [main] org.apache.catalina.startup.VersionLoggerListener.log Command line argument: --add-opens=java.base/java.io=ALL-UNNAMED
02-Oct-2026 09:42:15.847 INFO [main] org.apache.catalina.startup.VersionLoggerListener.log Command line argument: --add-opens=java.base/java.util=ALL-UNNAMED
02-Oct-2026 09:42:15.847 INFO [main] org.apache.catalina.startup.VersionLoggerListener.log Command line argument: --add-opens=java.base/java.util.concurrent=ALL-UNNAMED
02-Oct-2026 09:42:15.847 INFO [main] org.apache.catalina.startup.VersionLoggerListener.log Command line argument: --add-opens=java.rmi/sun.rmi.transport=ALL-UNNAMED
02-Oct-2026 09:42:15.847 INFO [main] org.apache.catalina.startup.VersionLoggerListener.log Command line argument: -Djava.util.logging.config.file=/usr/local/tomcat/conf/logging.properties
02-Oct-2026 09:42:15.847 INFO [main] org.apache.catalina.startup.VersionLoggerListener.log Command line argument: -Djava.util.logging.manager=org.apache.juli.ClassLoaderLogManager
02-Oct-2026 09:42:15.847 INFO [main] org.apache.catalina.startup.VersionLoggerListener.log Command line argument: -Djdk.tls.ephemeralDHKeySize=2048
02-Oct-2026 09:42:15.847 INFO [main] org.apache.catalina.startup.VersionLoggerListener.log Command line argument: -Djava.protocol.handler.pkgs=org.apache.catalina.webresources
02-Oct-2026 09:42:15.847 INFO [main] org.apache.catalina.startup.VersionLoggerListener.log Command line argument: -Dsun.io.useCanonCaches=false
02-Oct-2026 09:42:15.847 INFO [main] org.apache.catalina.startup.VersionLoggerListener.log Command line argument: -Dorg.apache.catalina.security.SecurityListener.UMASK=0022
02-Oct-2026 09:42:15.848 INFO [main] org.apache.catalina.startup.VersionLoggerListener.log Command line argument: -Dignore.endorsed.dirs=
02-Oct-2026 09:42:15.848 INFO [main] org.apache.catalina.startup.VersionLoggerListener.log Command line argument: -Dcatalina.base=/usr/local/tomcat
02-Oct-2026 09:42:15.848 INFO [main] org.apache.catalina.startup.VersionLoggerListener.log Command line argument: -Dcatalina.home=/usr/local/tomcat
02-Oct-2026 09:42:15.848 INFO [main] org.apache.catalina.startup.VersionLoggerListener.log Command line argument: -Djava.io.tmpdir=/usr/local/tomcat/temp
02-Oct-2026 09:42:17.125 INFO [main] org.apache.catalina.core.AprLifecycleListener.lifecycleEvent Loaded Apache Tomcat Native library [1.3.7] using APR version [1.7.0].
02-Oct-2026 09:42:17.126 INFO [main] org.apache.catalina.core.AprLifecycleListener.lifecycleEvent APR capabilities: IPv6 [true], sendfile [true], accept filters [false], random [true], UDS [true].
02-Oct-2026 09:42:17.126 INFO [main] org.apache.catalina.core.AprLifecycleListener.lifecycleEvent APR/OpenSSL configuration: useAprConnector [false], useOpenSSL [true]
02-Oct-2026 09:42:17.309 INFO [main] org.apache.catalina.core.AprLifecycleListener.initializeSSL OpenSSL successfully initialized [OpenSSL 3.0.2 15 Mar 2022]
02-Oct-2026 09:42:28.600 INFO [main] org.apache.coyote.AbstractProtocol.init Initializing ProtocolHandler ["http-nio-8080"]
02-Oct-2026 09:42:30.534 INFO [main] org.apache.catalina.startup.Catalina.load Server initialization in [35164] milliseconds
02-Oct-2026 09:42:32.888 INFO [main] org.apache.catalina.core.StandardService.startInternal Starting service [Catalina]
02-Oct-2026 09:42:32.888 INFO [main] org.apache.catalina.core.StandardEngine.startInternal Starting Servlet engine: [Apache Tomcat/9.0.117]
02-Oct-2026 09:42:32.897 INFO [main] org.apache.catalina.startup.HostConfig.deployDescriptor Deploying deployment descriptor [/usr/local/tomcat/conf/Catalina/localhost/ROOT.xml]
02-Oct-2026 09:42:33.305 INFO [main] org.apache.catalina.startup.ExpandWar.expand An expanded directory [/usr/local/tomcat/webapps/ROOT] was found with a last modified time that did not match the associated WAR. It will be deleted.
02-Oct-2026 09:42:59.084 INFO [main] org.apache.jasper.servlet.TldScanner.scanJars At least one JAR was scanned for TLDs yet contained no TLDs. Enable debug logging for this logger for a complete list of JARs that were scanned but no TLDs were found in them. Skipping unneeded JARs during scanning can improve startup time and JSP compilation time.
02-Oct-2026 09:43:47.608 INFO [main] nonapi.io.github.classgraph.classloaderhandler.lifecycle.ServletLifeCycleListener.contextInitialized Servlet context initialized
02-Oct-2026 09:43:47.785 WARNING [main] org.apache.catalina.util.SessionIdGeneratorBase.createSecureRandom Creation of SecureRandom instance for session ID generation using [SHA1PRNG] took [170] milliseconds.
02-Oct-2026 09:43:52.140 INFO [main] org.apache.catalina.startup.HostConfig.deployDescriptor Deployment of deployment descriptor [/usr/local/tomcat/conf/Catalina/localhost/ROOT.xml] has finished in [79,243] ms
02-Oct-2026 09:43:52.146 INFO [main] org.apache.coyote.AbstractProtocol.start Starting ProtocolHandler ["http-nio-8080"]
02-Oct-2026 09:43:52.340 INFO [main] org.apache.catalina.startup.Catalina.start Server startup in [81806] milliseconds
02-Oct-2026 09:56:10.418 INFO [main] org.apache.catalina.startup.VersionLoggerListener.log Server version name:   Apache Tomcat/9.0.117
02-Oct-2026 09:56:10.567 INFO [main] org.apache.catalina.startup.VersionLoggerListener.log Server built:          Mar 30 2026 18:21:16 UTC
02-Oct-2026 09:56:10.567 INFO [main] org.apache.catalina.startup.VersionLoggerListener.log Server version number: 9.0.117.0
02-Oct-2026 09:56:10.568 INFO [main] org.apache.catalina.startup.VersionLoggerListener.log OS Name:               Linux
02-Oct-2026 09:56:10.568 INFO [main] org.apache.catalina.startup.VersionLoggerListener.log OS Version:            6.8.0-142-generic
02-Oct-2026 09:56:10.568 INFO [main] org.apache.catalina.startup.VersionLoggerListener.log Architecture:          amd64
02-Oct-2026 09:56:10.568 INFO [main] org.apache.catalina.startup.VersionLoggerListener.log Java Home:             /opt/java/openjdk
02-Oct-2026 09:56:10.568 INFO [main] org.apache.catalina.startup.VersionLoggerListener.log JVM Version:           11.0.31+11
02-Oct-2026 09:56:10.568 INFO [main] org.apache.catalina.startup.VersionLoggerListener.log JVM Vendor:            Eclipse Adoptium
02-Oct-2026 09:56:10.568 INFO [main] org.apache.catalina.startup.VersionLoggerListener.log CATALINA_BASE:         /usr/local/tomcat
02-Oct-2026 09:56:10.568 INFO [main] org.apache.catalina.startup.VersionLoggerListener.log CATALINA_HOME:         /usr/local/tomcat
02-Oct-2026 09:56:10.739 INFO [main] org.apache.catalina.startup.VersionLoggerListener.log Command line argument: --add-opens=java.base/java.lang=ALL-UNNAMED
02-Oct-2026 09:56:10.740 INFO [main] org.apache.catalina.startup.VersionLoggerListener.log Command line argument: --add-opens=java.base/java.lang.invoke=ALL-UNNAMED
02-Oct-2026 09:56:10.741 INFO [main] org.apache.catalina.startup.VersionLoggerListener.log Command line argument: --add-opens=java.base/java.lang.reflect=ALL-UNNAMED
02-Oct-2026 09:56:10.741 INFO [main] org.apache.catalina.startup.VersionLoggerListener.log Command line argument: --add-opens=java.base/java.io=ALL-UNNAMED
02-Oct-2026 09:56:10.741 INFO [main] org.apache.catalina.startup.VersionLoggerListener.log Command line argument: --add-opens=java.base/java.util=ALL-UNNAMED
02-Oct-2026 09:56:10.741 INFO [main] org.apache.catalina.startup.VersionLoggerListener.log Command line argument: --add-opens=java.base/java.util.concurrent=ALL-UNNAMED
02-Oct-2026 09:56:10.741 INFO [main] org.apache.catalina.startup.VersionLoggerListener.log Command line argument: --add-opens=java.rmi/sun.rmi.transport=ALL-UNNAMED
02-Oct-2026 09:56:10.741 INFO [main] org.apache.catalina.startup.VersionLoggerListener.log Command line argument: -Djava.util.logging.config.file=/usr/local/tomcat/conf/logging.properties
02-Oct-2026 09:56:10.741 INFO [main] org.apache.catalina.startup.VersionLoggerListener.log Command line argument: -Djava.util.logging.manager=org.apache.juli.ClassLoaderLogManager
02-Oct-2026 09:56:10.742 INFO [main] org.apache.catalina.startup.VersionLoggerListener.log Command line argument: -Djdk.tls.ephemeralDHKeySize=2048
02-Oct-2026 09:56:10.742 INFO [main] org.apache.catalina.startup.VersionLoggerListener.log Command line argument: -Djava.protocol.handler.pkgs=org.apache.catalina.webresources
02-Oct-2026 09:56:10.742 INFO [main] org.apache.catalina.startup.VersionLoggerListener.log Command line argument: -Dsun.io.useCanonCaches=false
02-Oct-2026 09:56:10.742 INFO [main] org.apache.catalina.startup.VersionLoggerListener.log Command line argument: -Dorg.apache.catalina.security.SecurityListener.UMASK=0022
02-Oct-2026 09:56:10.742 INFO [main] org.apache.catalina.startup.VersionLoggerListener.log Command line argument: -Dignore.endorsed.dirs=
02-Oct-2026 09:56:10.742 INFO [main] org.apache.catalina.startup.VersionLoggerListener.log Command line argument: -Dcatalina.base=/usr/local/tomcat
02-Oct-2026 09:56:10.742 INFO [main] org.apache.catalina.startup.VersionLoggerListener.log Command line argument: -Dcatalina.home=/usr/local/tomcat
02-Oct-2026 09:56:10.742 INFO [main] org.apache.catalina.startup.VersionLoggerListener.log Command line argument: -Djava.io.tmpdir=/usr/local/tomcat/temp
02-Oct-2026 09:56:11.782 INFO [main] org.apache.catalina.core.AprLifecycleListener.lifecycleEvent Loaded Apache Tomcat Native library [1.3.7] using APR version [1.7.0].
02-Oct-2026 09:56:11.782 INFO [main] org.apache.catalina.core.AprLifecycleListener.lifecycleEvent APR capabilities: IPv6 [true], sendfile [true], accept filters [false], random [true], UDS [true].
02-Oct-2026 09:56:11.782 INFO [main] org.apache.catalina.core.AprLifecycleListener.lifecycleEvent APR/OpenSSL configuration: useAprConnector [false], useOpenSSL [true]
02-Oct-2026 09:56:12.332 INFO [main] org.apache.catalina.core.AprLifecycleListener.initializeSSL OpenSSL successfully initialized [OpenSSL 3.0.2 15 Mar 2022]
02-Oct-2026 09:56:14.444 INFO [main] org.apache.coyote.AbstractProtocol.init Initializing ProtocolHandler ["http-nio-8080"]
02-Oct-2026 09:56:15.090 INFO [main] org.apache.catalina.startup.Catalina.load Server initialization in [7212] milliseconds
02-Oct-2026 09:56:15.951 INFO [main] org.apache.catalina.core.StandardService.startInternal Starting service [Catalina]
02-Oct-2026 09:56:15.951 INFO [main] org.apache.catalina.core.StandardEngine.startInternal Starting Servlet engine: [Apache Tomcat/9.0.117]
02-Oct-2026 09:56:15.960 INFO [main] org.apache.catalina.startup.HostConfig.deployDescriptor Deploying deployment descriptor [/usr/local/tomcat/conf/Catalina/localhost/ROOT.xml]
02-Oct-2026 09:56:23.778 INFO [main] org.apache.jasper.servlet.TldScanner.scanJars At least one JAR was scanned for TLDs yet contained no TLDs. Enable debug logging for this logger for a complete list of JARs that were scanned but no TLDs were found in them. Skipping unneeded JARs during scanning can improve startup time and JSP compilation time.
02-Oct-2026 09:56:40.655 INFO [main] nonapi.io.github.classgraph.classloaderhandler.lifecycle.ServletLifeCycleListener.contextInitialized Servlet context initialized
02-Oct-2026 09:56:46.921 INFO [main] org.apache.catalina.startup.HostConfig.deployDescriptor Deployment of deployment descriptor [/usr/local/tomcat/conf/Catalina/localhost/ROOT.xml] has finished in [30,958] ms
02-Oct-2026 09:56:46.928 INFO [main] org.apache.coyote.AbstractProtocol.start Starting ProtocolHandler ["http-nio-8080"]
02-Oct-2026 09:56:46.970 INFO [main] org.apache.catalina.startup.Catalina.start Server startup in [31879] milliseconds
02-Oct-2026 11:12:58.113 INFO [Thread-13] org.apache.coyote.AbstractProtocol.pause Pausing ProtocolHandler ["http-nio-8080"]
02-Oct-2026 11:12:58.122 INFO [Thread-13] org.apache.catalina.core.StandardService.stopInternal Stopping service [Catalina]
02-Oct-2026 11:13:00.181 INFO [Thread-13] nonapi.io.github.classgraph.classloaderhandler.lifecycle.ServletLifeCycleListener.contextDestroyed Servlet context destroyed -- closing any remaning open ClassGraph ScanResult instances
02-Oct-2026 11:13:00.189 WARNING [Thread-13] org.apache.catalina.loader.WebappClassLoaderBase.clearReferencesJdbc The web application [ROOT] registered the JDBC driver [org.postgresql.Driver] but failed to unregister it when the web application was stopped. To prevent a memory leak, the JDBC Driver has been forcibly unregistered.
02-Oct-2026 11:13:00.192 WARNING [Thread-13] org.apache.catalina.loader.WebappClassLoaderBase.clearReferencesThreads The web application [ROOT] appears to have started a thread named [pool-9-thread-1] but has failed to stop it. This is very likely to create a memory leak. Stack trace of thread:
 java.base@11.0.31/jdk.internal.misc.Unsafe.park(Native Method)
 java.base@11.0.31/java.util.concurrent.locks.LockSupport.park(LockSupport.java:194)
 java.base@11.0.31/java.util.concurrent.locks.AbstractQueuedSynchronizer$ConditionObject.await(AbstractQueuedSynchronizer.java:2081)
 java.base@11.0.31/java.util.concurrent.LinkedBlockingQueue.take(LinkedBlockingQueue.java:433)
 java.base@11.0.31/java.util.concurrent.ThreadPoolExecutor.getTask(ThreadPoolExecutor.java:1054)
 java.base@11.0.31/java.util.concurrent.ThreadPoolExecutor.runWorker(ThreadPoolExecutor.java:1114)
 java.base@11.0.31/java.util.concurrent.ThreadPoolExecutor$Worker.run(ThreadPoolExecutor.java:628)
 java.base@11.0.31/java.lang.Thread.run(Thread.java:829)
02-Oct-2026 11:13:00.193 WARNING [Thread-13] org.apache.catalina.loader.WebappClassLoaderBase.clearReferencesThreads The web application [ROOT] appears to have started a thread named [pool-9-thread-2] but has failed to stop it. This is very likely to create a memory leak. Stack trace of thread:
 java.base@11.0.31/jdk.internal.misc.Unsafe.park(Native Method)
 java.base@11.0.31/java.util.concurrent.locks.LockSupport.park(LockSupport.java:194)
 java.base@11.0.31/java.util.concurrent.locks.AbstractQueuedSynchronizer$ConditionObject.await(AbstractQueuedSynchronizer.java:2081)
 java.base@11.0.31/java.util.concurrent.LinkedBlockingQueue.take(LinkedBlockingQueue.java:433)
 java.base@11.0.31/java.util.concurrent.ThreadPoolExecutor.getTask(ThreadPoolExecutor.java:1054)
 java.base@11.0.31/java.util.concurrent.ThreadPoolExecutor.runWorker(ThreadPoolExecutor.java:1114)
 java.base@11.0.31/java.util.concurrent.ThreadPoolExecutor$Worker.run(ThreadPoolExecutor.java:628)
 java.base@11.0.31/java.lang.Thread.run(Thread.java:829)
02-Oct-2026 11:13:00.194 WARNING [Thread-13] org.apache.catalina.loader.WebappClassLoaderBase.clearReferencesThreads The web application [ROOT] appears to have started a thread named [pool-9-thread-3] but has failed to stop it. This is very likely to create a memory leak. Stack trace of thread:
 java.base@11.0.31/jdk.internal.misc.Unsafe.park(Native Method)
 java.base@11.0.31/java.util.concurrent.locks.LockSupport.park(LockSupport.java:194)
 java.base@11.0.31/java.util.concurrent.locks.AbstractQueuedSynchronizer$ConditionObject.await(AbstractQueuedSynchronizer.java:2081)
 java.base@11.0.31/java.util.concurrent.LinkedBlockingQueue.take(LinkedBlockingQueue.java:433)
 java.base@11.0.31/java.util.concurrent.ThreadPoolExecutor.getTask(ThreadPoolExecutor.java:1054)
 java.base@11.0.31/java.util.concurrent.ThreadPoolExecutor.runWorker(ThreadPoolExecutor.java:1114)
 java.base@11.0.31/java.util.concurrent.ThreadPoolExecutor$Worker.run(ThreadPoolExecutor.java:628)
 java.base@11.0.31/java.lang.Thread.run(Thread.java:829)
02-Oct-2026 11:13:00.195 WARNING [Thread-13] org.apache.catalina.loader.WebappClassLoaderBase.clearReferencesThreads The web application [ROOT] appears to have started a thread named [pool-9-thread-4] but has failed to stop it. This is very likely to create a memory leak. Stack trace of thread:
 java.base@11.0.31/jdk.internal.misc.Unsafe.park(Native Method)
 java.base@11.0.31/java.util.concurrent.locks.LockSupport.park(LockSupport.java:194)
 java.base@11.0.31/java.util.concurrent.locks.AbstractQueuedSynchronizer$ConditionObject.await(AbstractQueuedSynchronizer.java:2081)
 java.base@11.0.31/java.util.concurrent.LinkedBlockingQueue.take(LinkedBlockingQueue.java:433)
 java.base@11.0.31/java.util.concurrent.ThreadPoolExecutor.getTask(ThreadPoolExecutor.java:1054)
 java.base@11.0.31/java.util.concurrent.ThreadPoolExecutor.runWorker(ThreadPoolExecutor.java:1114)
 java.base@11.0.31/java.util.concurrent.ThreadPoolExecutor$Worker.run(ThreadPoolExecutor.java:628)
 java.base@11.0.31/java.lang.Thread.run(Thread.java:829)
02-Oct-2026 11:13:00.197 WARNING [Thread-13] org.apache.catalina.loader.WebappClassLoaderBase.clearReferencesThreads The web application [ROOT] appears to have started a thread named [pool-9-thread-5] but has failed to stop it. This is very likely to create a memory leak. Stack trace of thread:
 java.base@11.0.31/jdk.internal.misc.Unsafe.park(Native Method)
 java.base@11.0.31/java.util.concurrent.locks.LockSupport.park(LockSupport.java:194)
 java.base@11.0.31/java.util.concurrent.locks.AbstractQueuedSynchronizer$ConditionObject.await(AbstractQueuedSynchronizer.java:2081)
 java.base@11.0.31/java.util.concurrent.LinkedBlockingQueue.take(LinkedBlockingQueue.java:433)
 java.base@11.0.31/java.util.concurrent.ThreadPoolExecutor.getTask(ThreadPoolExecutor.java:1054)
 java.base@11.0.31/java.util.concurrent.ThreadPoolExecutor.runWorker(ThreadPoolExecutor.java:1114)
 java.base@11.0.31/java.util.concurrent.ThreadPoolExecutor$Worker.run(ThreadPoolExecutor.java:628)
 java.base@11.0.31/java.lang.Thread.run(Thread.java:829)
02-Oct-2026 11:13:00.197 WARNING [Thread-13] org.apache.catalina.loader.WebappClassLoaderBase.clearReferencesThreads The web application [ROOT] appears to have started a thread named [MQTT Reconnect: HMDMServer] but has failed to stop it. This is very likely to create a memory leak. Stack trace of thread:
 java.base@11.0.31/java.lang.Object.wait(Native Method)
 java.base@11.0.31/java.util.TimerThread.mainLoop(Timer.java:553)
 java.base@11.0.31/java.util.TimerThread.run(Timer.java:506)
02-Oct-2026 11:13:00.233 INFO [Thread-13] org.apache.coyote.AbstractProtocol.stop Stopping ProtocolHandler ["http-nio-8080"]
02-Oct-2026 11:13:00.250 INFO [Thread-13] org.apache.coyote.AbstractProtocol.destroy Destroying ProtocolHandler ["http-nio-8080"]
02-Oct-2026 11:13:09.906 INFO [main] org.apache.catalina.startup.VersionLoggerListener.log Server version name:   Apache Tomcat/9.0.117
02-Oct-2026 11:13:09.911 INFO [main] org.apache.catalina.startup.VersionLoggerListener.log Server built:          Mar 30 2026 18:21:16 UTC
02-Oct-2026 11:13:09.911 INFO [main] org.apache.catalina.startup.VersionLoggerListener.log Server version number: 9.0.117.0
02-Oct-2026 11:13:09.911 INFO [main] org.apache.catalina.startup.VersionLoggerListener.log OS Name:               Linux
02-Oct-2026 11:13:09.912 INFO [main] org.apache.catalina.startup.VersionLoggerListener.log OS Version:            6.8.0-142-generic
02-Oct-2026 11:13:09.912 INFO [main] org.apache.catalina.startup.VersionLoggerListener.log Architecture:          amd64
02-Oct-2026 11:13:09.912 INFO [main] org.apache.catalina.startup.VersionLoggerListener.log Java Home:             /opt/java/openjdk
02-Oct-2026 11:13:09.912 INFO [main] org.apache.catalina.startup.VersionLoggerListener.log JVM Version:           11.0.31+11
02-Oct-2026 11:13:09.912 INFO [main] org.apache.catalina.startup.VersionLoggerListener.log JVM Vendor:            Eclipse Adoptium
02-Oct-2026 11:13:09.912 INFO [main] org.apache.catalina.startup.VersionLoggerListener.log CATALINA_BASE:         /usr/local/tomcat
02-Oct-2026 11:13:09.912 INFO [main] org.apache.catalina.startup.VersionLoggerListener.log CATALINA_HOME:         /usr/local/tomcat
02-Oct-2026 11:13:09.934 INFO [main] org.apache.catalina.startup.VersionLoggerListener.log Command line argument: --add-opens=java.base/java.lang=ALL-UNNAMED
02-Oct-2026 11:13:09.935 INFO [main] org.apache.catalina.startup.VersionLoggerListener.log Command line argument: --add-opens=java.base/java.lang.invoke=ALL-UNNAMED
02-Oct-2026 11:13:09.935 INFO [main] org.apache.catalina.startup.VersionLoggerListener.log Command line argument: --add-opens=java.base/java.lang.reflect=ALL-UNNAMED
02-Oct-2026 11:13:09.936 INFO [main] org.apache.catalina.startup.VersionLoggerListener.log Command line argument: --add-opens=java.base/java.io=ALL-UNNAMED
02-Oct-2026 11:13:09.936 INFO [main] org.apache.catalina.startup.VersionLoggerListener.log Command line argument: --add-opens=java.base/java.util=ALL-UNNAMED
02-Oct-2026 11:13:09.936 INFO [main] org.apache.catalina.startup.VersionLoggerListener.log Command line argument: --add-opens=java.base/java.util.concurrent=ALL-UNNAMED
02-Oct-2026 11:13:09.936 INFO [main] org.apache.catalina.startup.VersionLoggerListener.log Command line argument: --add-opens=java.rmi/sun.rmi.transport=ALL-UNNAMED
02-Oct-2026 11:13:09.937 INFO [main] org.apache.catalina.startup.VersionLoggerListener.log Command line argument: -Djava.util.logging.config.file=/usr/local/tomcat/conf/logging.properties
02-Oct-2026 11:13:09.937 INFO [main] org.apache.catalina.startup.VersionLoggerListener.log Command line argument: -Djava.util.logging.manager=org.apache.juli.ClassLoaderLogManager
02-Oct-2026 11:13:09.937 INFO [main] org.apache.catalina.startup.VersionLoggerListener.log Command line argument: -Djdk.tls.ephemeralDHKeySize=2048
02-Oct-2026 11:13:09.938 INFO [main] org.apache.catalina.startup.VersionLoggerListener.log Command line argument: -Djava.protocol.handler.pkgs=org.apache.catalina.webresources
02-Oct-2026 11:13:09.938 INFO [main] org.apache.catalina.startup.VersionLoggerListener.log Command line argument: -Dsun.io.useCanonCaches=false
02-Oct-2026 11:13:09.938 INFO [main] org.apache.catalina.startup.VersionLoggerListener.log Command line argument: -Dorg.apache.catalina.security.SecurityListener.UMASK=0022
02-Oct-2026 11:13:09.938 INFO [main] org.apache.catalina.startup.VersionLoggerListener.log Command line argument: -Dignore.endorsed.dirs=
02-Oct-2026 11:13:09.939 INFO [main] org.apache.catalina.startup.VersionLoggerListener.log Command line argument: -Dcatalina.base=/usr/local/tomcat
02-Oct-2026 11:13:09.939 INFO [main] org.apache.catalina.startup.VersionLoggerListener.log Command line argument: -Dcatalina.home=/usr/local/tomcat
02-Oct-2026 11:13:09.939 INFO [main] org.apache.catalina.startup.VersionLoggerListener.log Command line argument: -Djava.io.tmpdir=/usr/local/tomcat/temp
02-Oct-2026 11:13:09.945 INFO [main] org.apache.catalina.core.AprLifecycleListener.lifecycleEvent Loaded Apache Tomcat Native library [1.3.7] using APR version [1.7.0].
02-Oct-2026 11:13:09.945 INFO [main] org.apache.catalina.core.AprLifecycleListener.lifecycleEvent APR capabilities: IPv6 [true], sendfile [true], accept filters [false], random [true], UDS [true].
02-Oct-2026 11:13:09.946 INFO [main] org.apache.catalina.core.AprLifecycleListener.lifecycleEvent APR/OpenSSL configuration: useAprConnector [false], useOpenSSL [true]
02-Oct-2026 11:13:09.951 INFO [main] org.apache.catalina.core.AprLifecycleListener.initializeSSL OpenSSL successfully initialized [OpenSSL 3.0.2 15 Mar 2022]
02-Oct-2026 11:13:10.485 INFO [main] org.apache.coyote.AbstractProtocol.init Initializing ProtocolHandler ["http-nio-8080"]
02-Oct-2026 11:13:10.535 INFO [main] org.apache.catalina.startup.Catalina.load Server initialization in [983] milliseconds
02-Oct-2026 11:13:10.642 INFO [main] org.apache.catalina.core.StandardService.startInternal Starting service [Catalina]
02-Oct-2026 11:13:10.643 INFO [main] org.apache.catalina.core.StandardEngine.startInternal Starting Servlet engine: [Apache Tomcat/9.0.117]
02-Oct-2026 11:13:10.655 INFO [main] org.apache.catalina.startup.HostConfig.deployDescriptor Deploying deployment descriptor [/usr/local/tomcat/conf/Catalina/localhost/ROOT.xml]
02-Oct-2026 11:13:14.577 INFO [main] org.apache.jasper.servlet.TldScanner.scanJars At least one JAR was scanned for TLDs yet contained no TLDs. Enable debug logging for this logger for a complete list of JARs that were scanned but no TLDs were found in them. Skipping unneeded JARs during scanning can improve startup time and JSP compilation time.
02-Oct-2026 11:13:22.216 INFO [main] nonapi.io.github.classgraph.classloaderhandler.lifecycle.ServletLifeCycleListener.contextInitialized Servlet context initialized
02-Oct-2026 11:13:25.819 INFO [main] org.apache.catalina.startup.HostConfig.deployDescriptor Deployment of deployment descriptor [/usr/local/tomcat/conf/Catalina/localhost/ROOT.xml] has finished in [15,162] ms
02-Oct-2026 11:13:25.823 INFO [main] org.apache.coyote.AbstractProtocol.start Starting ProtocolHandler ["http-nio-8080"]
02-Oct-2026 11:13:25.842 INFO [main] org.apache.catalina.startup.Catalina.start Server startup in [15306] milliseconds
02-Oct-2026 11:26:41.229 INFO [Thread-13] org.apache.coyote.AbstractProtocol.pause Pausing ProtocolHandler ["http-nio-8080"]
02-Oct-2026 11:26:41.267 INFO [Thread-13] org.apache.catalina.core.StandardService.stopInternal Stopping service [Catalina]
02-Oct-2026 11:26:43.364 INFO [Thread-13] nonapi.io.github.classgraph.classloaderhandler.lifecycle.ServletLifeCycleListener.contextDestroyed Servlet context destroyed -- closing any remaning open ClassGraph ScanResult instances
02-Oct-2026 11:26:43.380 WARNING [Thread-13] org.apache.catalina.loader.WebappClassLoaderBase.clearReferencesJdbc The web application [ROOT] registered the JDBC driver [org.postgresql.Driver] but failed to unregister it when the web application was stopped. To prevent a memory leak, the JDBC Driver has been forcibly unregistered.
02-Oct-2026 11:26:43.382 WARNING [Thread-13] org.apache.catalina.loader.WebappClassLoaderBase.clearReferencesThreads The web application [ROOT] appears to have started a thread named [MQTT Reconnect: HMDMServer] but has failed to stop it. This is very likely to create a memory leak. Stack trace of thread:
 java.base@11.0.31/java.lang.Object.wait(Native Method)
 java.base@11.0.31/java.util.TimerThread.mainLoop(Timer.java:553)
 java.base@11.0.31/java.util.TimerThread.run(Timer.java:506)
02-Oct-2026 11:26:43.548 INFO [Thread-13] org.apache.coyote.AbstractProtocol.stop Stopping ProtocolHandler ["http-nio-8080"]
02-Oct-2026 11:26:43.556 INFO [Thread-13] org.apache.coyote.AbstractProtocol.destroy Destroying ProtocolHandler ["http-nio-8080"]
02-Oct-2026 11:26:54.431 INFO [main] org.apache.catalina.startup.VersionLoggerListener.log Server version name:   Apache Tomcat/9.0.117
02-Oct-2026 11:26:54.436 INFO [main] org.apache.catalina.startup.VersionLoggerListener.log Server built:          Mar 30 2026 18:21:16 UTC
02-Oct-2026 11:26:54.438 INFO [main] org.apache.catalina.startup.VersionLoggerListener.log Server version number: 9.0.117.0
02-Oct-2026 11:26:54.438 INFO [main] org.apache.catalina.startup.VersionLoggerListener.log OS Name:               Linux
02-Oct-2026 11:26:54.439 INFO [main] org.apache.catalina.startup.VersionLoggerListener.log OS Version:            6.8.0-142-generic
02-Oct-2026 11:26:54.440 INFO [main] org.apache.catalina.startup.VersionLoggerListener.log Architecture:          amd64
02-Oct-2026 11:26:54.441 INFO [main] org.apache.catalina.startup.VersionLoggerListener.log Java Home:             /opt/java/openjdk
02-Oct-2026 11:26:54.441 INFO [main] org.apache.catalina.startup.VersionLoggerListener.log JVM Version:           11.0.31+11
02-Oct-2026 11:26:54.442 INFO [main] org.apache.catalina.startup.VersionLoggerListener.log JVM Vendor:            Eclipse Adoptium
02-Oct-2026 11:26:54.442 INFO [main] org.apache.catalina.startup.VersionLoggerListener.log CATALINA_BASE:         /usr/local/tomcat
02-Oct-2026 11:26:54.443 INFO [main] org.apache.catalina.startup.VersionLoggerListener.log CATALINA_HOME:         /usr/local/tomcat
02-Oct-2026 11:26:54.459 INFO [main] org.apache.catalina.startup.VersionLoggerListener.log Command line argument: --add-opens=java.base/java.lang=ALL-UNNAMED
02-Oct-2026 11:26:54.460 INFO [main] org.apache.catalina.startup.VersionLoggerListener.log Command line argument: --add-opens=java.base/java.lang.invoke=ALL-UNNAMED
02-Oct-2026 11:26:54.461 INFO [main] org.apache.catalina.startup.VersionLoggerListener.log Command line argument: --add-opens=java.base/java.lang.reflect=ALL-UNNAMED
02-Oct-2026 11:26:54.461 INFO [main] org.apache.catalina.startup.VersionLoggerListener.log Command line argument: --add-opens=java.base/java.io=ALL-UNNAMED
02-Oct-2026 11:26:54.462 INFO [main] org.apache.catalina.startup.VersionLoggerListener.log Command line argument: --add-opens=java.base/java.util=ALL-UNNAMED
02-Oct-2026 11:26:54.462 INFO [main] org.apache.catalina.startup.VersionLoggerListener.log Command line argument: --add-opens=java.base/java.util.concurrent=ALL-UNNAMED
02-Oct-2026 11:26:54.462 INFO [main] org.apache.catalina.startup.VersionLoggerListener.log Command line argument: --add-opens=java.rmi/sun.rmi.transport=ALL-UNNAMED
02-Oct-2026 11:26:54.463 INFO [main] org.apache.catalina.startup.VersionLoggerListener.log Command line argument: -Djava.util.logging.config.file=/usr/local/tomcat/conf/logging.properties
02-Oct-2026 11:26:54.463 INFO [main] org.apache.catalina.startup.VersionLoggerListener.log Command line argument: -Djava.util.logging.manager=org.apache.juli.ClassLoaderLogManager
02-Oct-2026 11:26:54.463 INFO [main] org.apache.catalina.startup.VersionLoggerListener.log Command line argument: -Djdk.tls.ephemeralDHKeySize=2048
02-Oct-2026 11:26:54.463 INFO [main] org.apache.catalina.startup.VersionLoggerListener.log Command line argument: -Djava.protocol.handler.pkgs=org.apache.catalina.webresources
02-Oct-2026 11:26:54.463 INFO [main] org.apache.catalina.startup.VersionLoggerListener.log Command line argument: -Dsun.io.useCanonCaches=false
02-Oct-2026 11:26:54.463 INFO [main] org.apache.catalina.startup.VersionLoggerListener.log Command line argument: -Dorg.apache.catalina.security.SecurityListener.UMASK=0022
02-Oct-2026 11:26:54.463 INFO [main] org.apache.catalina.startup.VersionLoggerListener.log Command line argument: -Dignore.endorsed.dirs=
02-Oct-2026 11:26:54.464 INFO [main] org.apache.catalina.startup.VersionLoggerListener.log Command line argument: -Dcatalina.base=/usr/local/tomcat
02-Oct-2026 11:26:54.468 INFO [main] org.apache.catalina.startup.VersionLoggerListener.log Command line argument: -Dcatalina.home=/usr/local/tomcat
02-Oct-2026 11:26:54.468 INFO [main] org.apache.catalina.startup.VersionLoggerListener.log Command line argument: -Djava.io.tmpdir=/usr/local/tomcat/temp
02-Oct-2026 11:26:54.474 INFO [main] org.apache.catalina.core.AprLifecycleListener.lifecycleEvent Loaded Apache Tomcat Native library [1.3.7] using APR version [1.7.0].
02-Oct-2026 11:26:54.475 INFO [main] org.apache.catalina.core.AprLifecycleListener.lifecycleEvent APR capabilities: IPv6 [true], sendfile [true], accept filters [false], random [true], UDS [true].
02-Oct-2026 11:26:54.476 INFO [main] org.apache.catalina.core.AprLifecycleListener.lifecycleEvent APR/OpenSSL configuration: useAprConnector [false], useOpenSSL [true]
02-Oct-2026 11:26:54.483 INFO [main] org.apache.catalina.core.AprLifecycleListener.initializeSSL OpenSSL successfully initialized [OpenSSL 3.0.2 15 Mar 2022]
02-Oct-2026 11:26:55.171 INFO [main] org.apache.coyote.AbstractProtocol.init Initializing ProtocolHandler ["http-nio-8080"]
02-Oct-2026 11:26:55.223 INFO [main] org.apache.catalina.startup.Catalina.load Server initialization in [1136] milliseconds
02-Oct-2026 11:26:55.366 INFO [main] org.apache.catalina.core.StandardService.startInternal Starting service [Catalina]
02-Oct-2026 11:26:55.366 INFO [main] org.apache.catalina.core.StandardEngine.startInternal Starting Servlet engine: [Apache Tomcat/9.0.117]
02-Oct-2026 11:26:55.377 INFO [main] org.apache.catalina.startup.HostConfig.deployDescriptor Deploying deployment descriptor [/usr/local/tomcat/conf/Catalina/localhost/ROOT.xml]
02-Oct-2026 11:27:03.130 INFO [main] org.apache.jasper.servlet.TldScanner.scanJars At least one JAR was scanned for TLDs yet contained no TLDs. Enable debug logging for this logger for a complete list of JARs that were scanned but no TLDs were found in them. Skipping unneeded JARs during scanning can improve startup time and JSP compilation time.
02-Oct-2026 11:27:11.487 INFO [main] nonapi.io.github.classgraph.classloaderhandler.lifecycle.ServletLifeCycleListener.contextInitialized Servlet context initialized
02-Oct-2026 11:27:15.536 INFO [main] org.apache.catalina.startup.HostConfig.deployDescriptor Deployment of deployment descriptor [/usr/local/tomcat/conf/Catalina/localhost/ROOT.xml] has finished in [20,157] ms
02-Oct-2026 11:27:15.545 INFO [main] org.apache.coyote.AbstractProtocol.start Starting ProtocolHandler ["http-nio-8080"]
02-Oct-2026 11:27:15.637 INFO [main] org.apache.catalina.startup.Catalina.start Server startup in [20413] milliseconds
02-Oct-2026 12:04:15.157 INFO [Thread-13] org.apache.coyote.AbstractProtocol.pause Pausing ProtocolHandler ["http-nio-8080"]
02-Oct-2026 12:04:15.164 INFO [Thread-13] org.apache.catalina.core.StandardService.stopInternal Stopping service [Catalina]
02-Oct-2026 12:04:17.198 INFO [Thread-13] nonapi.io.github.classgraph.classloaderhandler.lifecycle.ServletLifeCycleListener.contextDestroyed Servlet context destroyed -- closing any remaning open ClassGraph ScanResult instances
02-Oct-2026 12:04:17.207 WARNING [Thread-13] org.apache.catalina.loader.WebappClassLoaderBase.clearReferencesJdbc The web application [ROOT] registered the JDBC driver [org.postgresql.Driver] but failed to unregister it when the web application was stopped. To prevent a memory leak, the JDBC Driver has been forcibly unregistered.
02-Oct-2026 12:04:17.209 WARNING [Thread-13] org.apache.catalina.loader.WebappClassLoaderBase.clearReferencesThreads The web application [ROOT] appears to have started a thread named [pool-9-thread-1] but has failed to stop it. This is very likely to create a memory leak. Stack trace of thread:
 java.base@11.0.31/jdk.internal.misc.Unsafe.park(Native Method)
 java.base@11.0.31/java.util.concurrent.locks.LockSupport.park(LockSupport.java:194)
 java.base@11.0.31/java.util.concurrent.locks.AbstractQueuedSynchronizer$ConditionObject.await(AbstractQueuedSynchronizer.java:2081)
 java.base@11.0.31/java.util.concurrent.LinkedBlockingQueue.take(LinkedBlockingQueue.java:433)
 java.base@11.0.31/java.util.concurrent.ThreadPoolExecutor.getTask(ThreadPoolExecutor.java:1054)
 java.base@11.0.31/java.util.concurrent.ThreadPoolExecutor.runWorker(ThreadPoolExecutor.java:1114)
 java.base@11.0.31/java.util.concurrent.ThreadPoolExecutor$Worker.run(ThreadPoolExecutor.java:628)
 java.base@11.0.31/java.lang.Thread.run(Thread.java:829)
02-Oct-2026 12:04:17.209 WARNING [Thread-13] org.apache.catalina.loader.WebappClassLoaderBase.clearReferencesThreads The web application [ROOT] appears to have started a thread named [pool-9-thread-2] but has failed to stop it. This is very likely to create a memory leak. Stack trace of thread:
 java.base@11.0.31/jdk.internal.misc.Unsafe.park(Native Method)
 java.base@11.0.31/java.util.concurrent.locks.LockSupport.park(LockSupport.java:194)
 java.base@11.0.31/java.util.concurrent.locks.AbstractQueuedSynchronizer$ConditionObject.await(AbstractQueuedSynchronizer.java:2081)
 java.base@11.0.31/java.util.concurrent.LinkedBlockingQueue.take(LinkedBlockingQueue.java:433)
 java.base@11.0.31/java.util.concurrent.ThreadPoolExecutor.getTask(ThreadPoolExecutor.java:1054)
 java.base@11.0.31/java.util.concurrent.ThreadPoolExecutor.runWorker(ThreadPoolExecutor.java:1114)
 java.base@11.0.31/java.util.concurrent.ThreadPoolExecutor$Worker.run(ThreadPoolExecutor.java:628)
 java.base@11.0.31/java.lang.Thread.run(Thread.java:829)
02-Oct-2026 12:04:17.212 WARNING [Thread-13] org.apache.catalina.loader.WebappClassLoaderBase.clearReferencesThreads The web application [ROOT] appears to have started a thread named [pool-9-thread-3] but has failed to stop it. This is very likely to create a memory leak. Stack trace of thread:
 java.base@11.0.31/jdk.internal.misc.Unsafe.park(Native Method)
 java.base@11.0.31/java.util.concurrent.locks.LockSupport.park(LockSupport.java:194)
 java.base@11.0.31/java.util.concurrent.locks.AbstractQueuedSynchronizer$ConditionObject.await(AbstractQueuedSynchronizer.java:2081)
 java.base@11.0.31/java.util.concurrent.LinkedBlockingQueue.take(LinkedBlockingQueue.java:433)
 java.base@11.0.31/java.util.concurrent.ThreadPoolExecutor.getTask(ThreadPoolExecutor.java:1054)
 java.base@11.0.31/java.util.concurrent.ThreadPoolExecutor.runWorker(ThreadPoolExecutor.java:1114)
 java.base@11.0.31/java.util.concurrent.ThreadPoolExecutor$Worker.run(ThreadPoolExecutor.java:628)
 java.base@11.0.31/java.lang.Thread.run(Thread.java:829)
02-Oct-2026 12:04:17.213 WARNING [Thread-13] org.apache.catalina.loader.WebappClassLoaderBase.clearReferencesThreads The web application [ROOT] appears to have started a thread named [pool-9-thread-4] but has failed to stop it. This is very likely to create a memory leak. Stack trace of thread:
 java.base@11.0.31/jdk.internal.misc.Unsafe.park(Native Method)
 java.base@11.0.31/java.util.concurrent.locks.LockSupport.park(LockSupport.java:194)
 java.base@11.0.31/java.util.concurrent.locks.AbstractQueuedSynchronizer$ConditionObject.await(AbstractQueuedSynchronizer.java:2081)
 java.base@11.0.31/java.util.concurrent.LinkedBlockingQueue.take(LinkedBlockingQueue.java:433)
 java.base@11.0.31/java.util.concurrent.ThreadPoolExecutor.getTask(ThreadPoolExecutor.java:1054)
 java.base@11.0.31/java.util.concurrent.ThreadPoolExecutor.runWorker(ThreadPoolExecutor.java:1114)
 java.base@11.0.31/java.util.concurrent.ThreadPoolExecutor$Worker.run(ThreadPoolExecutor.java:628)
 java.base@11.0.31/java.lang.Thread.run(Thread.java:829)
02-Oct-2026 12:04:17.216 WARNING [Thread-13] org.apache.catalina.loader.WebappClassLoaderBase.clearReferencesThreads The web application [ROOT] appears to have started a thread named [pool-9-thread-5] but has failed to stop it. This is very likely to create a memory leak. Stack trace of thread:
 java.base@11.0.31/jdk.internal.misc.Unsafe.park(Native Method)
 java.base@11.0.31/java.util.concurrent.locks.LockSupport.park(LockSupport.java:194)
 java.base@11.0.31/java.util.concurrent.locks.AbstractQueuedSynchronizer$ConditionObject.await(AbstractQueuedSynchronizer.java:2081)
 java.base@11.0.31/java.util.concurrent.LinkedBlockingQueue.take(LinkedBlockingQueue.java:433)
 java.base@11.0.31/java.util.concurrent.ThreadPoolExecutor.getTask(ThreadPoolExecutor.java:1054)
 java.base@11.0.31/java.util.concurrent.ThreadPoolExecutor.runWorker(ThreadPoolExecutor.java:1114)
 java.base@11.0.31/java.util.concurrent.ThreadPoolExecutor$Worker.run(ThreadPoolExecutor.java:628)
 java.base@11.0.31/java.lang.Thread.run(Thread.java:829)
02-Oct-2026 12:04:17.216 WARNING [Thread-13] org.apache.catalina.loader.WebappClassLoaderBase.clearReferencesThreads The web application [ROOT] appears to have started a thread named [MQTT Reconnect: HMDMServer] but has failed to stop it. This is very likely to create a memory leak. Stack trace of thread:
 java.base@11.0.31/java.lang.Object.wait(Native Method)
 java.base@11.0.31/java.util.TimerThread.mainLoop(Timer.java:553)
 java.base@11.0.31/java.util.TimerThread.run(Timer.java:506)
02-Oct-2026 12:04:17.233 INFO [Thread-13] org.apache.coyote.AbstractProtocol.stop Stopping ProtocolHandler ["http-nio-8080"]
02-Oct-2026 12:04:17.247 INFO [Thread-13] org.apache.coyote.AbstractProtocol.destroy Destroying ProtocolHandler ["http-nio-8080"]
02-Oct-2026 12:04:17.358 INFO [Finalizer] org.apache.catalina.loader.WebappClassLoaderBase.checkStateForResourceLoading Illegal access: this web application instance has been stopped already. Could not load [org.postgresql.util.GT]. The following stack trace is thrown for debugging purposes as well as to attempt to terminate the thread which caused the illegal access.
	java.lang.IllegalStateException: Illegal access: this web application instance has been stopped already. Could not load [org.postgresql.util.GT]. The following stack trace is thrown for debugging purposes as well as to attempt to terminate the thread which caused the illegal access.
		at org.apache.catalina.loader.WebappClassLoaderBase.checkStateForResourceLoading(WebappClassLoaderBase.java:1370)
		at org.apache.catalina.loader.WebappClassLoaderBase.checkStateForClassLoading(WebappClassLoaderBase.java:1359)
		at org.apache.catalina.loader.WebappClassLoaderBase.loadClass(WebappClassLoaderBase.java:1193)
		at org.apache.catalina.loader.WebappClassLoaderBase.loadClass(WebappClassLoaderBase.java:1160)
		at org.postgresql.jdbc.PgConnection.checkClosed(PgConnection.java:883)
		at org.postgresql.jdbc.PgConnection.getAutoCommit(PgConnection.java:843)
		at org.apache.ibatis.datasource.pooled.PooledDataSource.forceCloseAll(PooledDataSource.java:343)
		at org.apache.ibatis.datasource.pooled.PooledDataSource.finalize(PooledDataSource.java:590)
		at java.base/java.lang.System$2.invokeFinalize(System.java:2142)
		at java.base/java.lang.ref.Finalizer.runFinalizer(Finalizer.java:87)
		at java.base/java.lang.ref.Finalizer$FinalizerThread.run(Finalizer.java:171)
02-Oct-2026 12:04:21.341 INFO [main] org.apache.catalina.startup.VersionLoggerListener.log Server version name:   Apache Tomcat/9.0.117
02-Oct-2026 12:04:21.345 INFO [main] org.apache.catalina.startup.VersionLoggerListener.log Server built:          Mar 30 2026 18:21:16 UTC
02-Oct-2026 12:04:21.347 INFO [main] org.apache.catalina.startup.VersionLoggerListener.log Server version number: 9.0.117.0
02-Oct-2026 12:04:21.348 INFO [main] org.apache.catalina.startup.VersionLoggerListener.log OS Name:               Linux
02-Oct-2026 12:04:21.348 INFO [main] org.apache.catalina.startup.VersionLoggerListener.log OS Version:            6.8.0-142-generic
02-Oct-2026 12:04:21.348 INFO [main] org.apache.catalina.startup.VersionLoggerListener.log Architecture:          amd64
02-Oct-2026 12:04:21.349 INFO [main] org.apache.catalina.startup.VersionLoggerListener.log Java Home:             /opt/java/openjdk
02-Oct-2026 12:04:21.349 INFO [main] org.apache.catalina.startup.VersionLoggerListener.log JVM Version:           11.0.31+11
02-Oct-2026 12:04:21.349 INFO [main] org.apache.catalina.startup.VersionLoggerListener.log JVM Vendor:            Eclipse Adoptium
02-Oct-2026 12:04:21.349 INFO [main] org.apache.catalina.startup.VersionLoggerListener.log CATALINA_BASE:         /usr/local/tomcat
02-Oct-2026 12:04:21.350 INFO [main] org.apache.catalina.startup.VersionLoggerListener.log CATALINA_HOME:         /usr/local/tomcat
02-Oct-2026 12:04:21.372 INFO [main] org.apache.catalina.startup.VersionLoggerListener.log Command line argument: --add-opens=java.base/java.lang=ALL-UNNAMED
02-Oct-2026 12:04:21.373 INFO [main] org.apache.catalina.startup.VersionLoggerListener.log Command line argument: --add-opens=java.base/java.lang.invoke=ALL-UNNAMED
02-Oct-2026 12:04:21.373 INFO [main] org.apache.catalina.startup.VersionLoggerListener.log Command line argument: --add-opens=java.base/java.lang.reflect=ALL-UNNAMED
02-Oct-2026 12:04:21.373 INFO [main] org.apache.catalina.startup.VersionLoggerListener.log Command line argument: --add-opens=java.base/java.io=ALL-UNNAMED
02-Oct-2026 12:04:21.374 INFO [main] org.apache.catalina.startup.VersionLoggerListener.log Command line argument: --add-opens=java.base/java.util=ALL-UNNAMED
02-Oct-2026 12:04:21.375 INFO [main] org.apache.catalina.startup.VersionLoggerListener.log Command line argument: --add-opens=java.base/java.util.concurrent=ALL-UNNAMED
02-Oct-2026 12:04:21.375 INFO [main] org.apache.catalina.startup.VersionLoggerListener.log Command line argument: --add-opens=java.rmi/sun.rmi.transport=ALL-UNNAMED
02-Oct-2026 12:04:21.375 INFO [main] org.apache.catalina.startup.VersionLoggerListener.log Command line argument: -Djava.util.logging.config.file=/usr/local/tomcat/conf/logging.properties
02-Oct-2026 12:04:21.376 INFO [main] org.apache.catalina.startup.VersionLoggerListener.log Command line argument: -Djava.util.logging.manager=org.apache.juli.ClassLoaderLogManager
02-Oct-2026 12:04:21.376 INFO [main] org.apache.catalina.startup.VersionLoggerListener.log Command line argument: -Djdk.tls.ephemeralDHKeySize=2048
02-Oct-2026 12:04:21.376 INFO [main] org.apache.catalina.startup.VersionLoggerListener.log Command line argument: -Djava.protocol.handler.pkgs=org.apache.catalina.webresources
02-Oct-2026 12:04:21.376 INFO [main] org.apache.catalina.startup.VersionLoggerListener.log Command line argument: -Dsun.io.useCanonCaches=false
02-Oct-2026 12:04:21.378 INFO [main] org.apache.catalina.startup.VersionLoggerListener.log Command line argument: -Dorg.apache.catalina.security.SecurityListener.UMASK=0022
02-Oct-2026 12:04:21.380 INFO [main] org.apache.catalina.startup.VersionLoggerListener.log Command line argument: -Dignore.endorsed.dirs=
02-Oct-2026 12:04:21.380 INFO [main] org.apache.catalina.startup.VersionLoggerListener.log Command line argument: -Dcatalina.base=/usr/local/tomcat
02-Oct-2026 12:04:21.380 INFO [main] org.apache.catalina.startup.VersionLoggerListener.log Command line argument: -Dcatalina.home=/usr/local/tomcat
02-Oct-2026 12:04:21.380 INFO [main] org.apache.catalina.startup.VersionLoggerListener.log Command line argument: -Djava.io.tmpdir=/usr/local/tomcat/temp
02-Oct-2026 12:04:21.392 INFO [main] org.apache.catalina.core.AprLifecycleListener.lifecycleEvent Loaded Apache Tomcat Native library [1.3.7] using APR version [1.7.0].
02-Oct-2026 12:04:21.394 INFO [main] org.apache.catalina.core.AprLifecycleListener.lifecycleEvent APR capabilities: IPv6 [true], sendfile [true], accept filters [false], random [true], UDS [true].
02-Oct-2026 12:04:21.394 INFO [main] org.apache.catalina.core.AprLifecycleListener.lifecycleEvent APR/OpenSSL configuration: useAprConnector [false], useOpenSSL [true]
02-Oct-2026 12:04:21.402 INFO [main] org.apache.catalina.core.AprLifecycleListener.initializeSSL OpenSSL successfully initialized [OpenSSL 3.0.2 15 Mar 2022]
02-Oct-2026 12:04:22.058 INFO [main] org.apache.coyote.AbstractProtocol.init Initializing ProtocolHandler ["http-nio-8080"]
02-Oct-2026 12:04:22.100 INFO [main] org.apache.catalina.startup.Catalina.load Server initialization in [1123] milliseconds
02-Oct-2026 12:04:22.213 INFO [main] org.apache.catalina.core.StandardService.startInternal Starting service [Catalina]
02-Oct-2026 12:04:22.214 INFO [main] org.apache.catalina.core.StandardEngine.startInternal Starting Servlet engine: [Apache Tomcat/9.0.117]
02-Oct-2026 12:04:22.225 INFO [main] org.apache.catalina.startup.HostConfig.deployDescriptor Deploying deployment descriptor [/usr/local/tomcat/conf/Catalina/localhost/ROOT.xml]
02-Oct-2026 12:04:25.114 INFO [main] org.apache.jasper.servlet.TldScanner.scanJars At least one JAR was scanned for TLDs yet contained no TLDs. Enable debug logging for this logger for a complete list of JARs that were scanned but no TLDs were found in them. Skipping unneeded JARs during scanning can improve startup time and JSP compilation time.
02-Oct-2026 12:04:33.589 INFO [main] nonapi.io.github.classgraph.classloaderhandler.lifecycle.ServletLifeCycleListener.contextInitialized Servlet context initialized
02-Oct-2026 12:04:37.195 INFO [main] org.apache.catalina.startup.HostConfig.deployDescriptor Deployment of deployment descriptor [/usr/local/tomcat/conf/Catalina/localhost/ROOT.xml] has finished in [14,968] ms
02-Oct-2026 12:04:37.200 INFO [main] org.apache.coyote.AbstractProtocol.start Starting ProtocolHandler ["http-nio-8080"]
02-Oct-2026 12:04:37.242 INFO [main] org.apache.catalina.startup.Catalina.start Server startup in [15140] milliseconds
02-Oct-2026 12:11:12.139 INFO [Thread-13] org.apache.coyote.AbstractProtocol.pause Pausing ProtocolHandler ["http-nio-8080"]
02-Oct-2026 12:11:12.143 INFO [Thread-13] org.apache.catalina.core.StandardService.stopInternal Stopping service [Catalina]
02-Oct-2026 12:11:12.197 INFO [Thread-13] nonapi.io.github.classgraph.classloaderhandler.lifecycle.ServletLifeCycleListener.contextDestroyed Servlet context destroyed -- closing any remaning open ClassGraph ScanResult instances
02-Oct-2026 12:11:12.207 WARNING [Thread-13] org.apache.catalina.loader.WebappClassLoaderBase.clearReferencesJdbc The web application [ROOT] registered the JDBC driver [org.postgresql.Driver] but failed to unregister it when the web application was stopped. To prevent a memory leak, the JDBC Driver has been forcibly unregistered.
02-Oct-2026 12:11:12.209 WARNING [Thread-13] org.apache.catalina.loader.WebappClassLoaderBase.clearReferencesThreads The web application [ROOT] appears to have started a thread named [pool-9-thread-1] but has failed to stop it. This is very likely to create a memory leak. Stack trace of thread:
 java.base@11.0.31/jdk.internal.misc.Unsafe.park(Native Method)
 java.base@11.0.31/java.util.concurrent.locks.LockSupport.park(LockSupport.java:194)
 java.base@11.0.31/java.util.concurrent.locks.AbstractQueuedSynchronizer$ConditionObject.await(AbstractQueuedSynchronizer.java:2081)
 java.base@11.0.31/java.util.concurrent.LinkedBlockingQueue.take(LinkedBlockingQueue.java:433)
 java.base@11.0.31/java.util.concurrent.ThreadPoolExecutor.getTask(ThreadPoolExecutor.java:1054)
 java.base@11.0.31/java.util.concurrent.ThreadPoolExecutor.runWorker(ThreadPoolExecutor.java:1114)
 java.base@11.0.31/java.util.concurrent.ThreadPoolExecutor$Worker.run(ThreadPoolExecutor.java:628)
 java.base@11.0.31/java.lang.Thread.run(Thread.java:829)
02-Oct-2026 12:11:12.210 WARNING [Thread-13] org.apache.catalina.loader.WebappClassLoaderBase.clearReferencesThreads The web application [ROOT] appears to have started a thread named [pool-9-thread-2] but has failed to stop it. This is very likely to create a memory leak. Stack trace of thread:
 java.base@11.0.31/jdk.internal.misc.Unsafe.park(Native Method)
 java.base@11.0.31/java.util.concurrent.locks.LockSupport.park(LockSupport.java:194)
 java.base@11.0.31/java.util.concurrent.locks.AbstractQueuedSynchronizer$ConditionObject.await(AbstractQueuedSynchronizer.java:2081)
 java.base@11.0.31/java.util.concurrent.LinkedBlockingQueue.take(LinkedBlockingQueue.java:433)
 java.base@11.0.31/java.util.concurrent.ThreadPoolExecutor.getTask(ThreadPoolExecutor.java:1054)
 java.base@11.0.31/java.util.concurrent.ThreadPoolExecutor.runWorker(ThreadPoolExecutor.java:1114)
 java.base@11.0.31/java.util.concurrent.ThreadPoolExecutor$Worker.run(ThreadPoolExecutor.java:628)
 java.base@11.0.31/java.lang.Thread.run(Thread.java:829)
02-Oct-2026 12:11:12.210 WARNING [Thread-13] org.apache.catalina.loader.WebappClassLoaderBase.clearReferencesThreads The web application [ROOT] appears to have started a thread named [pool-9-thread-3] but has failed to stop it. This is very likely to create a memory leak. Stack trace of thread:
 java.base@11.0.31/jdk.internal.misc.Unsafe.park(Native Method)
 java.base@11.0.31/java.util.concurrent.locks.LockSupport.park(LockSupport.java:194)
 java.base@11.0.31/java.util.concurrent.locks.AbstractQueuedSynchronizer$ConditionObject.await(AbstractQueuedSynchronizer.java:2081)
 java.base@11.0.31/java.util.concurrent.LinkedBlockingQueue.take(LinkedBlockingQueue.java:433)
 java.base@11.0.31/java.util.concurrent.ThreadPoolExecutor.getTask(ThreadPoolExecutor.java:1054)
 java.base@11.0.31/java.util.concurrent.ThreadPoolExecutor.runWorker(ThreadPoolExecutor.java:1114)
 java.base@11.0.31/java.util.concurrent.ThreadPoolExecutor$Worker.run(ThreadPoolExecutor.java:628)
 java.base@11.0.31/java.lang.Thread.run(Thread.java:829)
02-Oct-2026 12:11:12.211 WARNING [Thread-13] org.apache.catalina.loader.WebappClassLoaderBase.clearReferencesThreads The web application [ROOT] appears to have started a thread named [pool-9-thread-4] but has failed to stop it. This is very likely to create a memory leak. Stack trace of thread:
 java.base@11.0.31/jdk.internal.misc.Unsafe.park(Native Method)
 java.base@11.0.31/java.util.concurrent.locks.LockSupport.park(LockSupport.java:194)
 java.base@11.0.31/java.util.concurrent.locks.AbstractQueuedSynchronizer$ConditionObject.await(AbstractQueuedSynchronizer.java:2081)
 java.base@11.0.31/java.util.concurrent.LinkedBlockingQueue.take(LinkedBlockingQueue.java:433)
 java.base@11.0.31/java.util.concurrent.ThreadPoolExecutor.getTask(ThreadPoolExecutor.java:1054)
 java.base@11.0.31/java.util.concurrent.ThreadPoolExecutor.runWorker(ThreadPoolExecutor.java:1114)
 java.base@11.0.31/java.util.concurrent.ThreadPoolExecutor$Worker.run(ThreadPoolExecutor.java:628)
 java.base@11.0.31/java.lang.Thread.run(Thread.java:829)
02-Oct-2026 12:11:12.211 WARNING [Thread-13] org.apache.catalina.loader.WebappClassLoaderBase.clearReferencesThreads The web application [ROOT] appears to have started a thread named [pool-9-thread-5] but has failed to stop it. This is very likely to create a memory leak. Stack trace of thread:
 java.base@11.0.31/jdk.internal.misc.Unsafe.park(Native Method)
 java.base@11.0.31/java.util.concurrent.locks.LockSupport.park(LockSupport.java:194)
 java.base@11.0.31/java.util.concurrent.locks.AbstractQueuedSynchronizer$ConditionObject.await(AbstractQueuedSynchronizer.java:2081)
 java.base@11.0.31/java.util.concurrent.LinkedBlockingQueue.take(LinkedBlockingQueue.java:433)
 java.base@11.0.31/java.util.concurrent.ThreadPoolExecutor.getTask(ThreadPoolExecutor.java:1054)
 java.base@11.0.31/java.util.concurrent.ThreadPoolExecutor.runWorker(ThreadPoolExecutor.java:1114)
 java.base@11.0.31/java.util.concurrent.ThreadPoolExecutor$Worker.run(ThreadPoolExecutor.java:628)
 java.base@11.0.31/java.lang.Thread.run(Thread.java:829)
02-Oct-2026 12:11:12.212 WARNING [Thread-13] org.apache.catalina.loader.WebappClassLoaderBase.clearReferencesThreads The web application [ROOT] appears to have started a thread named [MQTT Reconnect: HMDMServer] but has failed to stop it. This is very likely to create a memory leak. Stack trace of thread:
 java.base@11.0.31/java.lang.Object.wait(Native Method)
 java.base@11.0.31/java.util.TimerThread.mainLoop(Timer.java:553)
 java.base@11.0.31/java.util.TimerThread.run(Timer.java:506)
02-Oct-2026 12:11:12.223 INFO [Thread-13] org.apache.coyote.AbstractProtocol.stop Stopping ProtocolHandler ["http-nio-8080"]
02-Oct-2026 12:11:12.231 INFO [Thread-13] org.apache.coyote.AbstractProtocol.destroy Destroying ProtocolHandler ["http-nio-8080"]
02-Oct-2026 12:11:12.328 INFO [Finalizer] org.apache.catalina.loader.WebappClassLoaderBase.checkStateForResourceLoading Illegal access: this web application instance has been stopped already. Could not load [org.postgresql.util.GT]. The following stack trace is thrown for debugging purposes as well as to attempt to terminate the thread which caused the illegal access.
	java.lang.IllegalStateException: Illegal access: this web application instance has been stopped already. Could not load [org.postgresql.util.GT]. The following stack trace is thrown for debugging purposes as well as to attempt to terminate the thread which caused the illegal access.
		at org.apache.catalina.loader.WebappClassLoaderBase.checkStateForResourceLoading(WebappClassLoaderBase.java:1370)
		at org.apache.catalina.loader.WebappClassLoaderBase.checkStateForClassLoading(WebappClassLoaderBase.java:1359)
		at org.apache.catalina.loader.WebappClassLoaderBase.loadClass(WebappClassLoaderBase.java:1193)
		at org.apache.catalina.loader.WebappClassLoaderBase.loadClass(WebappClassLoaderBase.java:1160)
		at org.postgresql.jdbc.PgConnection.checkClosed(PgConnection.java:883)
		at org.postgresql.jdbc.PgConnection.getAutoCommit(PgConnection.java:843)
		at org.apache.ibatis.datasource.pooled.PooledDataSource.forceCloseAll(PooledDataSource.java:343)
		at org.apache.ibatis.datasource.pooled.PooledDataSource.finalize(PooledDataSource.java:590)
		at java.base/java.lang.System$2.invokeFinalize(System.java:2142)
		at java.base/java.lang.ref.Finalizer.runFinalizer(Finalizer.java:87)
		at java.base/java.lang.ref.Finalizer$FinalizerThread.run(Finalizer.java:171)
02-Oct-2026 12:11:15.136 INFO [main] org.apache.catalina.startup.VersionLoggerListener.log Server version name:   Apache Tomcat/9.0.117
02-Oct-2026 12:11:15.140 INFO [main] org.apache.catalina.startup.VersionLoggerListener.log Server built:          Mar 30 2026 18:21:16 UTC
02-Oct-2026 12:11:15.141 INFO [main] org.apache.catalina.startup.VersionLoggerListener.log Server version number: 9.0.117.0
02-Oct-2026 12:11:15.141 INFO [main] org.apache.catalina.startup.VersionLoggerListener.log OS Name:               Linux
02-Oct-2026 12:11:15.141 INFO [main] org.apache.catalina.startup.VersionLoggerListener.log OS Version:            6.8.0-142-generic
02-Oct-2026 12:11:15.141 INFO [main] org.apache.catalina.startup.VersionLoggerListener.log Architecture:          amd64
02-Oct-2026 12:11:15.142 INFO [main] org.apache.catalina.startup.VersionLoggerListener.log Java Home:             /opt/java/openjdk
02-Oct-2026 12:11:15.143 INFO [main] org.apache.catalina.startup.VersionLoggerListener.log JVM Version:           11.0.31+11
02-Oct-2026 12:11:15.143 INFO [main] org.apache.catalina.startup.VersionLoggerListener.log JVM Vendor:            Eclipse Adoptium
02-Oct-2026 12:11:15.143 INFO [main] org.apache.catalina.startup.VersionLoggerListener.log CATALINA_BASE:         /usr/local/tomcat
02-Oct-2026 12:11:15.143 INFO [main] org.apache.catalina.startup.VersionLoggerListener.log CATALINA_HOME:         /usr/local/tomcat
02-Oct-2026 12:11:15.168 INFO [main] org.apache.catalina.startup.VersionLoggerListener.log Command line argument: --add-opens=java.base/java.lang=ALL-UNNAMED
02-Oct-2026 12:11:15.169 INFO [main] org.apache.catalina.startup.VersionLoggerListener.log Command line argument: --add-opens=java.base/java.lang.invoke=ALL-UNNAMED
02-Oct-2026 12:11:15.169 INFO [main] org.apache.catalina.startup.VersionLoggerListener.log Command line argument: --add-opens=java.base/java.lang.reflect=ALL-UNNAMED
02-Oct-2026 12:11:15.169 INFO [main] org.apache.catalina.startup.VersionLoggerListener.log Command line argument: --add-opens=java.base/java.io=ALL-UNNAMED
02-Oct-2026 12:11:15.170 INFO [main] org.apache.catalina.startup.VersionLoggerListener.log Command line argument: --add-opens=java.base/java.util=ALL-UNNAMED
02-Oct-2026 12:11:15.170 INFO [main] org.apache.catalina.startup.VersionLoggerListener.log Command line argument: --add-opens=java.base/java.util.concurrent=ALL-UNNAMED
02-Oct-2026 12:11:15.170 INFO [main] org.apache.catalina.startup.VersionLoggerListener.log Command line argument: --add-opens=java.rmi/sun.rmi.transport=ALL-UNNAMED
02-Oct-2026 12:11:15.171 INFO [main] org.apache.catalina.startup.VersionLoggerListener.log Command line argument: -Djava.util.logging.config.file=/usr/local/tomcat/conf/logging.properties
02-Oct-2026 12:11:15.172 INFO [main] org.apache.catalina.startup.VersionLoggerListener.log Command line argument: -Djava.util.logging.manager=org.apache.juli.ClassLoaderLogManager
02-Oct-2026 12:11:15.172 INFO [main] org.apache.catalina.startup.VersionLoggerListener.log Command line argument: -Djdk.tls.ephemeralDHKeySize=2048
02-Oct-2026 12:11:15.172 INFO [main] org.apache.catalina.startup.VersionLoggerListener.log Command line argument: -Djava.protocol.handler.pkgs=org.apache.catalina.webresources
02-Oct-2026 12:11:15.172 INFO [main] org.apache.catalina.startup.VersionLoggerListener.log Command line argument: -Dsun.io.useCanonCaches=false
02-Oct-2026 12:11:15.172 INFO [main] org.apache.catalina.startup.VersionLoggerListener.log Command line argument: -Dorg.apache.catalina.security.SecurityListener.UMASK=0022
02-Oct-2026 12:11:15.173 INFO [main] org.apache.catalina.startup.VersionLoggerListener.log Command line argument: -Dignore.endorsed.dirs=
02-Oct-2026 12:11:15.173 INFO [main] org.apache.catalina.startup.VersionLoggerListener.log Command line argument: -Dcatalina.base=/usr/local/tomcat
02-Oct-2026 12:11:15.173 INFO [main] org.apache.catalina.startup.VersionLoggerListener.log Command line argument: -Dcatalina.home=/usr/local/tomcat
02-Oct-2026 12:11:15.173 INFO [main] org.apache.catalina.startup.VersionLoggerListener.log Command line argument: -Djava.io.tmpdir=/usr/local/tomcat/temp
02-Oct-2026 12:11:15.181 INFO [main] org.apache.catalina.core.AprLifecycleListener.lifecycleEvent Loaded Apache Tomcat Native library [1.3.7] using APR version [1.7.0].
02-Oct-2026 12:11:15.182 INFO [main] org.apache.catalina.core.AprLifecycleListener.lifecycleEvent APR capabilities: IPv6 [true], sendfile [true], accept filters [false], random [true], UDS [true].
02-Oct-2026 12:11:15.182 INFO [main] org.apache.catalina.core.AprLifecycleListener.lifecycleEvent APR/OpenSSL configuration: useAprConnector [false], useOpenSSL [true]
02-Oct-2026 12:11:15.188 INFO [main] org.apache.catalina.core.AprLifecycleListener.initializeSSL OpenSSL successfully initialized [OpenSSL 3.0.2 15 Mar 2022]
02-Oct-2026 12:11:15.915 INFO [main] org.apache.coyote.AbstractProtocol.init Initializing ProtocolHandler ["http-nio-8080"]
02-Oct-2026 12:11:15.991 INFO [main] org.apache.catalina.startup.Catalina.load Server initialization in [1203] milliseconds
02-Oct-2026 12:11:16.193 INFO [main] org.apache.catalina.core.StandardService.startInternal Starting service [Catalina]
02-Oct-2026 12:11:16.193 INFO [main] org.apache.catalina.core.StandardEngine.startInternal Starting Servlet engine: [Apache Tomcat/9.0.117]
02-Oct-2026 12:11:16.207 INFO [main] org.apache.catalina.startup.HostConfig.deployDescriptor Deploying deployment descriptor [/usr/local/tomcat/conf/Catalina/localhost/ROOT.xml]
02-Oct-2026 12:11:19.545 INFO [main] org.apache.jasper.servlet.TldScanner.scanJars At least one JAR was scanned for TLDs yet contained no TLDs. Enable debug logging for this logger for a complete list of JARs that were scanned but no TLDs were found in them. Skipping unneeded JARs during scanning can improve startup time and JSP compilation time.
02-Oct-2026 12:11:27.581 INFO [main] nonapi.io.github.classgraph.classloaderhandler.lifecycle.ServletLifeCycleListener.contextInitialized Servlet context initialized
02-Oct-2026 12:11:31.135 INFO [main] org.apache.catalina.startup.HostConfig.deployDescriptor Deployment of deployment descriptor [/usr/local/tomcat/conf/Catalina/localhost/ROOT.xml] has finished in [14,926] ms
02-Oct-2026 12:11:31.140 INFO [main] org.apache.coyote.AbstractProtocol.start Starting ProtocolHandler ["http-nio-8080"]
02-Oct-2026 12:11:31.190 INFO [main] org.apache.catalina.startup.Catalina.start Server startup in [15198] milliseconds
02-Oct-2026 12:14:50.423 INFO [Thread-13] org.apache.coyote.AbstractProtocol.pause Pausing ProtocolHandler ["http-nio-8080"]
02-Oct-2026 12:14:50.430 INFO [Thread-13] org.apache.catalina.core.StandardService.stopInternal Stopping service [Catalina]
02-Oct-2026 12:14:50.478 INFO [Thread-13] nonapi.io.github.classgraph.classloaderhandler.lifecycle.ServletLifeCycleListener.contextDestroyed Servlet context destroyed -- closing any remaning open ClassGraph ScanResult instances
02-Oct-2026 12:14:50.487 WARNING [Thread-13] org.apache.catalina.loader.WebappClassLoaderBase.clearReferencesJdbc The web application [ROOT] registered the JDBC driver [org.postgresql.Driver] but failed to unregister it when the web application was stopped. To prevent a memory leak, the JDBC Driver has been forcibly unregistered.
02-Oct-2026 12:14:50.487 WARNING [Thread-13] org.apache.catalina.loader.WebappClassLoaderBase.clearReferencesThreads The web application [ROOT] appears to have started a thread named [pool-9-thread-1] but has failed to stop it. This is very likely to create a memory leak. Stack trace of thread:
 java.base@11.0.31/jdk.internal.misc.Unsafe.park(Native Method)
 java.base@11.0.31/java.util.concurrent.locks.LockSupport.park(LockSupport.java:194)
 java.base@11.0.31/java.util.concurrent.locks.AbstractQueuedSynchronizer$ConditionObject.await(AbstractQueuedSynchronizer.java:2081)
 java.base@11.0.31/java.util.concurrent.LinkedBlockingQueue.take(LinkedBlockingQueue.java:433)
 java.base@11.0.31/java.util.concurrent.ThreadPoolExecutor.getTask(ThreadPoolExecutor.java:1054)
 java.base@11.0.31/java.util.concurrent.ThreadPoolExecutor.runWorker(ThreadPoolExecutor.java:1114)
 java.base@11.0.31/java.util.concurrent.ThreadPoolExecutor$Worker.run(ThreadPoolExecutor.java:628)
 java.base@11.0.31/java.lang.Thread.run(Thread.java:829)
02-Oct-2026 12:14:50.490 WARNING [Thread-13] org.apache.catalina.loader.WebappClassLoaderBase.clearReferencesThreads The web application [ROOT] appears to have started a thread named [pool-9-thread-2] but has failed to stop it. This is very likely to create a memory leak. Stack trace of thread:
 java.base@11.0.31/jdk.internal.misc.Unsafe.park(Native Method)
 java.base@11.0.31/java.util.concurrent.locks.LockSupport.park(LockSupport.java:194)
 java.base@11.0.31/java.util.concurrent.locks.AbstractQueuedSynchronizer$ConditionObject.await(AbstractQueuedSynchronizer.java:2081)
 java.base@11.0.31/java.util.concurrent.LinkedBlockingQueue.take(LinkedBlockingQueue.java:433)
 java.base@11.0.31/java.util.concurrent.ThreadPoolExecutor.getTask(ThreadPoolExecutor.java:1054)
 java.base@11.0.31/java.util.concurrent.ThreadPoolExecutor.runWorker(ThreadPoolExecutor.java:1114)
 java.base@11.0.31/java.util.concurrent.ThreadPoolExecutor$Worker.run(ThreadPoolExecutor.java:628)
 java.base@11.0.31/java.lang.Thread.run(Thread.java:829)
02-Oct-2026 12:14:50.491 WARNING [Thread-13] org.apache.catalina.loader.WebappClassLoaderBase.clearReferencesThreads The web application [ROOT] appears to have started a thread named [pool-9-thread-3] but has failed to stop it. This is very likely to create a memory leak. Stack trace of thread:
 java.base@11.0.31/jdk.internal.misc.Unsafe.park(Native Method)
 java.base@11.0.31/java.util.concurrent.locks.LockSupport.park(LockSupport.java:194)
 java.base@11.0.31/java.util.concurrent.locks.AbstractQueuedSynchronizer$ConditionObject.await(AbstractQueuedSynchronizer.java:2081)
 java.base@11.0.31/java.util.concurrent.LinkedBlockingQueue.take(LinkedBlockingQueue.java:433)
 java.base@11.0.31/java.util.concurrent.ThreadPoolExecutor.getTask(ThreadPoolExecutor.java:1054)
 java.base@11.0.31/java.util.concurrent.ThreadPoolExecutor.runWorker(ThreadPoolExecutor.java:1114)
 java.base@11.0.31/java.util.concurrent.ThreadPoolExecutor$Worker.run(ThreadPoolExecutor.java:628)
 java.base@11.0.31/java.lang.Thread.run(Thread.java:829)
02-Oct-2026 12:14:50.491 WARNING [Thread-13] org.apache.catalina.loader.WebappClassLoaderBase.clearReferencesThreads The web application [ROOT] appears to have started a thread named [MQTT Reconnect: HMDMServer] but has failed to stop it. This is very likely to create a memory leak. Stack trace of thread:
 java.base@11.0.31/java.lang.Object.wait(Native Method)
 java.base@11.0.31/java.util.TimerThread.mainLoop(Timer.java:553)
 java.base@11.0.31/java.util.TimerThread.run(Timer.java:506)
02-Oct-2026 12:14:50.502 INFO [Thread-13] org.apache.coyote.AbstractProtocol.stop Stopping ProtocolHandler ["http-nio-8080"]
02-Oct-2026 12:14:50.515 INFO [Thread-13] org.apache.coyote.AbstractProtocol.destroy Destroying ProtocolHandler ["http-nio-8080"]
02-Oct-2026 12:14:53.609 INFO [main] org.apache.catalina.startup.VersionLoggerListener.log Server version name:   Apache Tomcat/9.0.117
02-Oct-2026 12:14:53.612 INFO [main] org.apache.catalina.startup.VersionLoggerListener.log Server built:          Mar 30 2026 18:21:16 UTC
02-Oct-2026 12:14:53.613 INFO [main] org.apache.catalina.startup.VersionLoggerListener.log Server version number: 9.0.117.0
02-Oct-2026 12:14:53.613 INFO [main] org.apache.catalina.startup.VersionLoggerListener.log OS Name:               Linux
02-Oct-2026 12:14:53.613 INFO [main] org.apache.catalina.startup.VersionLoggerListener.log OS Version:            6.8.0-142-generic
02-Oct-2026 12:14:53.613 INFO [main] org.apache.catalina.startup.VersionLoggerListener.log Architecture:          amd64
02-Oct-2026 12:14:53.613 INFO [main] org.apache.catalina.startup.VersionLoggerListener.log Java Home:             /opt/java/openjdk
02-Oct-2026 12:14:53.614 INFO [main] org.apache.catalina.startup.VersionLoggerListener.log JVM Version:           11.0.31+11
02-Oct-2026 12:14:53.614 INFO [main] org.apache.catalina.startup.VersionLoggerListener.log JVM Vendor:            Eclipse Adoptium
02-Oct-2026 12:14:53.614 INFO [main] org.apache.catalina.startup.VersionLoggerListener.log CATALINA_BASE:         /usr/local/tomcat
02-Oct-2026 12:14:53.614 INFO [main] org.apache.catalina.startup.VersionLoggerListener.log CATALINA_HOME:         /usr/local/tomcat
02-Oct-2026 12:14:53.638 INFO [main] org.apache.catalina.startup.VersionLoggerListener.log Command line argument: --add-opens=java.base/java.lang=ALL-UNNAMED
02-Oct-2026 12:14:53.638 INFO [main] org.apache.catalina.startup.VersionLoggerListener.log Command line argument: --add-opens=java.base/java.lang.invoke=ALL-UNNAMED
02-Oct-2026 12:14:53.638 INFO [main] org.apache.catalina.startup.VersionLoggerListener.log Command line argument: --add-opens=java.base/java.lang.reflect=ALL-UNNAMED
02-Oct-2026 12:14:53.638 INFO [main] org.apache.catalina.startup.VersionLoggerListener.log Command line argument: --add-opens=java.base/java.io=ALL-UNNAMED
02-Oct-2026 12:14:53.639 INFO [main] org.apache.catalina.startup.VersionLoggerListener.log Command line argument: --add-opens=java.base/java.util=ALL-UNNAMED
02-Oct-2026 12:14:53.640 INFO [main] org.apache.catalina.startup.VersionLoggerListener.log Command line argument: --add-opens=java.base/java.util.concurrent=ALL-UNNAMED
02-Oct-2026 12:14:53.640 INFO [main] org.apache.catalina.startup.VersionLoggerListener.log Command line argument: --add-opens=java.rmi/sun.rmi.transport=ALL-UNNAMED
02-Oct-2026 12:14:53.640 INFO [main] org.apache.catalina.startup.VersionLoggerListener.log Command line argument: -Djava.util.logging.config.file=/usr/local/tomcat/conf/logging.properties
02-Oct-2026 12:14:53.640 INFO [main] org.apache.catalina.startup.VersionLoggerListener.log Command line argument: -Djava.util.logging.manager=org.apache.juli.ClassLoaderLogManager
02-Oct-2026 12:14:53.640 INFO [main] org.apache.catalina.startup.VersionLoggerListener.log Command line argument: -Djdk.tls.ephemeralDHKeySize=2048
02-Oct-2026 12:14:53.640 INFO [main] org.apache.catalina.startup.VersionLoggerListener.log Command line argument: -Djava.protocol.handler.pkgs=org.apache.catalina.webresources
02-Oct-2026 12:14:53.640 INFO [main] org.apache.catalina.startup.VersionLoggerListener.log Command line argument: -Dsun.io.useCanonCaches=false
02-Oct-2026 12:14:53.640 INFO [main] org.apache.catalina.startup.VersionLoggerListener.log Command line argument: -Dorg.apache.catalina.security.SecurityListener.UMASK=0022
02-Oct-2026 12:14:53.640 INFO [main] org.apache.catalina.startup.VersionLoggerListener.log Command line argument: -Dignore.endorsed.dirs=
02-Oct-2026 12:14:53.640 INFO [main] org.apache.catalina.startup.VersionLoggerListener.log Command line argument: -Dcatalina.base=/usr/local/tomcat
02-Oct-2026 12:14:53.641 INFO [main] org.apache.catalina.startup.VersionLoggerListener.log Command line argument: -Dcatalina.home=/usr/local/tomcat
02-Oct-2026 12:14:53.641 INFO [main] org.apache.catalina.startup.VersionLoggerListener.log Command line argument: -Djava.io.tmpdir=/usr/local/tomcat/temp
02-Oct-2026 12:14:53.648 INFO [main] org.apache.catalina.core.AprLifecycleListener.lifecycleEvent Loaded Apache Tomcat Native library [1.3.7] using APR version [1.7.0].
02-Oct-2026 12:14:53.649 INFO [main] org.apache.catalina.core.AprLifecycleListener.lifecycleEvent APR capabilities: IPv6 [true], sendfile [true], accept filters [false], random [true], UDS [true].
02-Oct-2026 12:14:53.649 INFO [main] org.apache.catalina.core.AprLifecycleListener.lifecycleEvent APR/OpenSSL configuration: useAprConnector [false], useOpenSSL [true]
02-Oct-2026 12:14:53.653 INFO [main] org.apache.catalina.core.AprLifecycleListener.initializeSSL OpenSSL successfully initialized [OpenSSL 3.0.2 15 Mar 2022]
02-Oct-2026 12:14:54.155 INFO [main] org.apache.coyote.AbstractProtocol.init Initializing ProtocolHandler ["http-nio-8080"]
02-Oct-2026 12:14:54.193 INFO [main] org.apache.catalina.startup.Catalina.load Server initialization in [900] milliseconds
02-Oct-2026 12:14:54.301 INFO [main] org.apache.catalina.core.StandardService.startInternal Starting service [Catalina]
02-Oct-2026 12:14:54.302 INFO [main] org.apache.catalina.core.StandardEngine.startInternal Starting Servlet engine: [Apache Tomcat/9.0.117]
02-Oct-2026 12:14:54.315 INFO [main] org.apache.catalina.startup.HostConfig.deployDescriptor Deploying deployment descriptor [/usr/local/tomcat/conf/Catalina/localhost/ROOT.xml]
02-Oct-2026 12:14:57.080 INFO [main] org.apache.jasper.servlet.TldScanner.scanJars At least one JAR was scanned for TLDs yet contained no TLDs. Enable debug logging for this logger for a complete list of JARs that were scanned but no TLDs were found in them. Skipping unneeded JARs during scanning can improve startup time and JSP compilation time.
02-Oct-2026 12:15:05.005 INFO [main] nonapi.io.github.classgraph.classloaderhandler.lifecycle.ServletLifeCycleListener.contextInitialized Servlet context initialized
02-Oct-2026 12:15:08.422 INFO [main] org.apache.catalina.startup.HostConfig.deployDescriptor Deployment of deployment descriptor [/usr/local/tomcat/conf/Catalina/localhost/ROOT.xml] has finished in [14,106] ms
02-Oct-2026 12:15:08.427 INFO [main] org.apache.coyote.AbstractProtocol.start Starting ProtocolHandler ["http-nio-8080"]
02-Oct-2026 12:15:08.446 INFO [main] org.apache.catalina.startup.Catalina.start Server startup in [14251] milliseconds
02-Oct-2026 12:16:34.808 INFO [Thread-13] org.apache.coyote.AbstractProtocol.pause Pausing ProtocolHandler ["http-nio-8080"]
02-Oct-2026 12:16:34.818 INFO [Thread-13] org.apache.catalina.core.StandardService.stopInternal Stopping service [Catalina]
02-Oct-2026 12:16:36.859 INFO [Thread-13] nonapi.io.github.classgraph.classloaderhandler.lifecycle.ServletLifeCycleListener.contextDestroyed Servlet context destroyed -- closing any remaning open ClassGraph ScanResult instances
02-Oct-2026 12:16:36.870 WARNING [Thread-13] org.apache.catalina.loader.WebappClassLoaderBase.clearReferencesJdbc The web application [ROOT] registered the JDBC driver [org.postgresql.Driver] but failed to unregister it when the web application was stopped. To prevent a memory leak, the JDBC Driver has been forcibly unregistered.
02-Oct-2026 12:16:36.871 WARNING [Thread-13] org.apache.catalina.loader.WebappClassLoaderBase.clearReferencesThreads The web application [ROOT] appears to have started a thread named [pool-9-thread-1] but has failed to stop it. This is very likely to create a memory leak. Stack trace of thread:
 java.base@11.0.31/jdk.internal.misc.Unsafe.park(Native Method)
 java.base@11.0.31/java.util.concurrent.locks.LockSupport.park(LockSupport.java:194)
 java.base@11.0.31/java.util.concurrent.locks.AbstractQueuedSynchronizer$ConditionObject.await(AbstractQueuedSynchronizer.java:2081)
 java.base@11.0.31/java.util.concurrent.LinkedBlockingQueue.take(LinkedBlockingQueue.java:433)
 java.base@11.0.31/java.util.concurrent.ThreadPoolExecutor.getTask(ThreadPoolExecutor.java:1054)
 java.base@11.0.31/java.util.concurrent.ThreadPoolExecutor.runWorker(ThreadPoolExecutor.java:1114)
 java.base@11.0.31/java.util.concurrent.ThreadPoolExecutor$Worker.run(ThreadPoolExecutor.java:628)
 java.base@11.0.31/java.lang.Thread.run(Thread.java:829)
02-Oct-2026 12:16:36.873 WARNING [Thread-13] org.apache.catalina.loader.WebappClassLoaderBase.clearReferencesThreads The web application [ROOT] appears to have started a thread named [MQTT Reconnect: HMDMServer] but has failed to stop it. This is very likely to create a memory leak. Stack trace of thread:
 java.base@11.0.31/java.lang.Object.wait(Native Method)
 java.base@11.0.31/java.util.TimerThread.mainLoop(Timer.java:553)
 java.base@11.0.31/java.util.TimerThread.run(Timer.java:506)
02-Oct-2026 12:16:36.886 INFO [Thread-13] org.apache.coyote.AbstractProtocol.stop Stopping ProtocolHandler ["http-nio-8080"]
02-Oct-2026 12:16:36.887 INFO [http-nio-8080-exec-4] org.apache.catalina.loader.WebappClassLoaderBase.checkStateForResourceLoading Illegal access: this web application instance has been stopped already. Could not load [javax.servlet.AsyncEvent]. The following stack trace is thrown for debugging purposes as well as to attempt to terminate the thread which caused the illegal access.
	java.lang.IllegalStateException: Illegal access: this web application instance has been stopped already. Could not load [javax.servlet.AsyncEvent]. The following stack trace is thrown for debugging purposes as well as to attempt to terminate the thread which caused the illegal access.
		at org.apache.catalina.loader.WebappClassLoaderBase.checkStateForResourceLoading(WebappClassLoaderBase.java:1370)
		at org.apache.catalina.loader.WebappClassLoaderBase.checkStateForClassLoading(WebappClassLoaderBase.java:1359)
		at org.apache.catalina.loader.WebappClassLoaderBase.loadClass(WebappClassLoaderBase.java:1193)
		at org.apache.catalina.loader.WebappClassLoaderBase.loadClass(WebappClassLoaderBase.java:1160)
		at com.hmdm.notification.rest.LongPollingServlet$1.onTimeout(LongPollingServlet.java:200)
		at org.apache.catalina.core.AsyncListenerWrapper.fireOnTimeout(AsyncListenerWrapper.java:44)
		at org.apache.catalina.core.AsyncContextImpl.timeout(AsyncContextImpl.java:135)
		at org.apache.catalina.connector.CoyoteAdapter.asyncDispatch(CoyoteAdapter.java:135)
		at org.apache.coyote.AbstractProcessor.dispatch(AbstractProcessor.java:242)
		at org.apache.coyote.AbstractProcessorLight.process(AbstractProcessorLight.java:57)
		at org.apache.coyote.AbstractProtocol$ConnectionHandler.process(AbstractProtocol.java:939)
		at org.apache.tomcat.util.net.NioEndpoint$SocketProcessor.doRun(NioEndpoint.java:1854)
		at org.apache.tomcat.util.net.SocketProcessorBase.run(SocketProcessorBase.java:52)
		at org.apache.tomcat.util.threads.ThreadPoolExecutor.runWorker(ThreadPoolExecutor.java:973)
		at org.apache.tomcat.util.threads.ThreadPoolExecutor$Worker.run(ThreadPoolExecutor.java:491)
		at org.apache.tomcat.util.threads.TaskThread$WrappingRunnable.run(TaskThread.java:63)
		at java.base/java.lang.Thread.run(Thread.java:829)
02-Oct-2026 12:16:36.901 INFO [Thread-13] org.apache.coyote.AbstractProtocol.destroy Destroying ProtocolHandler ["http-nio-8080"]
02-Oct-2026 12:16:39.549 INFO [main] org.apache.catalina.startup.VersionLoggerListener.log Server version name:   Apache Tomcat/9.0.117
02-Oct-2026 12:16:39.553 INFO [main] org.apache.catalina.startup.VersionLoggerListener.log Server built:          Mar 30 2026 18:21:16 UTC
02-Oct-2026 12:16:39.553 INFO [main] org.apache.catalina.startup.VersionLoggerListener.log Server version number: 9.0.117.0
02-Oct-2026 12:16:39.554 INFO [main] org.apache.catalina.startup.VersionLoggerListener.log OS Name:               Linux
02-Oct-2026 12:16:39.554 INFO [main] org.apache.catalina.startup.VersionLoggerListener.log OS Version:            6.8.0-142-generic
02-Oct-2026 12:16:39.554 INFO [main] org.apache.catalina.startup.VersionLoggerListener.log Architecture:          amd64
02-Oct-2026 12:16:39.554 INFO [main] org.apache.catalina.startup.VersionLoggerListener.log Java Home:             /opt/java/openjdk
02-Oct-2026 12:16:39.554 INFO [main] org.apache.catalina.startup.VersionLoggerListener.log JVM Version:           11.0.31+11
02-Oct-2026 12:16:39.554 INFO [main] org.apache.catalina.startup.VersionLoggerListener.log JVM Vendor:            Eclipse Adoptium
02-Oct-2026 12:16:39.554 INFO [main] org.apache.catalina.startup.VersionLoggerListener.log CATALINA_BASE:         /usr/local/tomcat
02-Oct-2026 12:16:39.554 INFO [main] org.apache.catalina.startup.VersionLoggerListener.log CATALINA_HOME:         /usr/local/tomcat
02-Oct-2026 12:16:39.585 INFO [main] org.apache.catalina.startup.VersionLoggerListener.log Command line argument: --add-opens=java.base/java.lang=ALL-UNNAMED
02-Oct-2026 12:16:39.585 INFO [main] org.apache.catalina.startup.VersionLoggerListener.log Command line argument: --add-opens=java.base/java.lang.invoke=ALL-UNNAMED
02-Oct-2026 12:16:39.585 INFO [main] org.apache.catalina.startup.VersionLoggerListener.log Command line argument: --add-opens=java.base/java.lang.reflect=ALL-UNNAMED
02-Oct-2026 12:16:39.585 INFO [main] org.apache.catalina.startup.VersionLoggerListener.log Command line argument: --add-opens=java.base/java.io=ALL-UNNAMED
02-Oct-2026 12:16:39.585 INFO [main] org.apache.catalina.startup.VersionLoggerListener.log Command line argument: --add-opens=java.base/java.util=ALL-UNNAMED
02-Oct-2026 12:16:39.585 INFO [main] org.apache.catalina.startup.VersionLoggerListener.log Command line argument: --add-opens=java.base/java.util.concurrent=ALL-UNNAMED
02-Oct-2026 12:16:39.588 INFO [main] org.apache.catalina.startup.VersionLoggerListener.log Command line argument: --add-opens=java.rmi/sun.rmi.transport=ALL-UNNAMED
02-Oct-2026 12:16:39.588 INFO [main] org.apache.catalina.startup.VersionLoggerListener.log Command line argument: -Djava.util.logging.config.file=/usr/local/tomcat/conf/logging.properties
02-Oct-2026 12:16:39.588 INFO [main] org.apache.catalina.startup.VersionLoggerListener.log Command line argument: -Djava.util.logging.manager=org.apache.juli.ClassLoaderLogManager
02-Oct-2026 12:16:39.588 INFO [main] org.apache.catalina.startup.VersionLoggerListener.log Command line argument: -Djdk.tls.ephemeralDHKeySize=2048
02-Oct-2026 12:16:39.588 INFO [main] org.apache.catalina.startup.VersionLoggerListener.log Command line argument: -Djava.protocol.handler.pkgs=org.apache.catalina.webresources
02-Oct-2026 12:16:39.588 INFO [main] org.apache.catalina.startup.VersionLoggerListener.log Command line argument: -Dsun.io.useCanonCaches=false
02-Oct-2026 12:16:39.588 INFO [main] org.apache.catalina.startup.VersionLoggerListener.log Command line argument: -Dorg.apache.catalina.security.SecurityListener.UMASK=0022
02-Oct-2026 12:16:39.589 INFO [main] org.apache.catalina.startup.VersionLoggerListener.log Command line argument: -Dignore.endorsed.dirs=
02-Oct-2026 12:16:39.589 INFO [main] org.apache.catalina.startup.VersionLoggerListener.log Command line argument: -Dcatalina.base=/usr/local/tomcat
02-Oct-2026 12:16:39.592 INFO [main] org.apache.catalina.startup.VersionLoggerListener.log Command line argument: -Dcatalina.home=/usr/local/tomcat
02-Oct-2026 12:16:39.592 INFO [main] org.apache.catalina.startup.VersionLoggerListener.log Command line argument: -Djava.io.tmpdir=/usr/local/tomcat/temp
02-Oct-2026 12:16:39.601 INFO [main] org.apache.catalina.core.AprLifecycleListener.lifecycleEvent Loaded Apache Tomcat Native library [1.3.7] using APR version [1.7.0].
02-Oct-2026 12:16:39.601 INFO [main] org.apache.catalina.core.AprLifecycleListener.lifecycleEvent APR capabilities: IPv6 [true], sendfile [true], accept filters [false], random [true], UDS [true].
02-Oct-2026 12:16:39.602 INFO [main] org.apache.catalina.core.AprLifecycleListener.lifecycleEvent APR/OpenSSL configuration: useAprConnector [false], useOpenSSL [true]
02-Oct-2026 12:16:39.608 INFO [main] org.apache.catalina.core.AprLifecycleListener.initializeSSL OpenSSL successfully initialized [OpenSSL 3.0.2 15 Mar 2022]
02-Oct-2026 12:16:40.080 INFO [main] org.apache.coyote.AbstractProtocol.init Initializing ProtocolHandler ["http-nio-8080"]
02-Oct-2026 12:16:40.114 INFO [main] org.apache.catalina.startup.Catalina.load Server initialization in [855] milliseconds
02-Oct-2026 12:16:40.218 INFO [main] org.apache.catalina.core.StandardService.startInternal Starting service [Catalina]
02-Oct-2026 12:16:40.220 INFO [main] org.apache.catalina.core.StandardEngine.startInternal Starting Servlet engine: [Apache Tomcat/9.0.117]
02-Oct-2026 12:16:40.240 INFO [main] org.apache.catalina.startup.HostConfig.deployDescriptor Deploying deployment descriptor [/usr/local/tomcat/conf/Catalina/localhost/ROOT.xml]
02-Oct-2026 12:16:43.026 INFO [main] org.apache.jasper.servlet.TldScanner.scanJars At least one JAR was scanned for TLDs yet contained no TLDs. Enable debug logging for this logger for a complete list of JARs that were scanned but no TLDs were found in them. Skipping unneeded JARs during scanning can improve startup time and JSP compilation time.
02-Oct-2026 12:16:51.917 INFO [main] nonapi.io.github.classgraph.classloaderhandler.lifecycle.ServletLifeCycleListener.contextInitialized Servlet context initialized
02-Oct-2026 12:16:55.472 INFO [main] org.apache.catalina.startup.HostConfig.deployDescriptor Deployment of deployment descriptor [/usr/local/tomcat/conf/Catalina/localhost/ROOT.xml] has finished in [15,230] ms
02-Oct-2026 12:16:55.481 INFO [main] org.apache.coyote.AbstractProtocol.start Starting ProtocolHandler ["http-nio-8080"]
02-Oct-2026 12:16:55.519 INFO [main] org.apache.catalina.startup.Catalina.start Server startup in [15401] milliseconds
02-Oct-2026 12:21:25.092 INFO [main] org.apache.catalina.startup.VersionLoggerListener.log Server version name:   Apache Tomcat/9.0.117
02-Oct-2026 12:21:25.097 INFO [main] org.apache.catalina.startup.VersionLoggerListener.log Server built:          Mar 30 2026 18:21:16 UTC
02-Oct-2026 12:21:25.097 INFO [main] org.apache.catalina.startup.VersionLoggerListener.log Server version number: 9.0.117.0
02-Oct-2026 12:21:25.097 INFO [main] org.apache.catalina.startup.VersionLoggerListener.log OS Name:               Linux
02-Oct-2026 12:21:25.097 INFO [main] org.apache.catalina.startup.VersionLoggerListener.log OS Version:            6.8.0-142-generic
02-Oct-2026 12:21:25.098 INFO [main] org.apache.catalina.startup.VersionLoggerListener.log Architecture:          amd64
02-Oct-2026 12:21:25.098 INFO [main] org.apache.catalina.startup.VersionLoggerListener.log Java Home:             /opt/java/openjdk
02-Oct-2026 12:21:25.098 INFO [main] org.apache.catalina.startup.VersionLoggerListener.log JVM Version:           11.0.31+11
02-Oct-2026 12:21:25.098 INFO [main] org.apache.catalina.startup.VersionLoggerListener.log JVM Vendor:            Eclipse Adoptium
02-Oct-2026 12:21:25.098 INFO [main] org.apache.catalina.startup.VersionLoggerListener.log CATALINA_BASE:         /usr/local/tomcat
02-Oct-2026 12:21:25.098 INFO [main] org.apache.catalina.startup.VersionLoggerListener.log CATALINA_HOME:         /usr/local/tomcat
02-Oct-2026 12:21:25.165 INFO [main] org.apache.catalina.startup.VersionLoggerListener.log Command line argument: --add-opens=java.base/java.lang=ALL-UNNAMED
02-Oct-2026 12:21:25.168 INFO [main] org.apache.catalina.startup.VersionLoggerListener.log Command line argument: --add-opens=java.base/java.lang.invoke=ALL-UNNAMED
02-Oct-2026 12:21:25.168 INFO [main] org.apache.catalina.startup.VersionLoggerListener.log Command line argument: --add-opens=java.base/java.lang.reflect=ALL-UNNAMED
02-Oct-2026 12:21:25.168 INFO [main] org.apache.catalina.startup.VersionLoggerListener.log Command line argument: --add-opens=java.base/java.io=ALL-UNNAMED
02-Oct-2026 12:21:25.168 INFO [main] org.apache.catalina.startup.VersionLoggerListener.log Command line argument: --add-opens=java.base/java.util=ALL-UNNAMED
02-Oct-2026 12:21:25.168 INFO [main] org.apache.catalina.startup.VersionLoggerListener.log Command line argument: --add-opens=java.base/java.util.concurrent=ALL-UNNAMED
02-Oct-2026 12:21:25.168 INFO [main] org.apache.catalina.startup.VersionLoggerListener.log Command line argument: --add-opens=java.rmi/sun.rmi.transport=ALL-UNNAMED
02-Oct-2026 12:21:25.168 INFO [main] org.apache.catalina.startup.VersionLoggerListener.log Command line argument: -Djava.util.logging.config.file=/usr/local/tomcat/conf/logging.properties
02-Oct-2026 12:21:25.169 INFO [main] org.apache.catalina.startup.VersionLoggerListener.log Command line argument: -Djava.util.logging.manager=org.apache.juli.ClassLoaderLogManager
02-Oct-2026 12:21:25.169 INFO [main] org.apache.catalina.startup.VersionLoggerListener.log Command line argument: -Djdk.tls.ephemeralDHKeySize=2048
02-Oct-2026 12:21:25.169 INFO [main] org.apache.catalina.startup.VersionLoggerListener.log Command line argument: -Djava.protocol.handler.pkgs=org.apache.catalina.webresources
02-Oct-2026 12:21:25.169 INFO [main] org.apache.catalina.startup.VersionLoggerListener.log Command line argument: -Dsun.io.useCanonCaches=false
02-Oct-2026 12:21:25.172 INFO [main] org.apache.catalina.startup.VersionLoggerListener.log Command line argument: -Dorg.apache.catalina.security.SecurityListener.UMASK=0022
02-Oct-2026 12:21:25.172 INFO [main] org.apache.catalina.startup.VersionLoggerListener.log Command line argument: -Dignore.endorsed.dirs=
02-Oct-2026 12:21:25.172 INFO [main] org.apache.catalina.startup.VersionLoggerListener.log Command line argument: -Dcatalina.base=/usr/local/tomcat
02-Oct-2026 12:21:25.172 INFO [main] org.apache.catalina.startup.VersionLoggerListener.log Command line argument: -Dcatalina.home=/usr/local/tomcat
02-Oct-2026 12:21:25.172 INFO [main] org.apache.catalina.startup.VersionLoggerListener.log Command line argument: -Djava.io.tmpdir=/usr/local/tomcat/temp
02-Oct-2026 12:21:25.180 INFO [main] org.apache.catalina.core.AprLifecycleListener.lifecycleEvent Loaded Apache Tomcat Native library [1.3.7] using APR version [1.7.0].
02-Oct-2026 12:21:25.180 INFO [main] org.apache.catalina.core.AprLifecycleListener.lifecycleEvent APR capabilities: IPv6 [true], sendfile [true], accept filters [false], random [true], UDS [true].
02-Oct-2026 12:21:25.181 INFO [main] org.apache.catalina.core.AprLifecycleListener.lifecycleEvent APR/OpenSSL configuration: useAprConnector [false], useOpenSSL [true]
02-Oct-2026 12:21:25.413 INFO [main] org.apache.catalina.core.AprLifecycleListener.initializeSSL OpenSSL successfully initialized [OpenSSL 3.0.2 15 Mar 2022]
02-Oct-2026 12:21:26.222 INFO [main] org.apache.coyote.AbstractProtocol.init Initializing ProtocolHandler ["http-nio-8080"]
02-Oct-2026 12:21:26.265 INFO [main] org.apache.catalina.startup.Catalina.load Server initialization in [1654] milliseconds
02-Oct-2026 12:21:26.596 INFO [main] org.apache.catalina.core.StandardService.startInternal Starting service [Catalina]
02-Oct-2026 12:21:26.597 INFO [main] org.apache.catalina.core.StandardEngine.startInternal Starting Servlet engine: [Apache Tomcat/9.0.117]
02-Oct-2026 12:21:26.609 INFO [main] org.apache.catalina.startup.HostConfig.deployDescriptor Deploying deployment descriptor [/usr/local/tomcat/conf/Catalina/localhost/ROOT.xml]
02-Oct-2026 12:21:39.563 INFO [main] org.apache.jasper.servlet.TldScanner.scanJars At least one JAR was scanned for TLDs yet contained no TLDs. Enable debug logging for this logger for a complete list of JARs that were scanned but no TLDs were found in them. Skipping unneeded JARs during scanning can improve startup time and JSP compilation time.
02-Oct-2026 12:22:53.575 INFO [main] nonapi.io.github.classgraph.classloaderhandler.lifecycle.ServletLifeCycleListener.contextInitialized Servlet context initialized
02-Oct-2026 12:22:57.508 INFO [main] org.apache.catalina.startup.HostConfig.deployDescriptor Deployment of deployment descriptor [/usr/local/tomcat/conf/Catalina/localhost/ROOT.xml] has finished in [90,896] ms
02-Oct-2026 12:22:57.515 INFO [main] org.apache.coyote.AbstractProtocol.start Starting ProtocolHandler ["http-nio-8080"]
02-Oct-2026 12:22:57.541 INFO [main] org.apache.catalina.startup.Catalina.start Server startup in [91275] milliseconds
02-Oct-2026 12:28:56.105 INFO [Thread-13] org.apache.coyote.AbstractProtocol.pause Pausing ProtocolHandler ["http-nio-8080"]
02-Oct-2026 12:28:56.112 INFO [Thread-13] org.apache.catalina.core.StandardService.stopInternal Stopping service [Catalina]
02-Oct-2026 12:28:56.193 INFO [Thread-13] nonapi.io.github.classgraph.classloaderhandler.lifecycle.ServletLifeCycleListener.contextDestroyed Servlet context destroyed -- closing any remaning open ClassGraph ScanResult instances
02-Oct-2026 12:28:56.204 WARNING [Thread-13] org.apache.catalina.loader.WebappClassLoaderBase.clearReferencesJdbc The web application [ROOT] registered the JDBC driver [org.postgresql.Driver] but failed to unregister it when the web application was stopped. To prevent a memory leak, the JDBC Driver has been forcibly unregistered.
02-Oct-2026 12:28:56.208 WARNING [Thread-13] org.apache.catalina.loader.WebappClassLoaderBase.clearReferencesThreads The web application [ROOT] appears to have started a thread named [MQTT Rec: HMDMServer] but has failed to stop it. This is very likely to create a memory leak. Stack trace of thread:
 java.base@11.0.31/java.net.SocketInputStream.socketRead0(Native Method)
 java.base@11.0.31/java.net.SocketInputStream.socketRead(SocketInputStream.java:115)
 java.base@11.0.31/java.net.SocketInputStream.read(SocketInputStream.java:168)
 java.base@11.0.31/java.net.SocketInputStream.read(SocketInputStream.java:140)
 java.base@11.0.31/java.net.SocketInputStream.read(SocketInputStream.java:200)
 java.base@11.0.31/java.io.DataInputStream.readByte(DataInputStream.java:270)
 org.eclipse.paho.client.mqttv3.internal.wire.MqttInputStream.readMqttWireMessage(MqttInputStream.java:92)
 org.eclipse.paho.client.mqttv3.internal.CommsReceiver.run(CommsReceiver.java:137)
 java.base@11.0.31/java.lang.Thread.run(Thread.java:829)
02-Oct-2026 12:28:56.210 WARNING [Thread-13] org.apache.catalina.loader.WebappClassLoaderBase.clearReferencesThreads The web application [ROOT] appears to have started a thread named [ActiveMQ Transport: tcp:///172.18.0.3:35382@31000] but has failed to stop it. This is very likely to create a memory leak. Stack trace of thread:
 java.base@11.0.31/java.net.SocketInputStream.socketRead0(Native Method)
 java.base@11.0.31/java.net.SocketInputStream.socketRead(SocketInputStream.java:115)
 java.base@11.0.31/java.net.SocketInputStream.read(SocketInputStream.java:168)
 java.base@11.0.31/java.net.SocketInputStream.read(SocketInputStream.java:140)
 org.apache.activemq.transport.tcp.TcpBufferedInputStream.fill(TcpBufferedInputStream.java:50)
 org.apache.activemq.transport.tcp.TcpTransport$2.fill(TcpTransport.java:634)
 org.apache.activemq.transport.tcp.TcpBufferedInputStream.read(TcpBufferedInputStream.java:59)
 org.apache.activemq.transport.tcp.TcpTransport$2.read(TcpTransport.java:619)
 java.base@11.0.31/java.io.DataInputStream.readByte(DataInputStream.java:270)
 org.apache.activemq.transport.mqtt.MQTTWireFormat.unmarshal(MQTTWireFormat.java:86)
 org.apache.activemq.transport.tcp.TcpTransport.readCommand(TcpTransport.java:240)
 org.apache.activemq.transport.tcp.TcpTransport.doRun(TcpTransport.java:232)
 org.apache.activemq.transport.tcp.TcpTransport.run(TcpTransport.java:215)
 java.base@11.0.31/java.lang.Thread.run(Thread.java:829)
02-Oct-2026 12:28:56.214 WARNING [Thread-13] org.apache.catalina.loader.WebappClassLoaderBase.clearReferencesThreads The web application [ROOT] appears to have started a thread named [MQTT Snd: HMDMServer] but has failed to stop it. This is very likely to create a memory leak. Stack trace of thread:
 java.base@11.0.31/java.lang.Object.wait(Native Method)
 java.base@11.0.31/java.lang.Object.wait(Object.java:328)
 org.eclipse.paho.client.mqttv3.internal.ClientState.get(ClientState.java:825)
 org.eclipse.paho.client.mqttv3.internal.CommsSender.run(CommsSender.java:129)
 java.base@11.0.31/java.lang.Thread.run(Thread.java:829)
02-Oct-2026 12:28:56.216 WARNING [Thread-13] org.apache.catalina.loader.WebappClassLoaderBase.clearReferencesThreads The web application [ROOT] appears to have started a thread named [MQTT Call: HMDMServer] but has failed to stop it. This is very likely to create a memory leak. Stack trace of thread:
 java.base@11.0.31/java.lang.Object.wait(Native Method)
 java.base@11.0.31/java.lang.Object.wait(Object.java:328)
 org.eclipse.paho.client.mqttv3.internal.CommsCallback.run(CommsCallback.java:181)
 java.base@11.0.31/java.lang.Thread.run(Thread.java:829)
02-Oct-2026 12:28:56.219 WARNING [Thread-13] org.apache.catalina.loader.WebappClassLoaderBase.clearReferencesThreads The web application [ROOT] appears to have started a thread named [MQTT Ping: HMDMServer] but has failed to stop it. This is very likely to create a memory leak. Stack trace of thread:
 java.base@11.0.31/java.lang.Object.wait(Native Method)
 java.base@11.0.31/java.util.TimerThread.mainLoop(Timer.java:553)
 java.base@11.0.31/java.util.TimerThread.run(Timer.java:506)
02-Oct-2026 12:28:56.224 WARNING [Thread-13] org.apache.catalina.loader.WebappClassLoaderBase.clearReferencesThreads The web application [ROOT] appears to have started a thread named [ActiveMQ ShutdownHook] but has failed to stop it. This is very likely to create a memory leak. Stack trace of thread:
 java.base@11.0.31/jdk.internal.misc.Unsafe.park(Native Method)
 java.base@11.0.31/java.util.concurrent.locks.LockSupport.parkNanos(LockSupport.java:234)
 java.base@11.0.31/java.util.concurrent.locks.AbstractQueuedSynchronizer.doAcquireSharedNanos(AbstractQueuedSynchronizer.java:1079)
 java.base@11.0.31/java.util.concurrent.locks.AbstractQueuedSynchronizer.tryAcquireSharedNanos(AbstractQueuedSynchronizer.java:1369)
 java.base@11.0.31/java.util.concurrent.CountDownLatch.await(CountDownLatch.java:278)
 org.apache.activemq.broker.TransportConnection.stop(TransportConnection.java:1112)
 org.apache.activemq.util.ServiceStopper.stop(ServiceStopper.java:41)
 org.apache.activemq.broker.TransportConnector.stop(TransportConnector.java:320)
 org.apache.activemq.util.ServiceStopper.stop(ServiceStopper.java:41)
 org.apache.activemq.broker.BrokerService.stopAllConnectors(BrokerService.java:2241)
 org.apache.activemq.broker.BrokerService.stop(BrokerService.java:839)
 org.apache.activemq.broker.BrokerService.containerShutdown(BrokerService.java:2565)
 org.apache.activemq.broker.BrokerService$4.run(BrokerService.java:2532)
02-Oct-2026 12:28:56.272 INFO [ActiveMQ ShutdownHook] org.apache.catalina.loader.WebappClassLoaderBase.checkStateForResourceLoading Illegal access: this web application instance has been stopped already. Could not load [org.apache.activemq.selector.SelectorParser]. The following stack trace is thrown for debugging purposes as well as to attempt to terminate the thread which caused the illegal access.
	java.lang.IllegalStateException: Illegal access: this web application instance has been stopped already. Could not load [org.apache.activemq.selector.SelectorParser]. The following stack trace is thrown for debugging purposes as well as to attempt to terminate the thread which caused the illegal access.
		at org.apache.catalina.loader.WebappClassLoaderBase.checkStateForResourceLoading(WebappClassLoaderBase.java:1370)
		at org.apache.catalina.loader.WebappClassLoaderBase.checkStateForClassLoading(WebappClassLoaderBase.java:1359)
		at org.apache.catalina.loader.WebappClassLoaderBase.loadClass(WebappClassLoaderBase.java:1193)
		at org.apache.catalina.loader.WebappClassLoaderBase.loadClass(WebappClassLoaderBase.java:1160)
		at org.apache.activemq.broker.BrokerService.stop(BrokerService.java:867)
		at org.apache.activemq.broker.BrokerService.containerShutdown(BrokerService.java:2565)
		at org.apache.activemq.broker.BrokerService$4.run(BrokerService.java:2532)
02-Oct-2026 12:28:56.278 INFO [Thread-13] org.apache.coyote.AbstractProtocol.stop Stopping ProtocolHandler ["http-nio-8080"]
02-Oct-2026 12:28:56.302 INFO [Thread-13] org.apache.coyote.AbstractProtocol.destroy Destroying ProtocolHandler ["http-nio-8080"]
02-Oct-2026 12:28:56.485 INFO [Finalizer] org.apache.catalina.loader.WebappClassLoaderBase.checkStateForResourceLoading Illegal access: this web application instance has been stopped already. Could not load [org.postgresql.util.GT]. The following stack trace is thrown for debugging purposes as well as to attempt to terminate the thread which caused the illegal access.
	java.lang.IllegalStateException: Illegal access: this web application instance has been stopped already. Could not load [org.postgresql.util.GT]. The following stack trace is thrown for debugging purposes as well as to attempt to terminate the thread which caused the illegal access.
		at org.apache.catalina.loader.WebappClassLoaderBase.checkStateForResourceLoading(WebappClassLoaderBase.java:1370)
		at org.apache.catalina.loader.WebappClassLoaderBase.checkStateForClassLoading(WebappClassLoaderBase.java:1359)
		at org.apache.catalina.loader.WebappClassLoaderBase.loadClass(WebappClassLoaderBase.java:1193)
		at org.apache.catalina.loader.WebappClassLoaderBase.loadClass(WebappClassLoaderBase.java:1160)
		at org.postgresql.jdbc.PgConnection.checkClosed(PgConnection.java:883)
		at org.postgresql.jdbc.PgConnection.getAutoCommit(PgConnection.java:843)
		at org.apache.ibatis.datasource.pooled.PooledDataSource.forceCloseAll(PooledDataSource.java:343)
		at org.apache.ibatis.datasource.pooled.PooledDataSource.finalize(PooledDataSource.java:590)
		at java.base/java.lang.System$2.invokeFinalize(System.java:2142)
		at java.base/java.lang.ref.Finalizer.runFinalizer(Finalizer.java:87)
		at java.base/java.lang.ref.Finalizer$FinalizerThread.run(Finalizer.java:171)
02-Oct-2026 12:29:12.182 INFO [main] org.apache.catalina.startup.VersionLoggerListener.log Server version name:   Apache Tomcat/9.0.117
02-Oct-2026 12:29:12.194 INFO [main] org.apache.catalina.startup.VersionLoggerListener.log Server built:          Mar 30 2026 18:21:16 UTC
02-Oct-2026 12:29:12.195 INFO [main] org.apache.catalina.startup.VersionLoggerListener.log Server version number: 9.0.117.0
02-Oct-2026 12:29:12.195 INFO [main] org.apache.catalina.startup.VersionLoggerListener.log OS Name:               Linux
02-Oct-2026 12:29:12.195 INFO [main] org.apache.catalina.startup.VersionLoggerListener.log OS Version:            6.8.0-142-generic
02-Oct-2026 12:29:12.195 INFO [main] org.apache.catalina.startup.VersionLoggerListener.log Architecture:          amd64
02-Oct-2026 12:29:12.195 INFO [main] org.apache.catalina.startup.VersionLoggerListener.log Java Home:             /opt/java/openjdk
02-Oct-2026 12:29:12.195 INFO [main] org.apache.catalina.startup.VersionLoggerListener.log JVM Version:           11.0.31+11
02-Oct-2026 12:29:12.196 INFO [main] org.apache.catalina.startup.VersionLoggerListener.log JVM Vendor:            Eclipse Adoptium
02-Oct-2026 12:29:12.196 INFO [main] org.apache.catalina.startup.VersionLoggerListener.log CATALINA_BASE:         /usr/local/tomcat
02-Oct-2026 12:29:12.196 INFO [main] org.apache.catalina.startup.VersionLoggerListener.log CATALINA_HOME:         /usr/local/tomcat
02-Oct-2026 12:29:12.219 INFO [main] org.apache.catalina.startup.VersionLoggerListener.log Command line argument: --add-opens=java.base/java.lang=ALL-UNNAMED
02-Oct-2026 12:29:12.219 INFO [main] org.apache.catalina.startup.VersionLoggerListener.log Command line argument: --add-opens=java.base/java.lang.invoke=ALL-UNNAMED
02-Oct-2026 12:29:12.219 INFO [main] org.apache.catalina.startup.VersionLoggerListener.log Command line argument: --add-opens=java.base/java.lang.reflect=ALL-UNNAMED
02-Oct-2026 12:29:12.219 INFO [main] org.apache.catalina.startup.VersionLoggerListener.log Command line argument: --add-opens=java.base/java.io=ALL-UNNAMED
02-Oct-2026 12:29:12.219 INFO [main] org.apache.catalina.startup.VersionLoggerListener.log Command line argument: --add-opens=java.base/java.util=ALL-UNNAMED
02-Oct-2026 12:29:12.219 INFO [main] org.apache.catalina.startup.VersionLoggerListener.log Command line argument: --add-opens=java.base/java.util.concurrent=ALL-UNNAMED
02-Oct-2026 12:29:12.219 INFO [main] org.apache.catalina.startup.VersionLoggerListener.log Command line argument: --add-opens=java.rmi/sun.rmi.transport=ALL-UNNAMED
02-Oct-2026 12:29:12.219 INFO [main] org.apache.catalina.startup.VersionLoggerListener.log Command line argument: -Djava.util.logging.config.file=/usr/local/tomcat/conf/logging.properties
02-Oct-2026 12:29:12.220 INFO [main] org.apache.catalina.startup.VersionLoggerListener.log Command line argument: -Djava.util.logging.manager=org.apache.juli.ClassLoaderLogManager
02-Oct-2026 12:29:12.220 INFO [main] org.apache.catalina.startup.VersionLoggerListener.log Command line argument: -Djdk.tls.ephemeralDHKeySize=2048
02-Oct-2026 12:29:12.220 INFO [main] org.apache.catalina.startup.VersionLoggerListener.log Command line argument: -Djava.protocol.handler.pkgs=org.apache.catalina.webresources
02-Oct-2026 12:29:12.220 INFO [main] org.apache.catalina.startup.VersionLoggerListener.log Command line argument: -Dsun.io.useCanonCaches=false
02-Oct-2026 12:29:12.220 INFO [main] org.apache.catalina.startup.VersionLoggerListener.log Command line argument: -Dorg.apache.catalina.security.SecurityListener.UMASK=0022
02-Oct-2026 12:29:12.220 INFO [main] org.apache.catalina.startup.VersionLoggerListener.log Command line argument: -Dignore.endorsed.dirs=
02-Oct-2026 12:29:12.220 INFO [main] org.apache.catalina.startup.VersionLoggerListener.log Command line argument: -Dcatalina.base=/usr/local/tomcat
02-Oct-2026 12:29:12.220 INFO [main] org.apache.catalina.startup.VersionLoggerListener.log Command line argument: -Dcatalina.home=/usr/local/tomcat
02-Oct-2026 12:29:12.220 INFO [main] org.apache.catalina.startup.VersionLoggerListener.log Command line argument: -Djava.io.tmpdir=/usr/local/tomcat/temp
02-Oct-2026 12:29:12.231 INFO [main] org.apache.catalina.core.AprLifecycleListener.lifecycleEvent Loaded Apache Tomcat Native library [1.3.7] using APR version [1.7.0].
02-Oct-2026 12:29:12.232 INFO [main] org.apache.catalina.core.AprLifecycleListener.lifecycleEvent APR capabilities: IPv6 [true], sendfile [true], accept filters [false], random [true], UDS [true].
02-Oct-2026 12:29:12.232 INFO [main] org.apache.catalina.core.AprLifecycleListener.lifecycleEvent APR/OpenSSL configuration: useAprConnector [false], useOpenSSL [true]
02-Oct-2026 12:29:12.237 INFO [main] org.apache.catalina.core.AprLifecycleListener.initializeSSL OpenSSL successfully initialized [OpenSSL 3.0.2 15 Mar 2022]
02-Oct-2026 12:29:12.760 INFO [main] org.apache.coyote.AbstractProtocol.init Initializing ProtocolHandler ["http-nio-8080"]
02-Oct-2026 12:29:12.811 INFO [main] org.apache.catalina.startup.Catalina.load Server initialization in [988] milliseconds
02-Oct-2026 12:29:12.946 INFO [main] org.apache.catalina.core.StandardService.startInternal Starting service [Catalina]
02-Oct-2026 12:29:12.947 INFO [main] org.apache.catalina.core.StandardEngine.startInternal Starting Servlet engine: [Apache Tomcat/9.0.117]
02-Oct-2026 12:29:12.962 INFO [main] org.apache.catalina.startup.HostConfig.deployDescriptor Deploying deployment descriptor [/usr/local/tomcat/conf/Catalina/localhost/ROOT.xml]
02-Oct-2026 12:29:17.656 INFO [main] org.apache.jasper.servlet.TldScanner.scanJars At least one JAR was scanned for TLDs yet contained no TLDs. Enable debug logging for this logger for a complete list of JARs that were scanned but no TLDs were found in them. Skipping unneeded JARs during scanning can improve startup time and JSP compilation time.
02-Oct-2026 12:29:25.558 INFO [main] nonapi.io.github.classgraph.classloaderhandler.lifecycle.ServletLifeCycleListener.contextInitialized Servlet context initialized
02-Oct-2026 12:29:29.195 INFO [main] org.apache.catalina.startup.HostConfig.deployDescriptor Deployment of deployment descriptor [/usr/local/tomcat/conf/Catalina/localhost/ROOT.xml] has finished in [16,230] ms
02-Oct-2026 12:29:29.206 INFO [main] org.apache.coyote.AbstractProtocol.start Starting ProtocolHandler ["http-nio-8080"]
02-Oct-2026 12:29:29.223 INFO [main] org.apache.catalina.startup.Catalina.start Server startup in [16410] milliseconds
02-Oct-2026 12:37:22.676 INFO [Thread-13] org.apache.coyote.AbstractProtocol.pause Pausing ProtocolHandler ["http-nio-8080"]
02-Oct-2026 12:37:22.687 INFO [Thread-13] org.apache.catalina.core.StandardService.stopInternal Stopping service [Catalina]
02-Oct-2026 12:37:22.845 INFO [Thread-13] nonapi.io.github.classgraph.classloaderhandler.lifecycle.ServletLifeCycleListener.contextDestroyed Servlet context destroyed -- closing any remaning open ClassGraph ScanResult instances
02-Oct-2026 12:37:22.931 WARNING [Thread-13] org.apache.catalina.loader.WebappClassLoaderBase.clearReferencesJdbc The web application [ROOT] registered the JDBC driver [org.postgresql.Driver] but failed to unregister it when the web application was stopped. To prevent a memory leak, the JDBC Driver has been forcibly unregistered.
02-Oct-2026 12:37:22.937 WARNING [Thread-13] org.apache.catalina.loader.WebappClassLoaderBase.clearReferencesThreads The web application [ROOT] appears to have started a thread named [ActiveMQ ShutdownHook] but has failed to stop it. This is very likely to create a memory leak. Stack trace of thread:
 java.base@11.0.31/java.util.zip.ZipFile$Source.getEntryPos(ZipFile.java:1818)
 java.base@11.0.31/java.util.zip.ZipFile.getEntry(ZipFile.java:360)
 java.base@11.0.31/java.util.zip.ZipFile$1.getEntry(ZipFile.java:1169)
 java.base@11.0.31/java.util.jar.JarFile.getEntry0(JarFile.java:585)
 java.base@11.0.31/java.util.jar.JarFile.getEntry(JarFile.java:515)
 java.base@11.0.31/java.util.jar.JarFile.getJarEntry(JarFile.java:477)
 org.apache.catalina.webresources.AbstractSingleArchiveResourceSet.getArchiveEntry(AbstractSingleArchiveResourceSet.java:97)
 org.apache.catalina.webresources.AbstractArchiveResourceSet.getResource(AbstractArchiveResourceSet.java:265)
 org.apache.catalina.webresources.StandardRoot.getResourceInternal(StandardRoot.java:273)
 org.apache.catalina.webresources.Cache.getResource(Cache.java:64)
 org.apache.catalina.webresources.StandardRoot.getResource(StandardRoot.java:212)
 org.apache.catalina.webresources.StandardRoot.getClassLoaderResource(StandardRoot.java:221)
 org.apache.catalina.loader.WebappClassLoaderBase.findClassInternal(WebappClassLoaderBase.java:2221)
 org.apache.catalina.loader.WebappClassLoaderBase.findClassInternal(WebappClassLoaderBase.java:2212)
 org.apache.catalina.loader.WebappClassLoaderBase.findClass(WebappClassLoaderBase.java:821)
 org.apache.catalina.loader.WebappClassLoaderBase.loadClass(WebappClassLoaderBase.java:1312)
 org.apache.catalina.loader.WebappClassLoaderBase.loadClass(WebappClassLoaderBase.java:1160)
 org.apache.activemq.broker.BrokerService$3.stop(BrokerService.java:2345)
 org.apache.activemq.util.ServiceStopper.stop(ServiceStopper.java:41)
 org.apache.activemq.broker.BrokerService.stop(BrokerService.java:847)
 org.apache.activemq.broker.BrokerService.containerShutdown(BrokerService.java:2565)
 org.apache.activemq.broker.BrokerService$4.run(BrokerService.java:2532)
02-Oct-2026 12:37:22.942 WARNING [Thread-13] org.apache.catalina.loader.WebappClassLoaderBase.clearReferencesThreads The web application [ROOT] appears to have started a thread named [ActiveMQ BrokerService[localhost] Task-3] but has failed to stop it. This is very likely to create a memory leak. Stack trace of thread:
 java.base@11.0.31/jdk.internal.misc.Unsafe.park(Native Method)
 java.base@11.0.31/java.util.concurrent.locks.LockSupport.parkNanos(LockSupport.java:234)
 java.base@11.0.31/java.util.concurrent.SynchronousQueue$TransferStack.awaitFulfill(SynchronousQueue.java:462)
 java.base@11.0.31/java.util.concurrent.SynchronousQueue$TransferStack.transfer(SynchronousQueue.java:361)
 java.base@11.0.31/java.util.concurrent.SynchronousQueue.poll(SynchronousQueue.java:937)
 java.base@11.0.31/java.util.concurrent.ThreadPoolExecutor.getTask(ThreadPoolExecutor.java:1053)
 java.base@11.0.31/java.util.concurrent.ThreadPoolExecutor.runWorker(ThreadPoolExecutor.java:1114)
 java.base@11.0.31/java.util.concurrent.ThreadPoolExecutor$Worker.run(ThreadPoolExecutor.java:628)
 java.base@11.0.31/java.lang.Thread.run(Thread.java:829)
02-Oct-2026 12:37:22.945 WARNING [Thread-13] org.apache.catalina.loader.WebappClassLoaderBase.clearReferencesThreads The web application [ROOT] appears to have started a thread named [MQTT Reconnect: HMDMServer] but has failed to stop it. This is very likely to create a memory leak. Stack trace of thread:
 java.base@11.0.31/java.lang.Object.wait(Native Method)
 java.base@11.0.31/java.util.TimerThread.mainLoop(Timer.java:553)
 java.base@11.0.31/java.util.TimerThread.run(Timer.java:506)
02-Oct-2026 12:37:23.042 INFO [Thread-13] org.apache.coyote.AbstractProtocol.stop Stopping ProtocolHandler ["http-nio-8080"]
02-Oct-2026 12:37:23.060 INFO [Thread-13] org.apache.coyote.AbstractProtocol.destroy Destroying ProtocolHandler ["http-nio-8080"]
02-Oct-2026 12:37:24.046 INFO [MQTT Reconnect: HMDMServer] org.apache.catalina.loader.WebappClassLoaderBase.checkStateForResourceLoading Illegal access: this web application instance has been stopped already. Could not load [org.eclipse.paho.client.mqttv3.MqttAsyncClient$MqttReconnectActionListener]. The following stack trace is thrown for debugging purposes as well as to attempt to terminate the thread which caused the illegal access.
	java.lang.IllegalStateException: Illegal access: this web application instance has been stopped already. Could not load [org.eclipse.paho.client.mqttv3.MqttAsyncClient$MqttReconnectActionListener]. The following stack trace is thrown for debugging purposes as well as to attempt to terminate the thread which caused the illegal access.
		at org.apache.catalina.loader.WebappClassLoaderBase.checkStateForResourceLoading(WebappClassLoaderBase.java:1370)
		at org.apache.catalina.loader.WebappClassLoaderBase.checkStateForClassLoading(WebappClassLoaderBase.java:1359)
		at org.apache.catalina.loader.WebappClassLoaderBase.loadClass(WebappClassLoaderBase.java:1193)
		at org.apache.catalina.loader.WebappClassLoaderBase.loadClass(WebappClassLoaderBase.java:1160)
		at org.eclipse.paho.client.mqttv3.MqttAsyncClient.attemptReconnect(MqttAsyncClient.java:1304)
		at org.eclipse.paho.client.mqttv3.MqttAsyncClient.access$2(MqttAsyncClient.java:1299)
		at org.eclipse.paho.client.mqttv3.MqttAsyncClient$ReconnectTask.run(MqttAsyncClient.java:1343)
		at java.base/java.util.TimerThread.mainLoop(Timer.java:556)
		at java.base/java.util.TimerThread.run(Timer.java:506)
02-Oct-2026 12:37:53.945 INFO [main] org.apache.catalina.startup.VersionLoggerListener.log Server version name:   Apache Tomcat/9.0.117
02-Oct-2026 12:37:53.952 INFO [main] org.apache.catalina.startup.VersionLoggerListener.log Server built:          Mar 30 2026 18:21:16 UTC
02-Oct-2026 12:37:53.953 INFO [main] org.apache.catalina.startup.VersionLoggerListener.log Server version number: 9.0.117.0
02-Oct-2026 12:37:53.953 INFO [main] org.apache.catalina.startup.VersionLoggerListener.log OS Name:               Linux
02-Oct-2026 12:37:53.953 INFO [main] org.apache.catalina.startup.VersionLoggerListener.log OS Version:            6.8.0-142-generic
02-Oct-2026 12:37:53.954 INFO [main] org.apache.catalina.startup.VersionLoggerListener.log Architecture:          amd64
02-Oct-2026 12:37:53.955 INFO [main] org.apache.catalina.startup.VersionLoggerListener.log Java Home:             /opt/java/openjdk
02-Oct-2026 12:37:53.955 INFO [main] org.apache.catalina.startup.VersionLoggerListener.log JVM Version:           11.0.31+11
02-Oct-2026 12:37:53.956 INFO [main] org.apache.catalina.startup.VersionLoggerListener.log JVM Vendor:            Eclipse Adoptium
02-Oct-2026 12:37:53.957 INFO [main] org.apache.catalina.startup.VersionLoggerListener.log CATALINA_BASE:         /usr/local/tomcat
02-Oct-2026 12:37:53.957 INFO [main] org.apache.catalina.startup.VersionLoggerListener.log CATALINA_HOME:         /usr/local/tomcat
02-Oct-2026 12:37:53.998 INFO [main] org.apache.catalina.startup.VersionLoggerListener.log Command line argument: --add-opens=java.base/java.lang=ALL-UNNAMED
02-Oct-2026 12:37:53.998 INFO [main] org.apache.catalina.startup.VersionLoggerListener.log Command line argument: --add-opens=java.base/java.lang.invoke=ALL-UNNAMED
02-Oct-2026 12:37:53.999 INFO [main] org.apache.catalina.startup.VersionLoggerListener.log Command line argument: --add-opens=java.base/java.lang.reflect=ALL-UNNAMED
02-Oct-2026 12:37:53.999 INFO [main] org.apache.catalina.startup.VersionLoggerListener.log Command line argument: --add-opens=java.base/java.io=ALL-UNNAMED
02-Oct-2026 12:37:53.999 INFO [main] org.apache.catalina.startup.VersionLoggerListener.log Command line argument: --add-opens=java.base/java.util=ALL-UNNAMED
02-Oct-2026 12:37:53.999 INFO [main] org.apache.catalina.startup.VersionLoggerListener.log Command line argument: --add-opens=java.base/java.util.concurrent=ALL-UNNAMED
02-Oct-2026 12:37:54.000 INFO [main] org.apache.catalina.startup.VersionLoggerListener.log Command line argument: --add-opens=java.rmi/sun.rmi.transport=ALL-UNNAMED
02-Oct-2026 12:37:54.000 INFO [main] org.apache.catalina.startup.VersionLoggerListener.log Command line argument: -Djava.util.logging.config.file=/usr/local/tomcat/conf/logging.properties
02-Oct-2026 12:37:54.001 INFO [main] org.apache.catalina.startup.VersionLoggerListener.log Command line argument: -Djava.util.logging.manager=org.apache.juli.ClassLoaderLogManager
02-Oct-2026 12:37:54.001 INFO [main] org.apache.catalina.startup.VersionLoggerListener.log Command line argument: -Djdk.tls.ephemeralDHKeySize=2048
02-Oct-2026 12:37:54.001 INFO [main] org.apache.catalina.startup.VersionLoggerListener.log Command line argument: -Djava.protocol.handler.pkgs=org.apache.catalina.webresources
02-Oct-2026 12:37:54.001 INFO [main] org.apache.catalina.startup.VersionLoggerListener.log Command line argument: -Dsun.io.useCanonCaches=false
02-Oct-2026 12:37:54.001 INFO [main] org.apache.catalina.startup.VersionLoggerListener.log Command line argument: -Dorg.apache.catalina.security.SecurityListener.UMASK=0022
02-Oct-2026 12:37:54.001 INFO [main] org.apache.catalina.startup.VersionLoggerListener.log Command line argument: -Dignore.endorsed.dirs=
02-Oct-2026 12:37:54.001 INFO [main] org.apache.catalina.startup.VersionLoggerListener.log Command line argument: -Dcatalina.base=/usr/local/tomcat
02-Oct-2026 12:37:54.001 INFO [main] org.apache.catalina.startup.VersionLoggerListener.log Command line argument: -Dcatalina.home=/usr/local/tomcat
02-Oct-2026 12:37:54.001 INFO [main] org.apache.catalina.startup.VersionLoggerListener.log Command line argument: -Djava.io.tmpdir=/usr/local/tomcat/temp
02-Oct-2026 12:37:54.019 INFO [main] org.apache.catalina.core.AprLifecycleListener.lifecycleEvent Loaded Apache Tomcat Native library [1.3.7] using APR version [1.7.0].
02-Oct-2026 12:37:54.020 INFO [main] org.apache.catalina.core.AprLifecycleListener.lifecycleEvent APR capabilities: IPv6 [true], sendfile [true], accept filters [false], random [true], UDS [true].
02-Oct-2026 12:37:54.022 INFO [main] org.apache.catalina.core.AprLifecycleListener.lifecycleEvent APR/OpenSSL configuration: useAprConnector [false], useOpenSSL [true]
02-Oct-2026 12:37:54.037 INFO [main] org.apache.catalina.core.AprLifecycleListener.initializeSSL OpenSSL successfully initialized [OpenSSL 3.0.2 15 Mar 2022]
02-Oct-2026 12:37:56.101 INFO [main] org.apache.coyote.AbstractProtocol.init Initializing ProtocolHandler ["http-nio-8080"]
02-Oct-2026 12:37:56.181 INFO [main] org.apache.catalina.startup.Catalina.load Server initialization in [2754] milliseconds
02-Oct-2026 12:37:57.351 INFO [main] org.apache.catalina.core.StandardService.startInternal Starting service [Catalina]
02-Oct-2026 12:37:57.352 INFO [main] org.apache.catalina.core.StandardEngine.startInternal Starting Servlet engine: [Apache Tomcat/9.0.117]
02-Oct-2026 12:37:57.368 INFO [main] org.apache.catalina.startup.HostConfig.deployDescriptor Deploying deployment descriptor [/usr/local/tomcat/conf/Catalina/localhost/ROOT.xml]
02-Oct-2026 12:38:09.922 INFO [main] org.apache.jasper.servlet.TldScanner.scanJars At least one JAR was scanned for TLDs yet contained no TLDs. Enable debug logging for this logger for a complete list of JARs that were scanned but no TLDs were found in them. Skipping unneeded JARs during scanning can improve startup time and JSP compilation time.
02-Oct-2026 12:38:21.000 INFO [main] nonapi.io.github.classgraph.classloaderhandler.lifecycle.ServletLifeCycleListener.contextInitialized Servlet context initialized
02-Oct-2026 12:38:24.892 INFO [main] org.apache.catalina.startup.HostConfig.deployDescriptor Deployment of deployment descriptor [/usr/local/tomcat/conf/Catalina/localhost/ROOT.xml] has finished in [27,522] ms
02-Oct-2026 12:38:24.898 INFO [main] org.apache.coyote.AbstractProtocol.start Starting ProtocolHandler ["http-nio-8080"]
02-Oct-2026 12:38:24.926 INFO [main] org.apache.catalina.startup.Catalina.start Server startup in [28744] milliseconds
02-Oct-2026 12:48:50.095 INFO [Thread-13] org.apache.coyote.AbstractProtocol.pause Pausing ProtocolHandler ["http-nio-8080"]
02-Oct-2026 12:48:50.118 INFO [Thread-13] org.apache.catalina.core.StandardService.stopInternal Stopping service [Catalina]
02-Oct-2026 12:48:50.221 INFO [Thread-13] nonapi.io.github.classgraph.classloaderhandler.lifecycle.ServletLifeCycleListener.contextDestroyed Servlet context destroyed -- closing any remaning open ClassGraph ScanResult instances
02-Oct-2026 12:48:50.233 WARNING [Thread-13] org.apache.catalina.loader.WebappClassLoaderBase.clearReferencesJdbc The web application [ROOT] registered the JDBC driver [org.postgresql.Driver] but failed to unregister it when the web application was stopped. To prevent a memory leak, the JDBC Driver has been forcibly unregistered.
02-Oct-2026 12:48:50.238 WARNING [Thread-13] org.apache.catalina.loader.WebappClassLoaderBase.clearReferencesThreads The web application [ROOT] appears to have started a thread named [pool-9-thread-1] but has failed to stop it. This is very likely to create a memory leak. Stack trace of thread:
 java.base@11.0.31/jdk.internal.misc.Unsafe.park(Native Method)
 java.base@11.0.31/java.util.concurrent.locks.LockSupport.park(LockSupport.java:194)
 java.base@11.0.31/java.util.concurrent.locks.AbstractQueuedSynchronizer$ConditionObject.await(AbstractQueuedSynchronizer.java:2081)
 java.base@11.0.31/java.util.concurrent.LinkedBlockingQueue.take(LinkedBlockingQueue.java:433)
 java.base@11.0.31/java.util.concurrent.ThreadPoolExecutor.getTask(ThreadPoolExecutor.java:1054)
 java.base@11.0.31/java.util.concurrent.ThreadPoolExecutor.runWorker(ThreadPoolExecutor.java:1114)
 java.base@11.0.31/java.util.concurrent.ThreadPoolExecutor$Worker.run(ThreadPoolExecutor.java:628)
 java.base@11.0.31/java.lang.Thread.run(Thread.java:829)
02-Oct-2026 12:48:50.245 WARNING [Thread-13] org.apache.catalina.loader.WebappClassLoaderBase.clearReferencesThreads The web application [ROOT] appears to have started a thread named [pool-9-thread-2] but has failed to stop it. This is very likely to create a memory leak. Stack trace of thread:
 java.base@11.0.31/jdk.internal.misc.Unsafe.park(Native Method)
 java.base@11.0.31/java.util.concurrent.locks.LockSupport.park(LockSupport.java:194)
 java.base@11.0.31/java.util.concurrent.locks.AbstractQueuedSynchronizer$ConditionObject.await(AbstractQueuedSynchronizer.java:2081)
 java.base@11.0.31/java.util.concurrent.LinkedBlockingQueue.take(LinkedBlockingQueue.java:433)
 java.base@11.0.31/java.util.concurrent.ThreadPoolExecutor.getTask(ThreadPoolExecutor.java:1054)
 java.base@11.0.31/java.util.concurrent.ThreadPoolExecutor.runWorker(ThreadPoolExecutor.java:1114)
 java.base@11.0.31/java.util.concurrent.ThreadPoolExecutor$Worker.run(ThreadPoolExecutor.java:628)
 java.base@11.0.31/java.lang.Thread.run(Thread.java:829)
02-Oct-2026 12:48:50.246 WARNING [Thread-13] org.apache.catalina.loader.WebappClassLoaderBase.clearReferencesThreads The web application [ROOT] appears to have started a thread named [pool-9-thread-3] but has failed to stop it. This is very likely to create a memory leak. Stack trace of thread:
 java.base@11.0.31/jdk.internal.misc.Unsafe.park(Native Method)
 java.base@11.0.31/java.util.concurrent.locks.LockSupport.park(LockSupport.java:194)
 java.base@11.0.31/java.util.concurrent.locks.AbstractQueuedSynchronizer$ConditionObject.await(AbstractQueuedSynchronizer.java:2081)
 java.base@11.0.31/java.util.concurrent.LinkedBlockingQueue.take(LinkedBlockingQueue.java:433)
 java.base@11.0.31/java.util.concurrent.ThreadPoolExecutor.getTask(ThreadPoolExecutor.java:1054)
 java.base@11.0.31/java.util.concurrent.ThreadPoolExecutor.runWorker(ThreadPoolExecutor.java:1114)
 java.base@11.0.31/java.util.concurrent.ThreadPoolExecutor$Worker.run(ThreadPoolExecutor.java:628)
 java.base@11.0.31/java.lang.Thread.run(Thread.java:829)
02-Oct-2026 12:48:50.247 WARNING [Thread-13] org.apache.catalina.loader.WebappClassLoaderBase.clearReferencesThreads The web application [ROOT] appears to have started a thread named [pool-9-thread-4] but has failed to stop it. This is very likely to create a memory leak. Stack trace of thread:
 java.base@11.0.31/jdk.internal.misc.Unsafe.park(Native Method)
 java.base@11.0.31/java.util.concurrent.locks.LockSupport.park(LockSupport.java:194)
 java.base@11.0.31/java.util.concurrent.locks.AbstractQueuedSynchronizer$ConditionObject.await(AbstractQueuedSynchronizer.java:2081)
 java.base@11.0.31/java.util.concurrent.LinkedBlockingQueue.take(LinkedBlockingQueue.java:433)
 java.base@11.0.31/java.util.concurrent.ThreadPoolExecutor.getTask(ThreadPoolExecutor.java:1054)
 java.base@11.0.31/java.util.concurrent.ThreadPoolExecutor.runWorker(ThreadPoolExecutor.java:1114)
 java.base@11.0.31/java.util.concurrent.ThreadPoolExecutor$Worker.run(ThreadPoolExecutor.java:628)
 java.base@11.0.31/java.lang.Thread.run(Thread.java:829)
02-Oct-2026 12:48:50.248 WARNING [Thread-13] org.apache.catalina.loader.WebappClassLoaderBase.clearReferencesThreads The web application [ROOT] appears to have started a thread named [ActiveMQ ShutdownHook] but has failed to stop it. This is very likely to create a memory leak. Stack trace of thread:
 java.base@11.0.31/java.lang.ClassLoader.defineClass1(Native Method)
 java.base@11.0.31/java.lang.ClassLoader.defineClass(ClassLoader.java:1022)
 java.base@11.0.31/java.security.SecureClassLoader.defineClass(SecureClassLoader.java:174)
 org.apache.catalina.loader.WebappClassLoaderBase.findClassInternal(WebappClassLoaderBase.java:2342)
 org.apache.catalina.loader.WebappClassLoaderBase.findClassInternal(WebappClassLoaderBase.java:2212)
 org.apache.catalina.loader.WebappClassLoaderBase.findClass(WebappClassLoaderBase.java:821)
 org.apache.catalina.loader.WebappClassLoaderBase.loadClass(WebappClassLoaderBase.java:1312)
 org.apache.catalina.loader.WebappClassLoaderBase.loadClass(WebappClassLoaderBase.java:1160)
 org.apache.activemq.broker.BrokerService.stop(BrokerService.java:867)
 org.apache.activemq.broker.BrokerService.containerShutdown(BrokerService.java:2565)
 org.apache.activemq.broker.BrokerService$4.run(BrokerService.java:2532)
02-Oct-2026 12:48:50.250 WARNING [Thread-13] org.apache.catalina.loader.WebappClassLoaderBase.clearReferencesThreads The web application [ROOT] appears to have started a thread named [ActiveMQ BrokerService[localhost] Task-3] but has failed to stop it. This is very likely to create a memory leak. Stack trace of thread:
02-Oct-2026 12:48:50.254 WARNING [Thread-13] org.apache.catalina.loader.WebappClassLoaderBase.clearReferencesThreads The web application [ROOT] appears to have started a thread named [MQTT Reconnect: HMDMServer] but has failed to stop it. This is very likely to create a memory leak. Stack trace of thread:
 java.base@11.0.31/java.lang.Object.wait(Native Method)
 java.base@11.0.31/java.util.TimerThread.mainLoop(Timer.java:553)
 java.base@11.0.31/java.util.TimerThread.run(Timer.java:506)
02-Oct-2026 12:48:50.277 INFO [Thread-13] org.apache.coyote.AbstractProtocol.stop Stopping ProtocolHandler ["http-nio-8080"]
02-Oct-2026 12:48:50.289 INFO [Thread-13] org.apache.coyote.AbstractProtocol.destroy Destroying ProtocolHandler ["http-nio-8080"]
02-Oct-2026 12:49:50.267 INFO [main] org.apache.catalina.startup.VersionLoggerListener.log Server version name:   Apache Tomcat/9.0.117
02-Oct-2026 12:49:50.273 INFO [main] org.apache.catalina.startup.VersionLoggerListener.log Server built:          Mar 30 2026 18:21:16 UTC
02-Oct-2026 12:49:50.274 INFO [main] org.apache.catalina.startup.VersionLoggerListener.log Server version number: 9.0.117.0
02-Oct-2026 12:49:50.274 INFO [main] org.apache.catalina.startup.VersionLoggerListener.log OS Name:               Linux
02-Oct-2026 12:49:50.275 INFO [main] org.apache.catalina.startup.VersionLoggerListener.log OS Version:            6.8.0-142-generic
02-Oct-2026 12:49:50.277 INFO [main] org.apache.catalina.startup.VersionLoggerListener.log Architecture:          amd64
02-Oct-2026 12:49:50.277 INFO [main] org.apache.catalina.startup.VersionLoggerListener.log Java Home:             /opt/java/openjdk
02-Oct-2026 12:49:50.277 INFO [main] org.apache.catalina.startup.VersionLoggerListener.log JVM Version:           11.0.31+11
02-Oct-2026 12:49:50.277 INFO [main] org.apache.catalina.startup.VersionLoggerListener.log JVM Vendor:            Eclipse Adoptium
02-Oct-2026 12:49:50.278 INFO [main] org.apache.catalina.startup.VersionLoggerListener.log CATALINA_BASE:         /usr/local/tomcat
02-Oct-2026 12:49:50.278 INFO [main] org.apache.catalina.startup.VersionLoggerListener.log CATALINA_HOME:         /usr/local/tomcat
02-Oct-2026 12:49:50.298 INFO [main] org.apache.catalina.startup.VersionLoggerListener.log Command line argument: --add-opens=java.base/java.lang=ALL-UNNAMED
02-Oct-2026 12:49:50.298 INFO [main] org.apache.catalina.startup.VersionLoggerListener.log Command line argument: --add-opens=java.base/java.lang.invoke=ALL-UNNAMED
02-Oct-2026 12:49:50.299 INFO [main] org.apache.catalina.startup.VersionLoggerListener.log Command line argument: --add-opens=java.base/java.lang.reflect=ALL-UNNAMED
02-Oct-2026 12:49:50.300 INFO [main] org.apache.catalina.startup.VersionLoggerListener.log Command line argument: --add-opens=java.base/java.io=ALL-UNNAMED
02-Oct-2026 12:49:50.300 INFO [main] org.apache.catalina.startup.VersionLoggerListener.log Command line argument: --add-opens=java.base/java.util=ALL-UNNAMED
02-Oct-2026 12:49:50.300 INFO [main] org.apache.catalina.startup.VersionLoggerListener.log Command line argument: --add-opens=java.base/java.util.concurrent=ALL-UNNAMED
02-Oct-2026 12:49:50.300 INFO [main] org.apache.catalina.startup.VersionLoggerListener.log Command line argument: --add-opens=java.rmi/sun.rmi.transport=ALL-UNNAMED
02-Oct-2026 12:49:50.301 INFO [main] org.apache.catalina.startup.VersionLoggerListener.log Command line argument: -Djava.util.logging.config.file=/usr/local/tomcat/conf/logging.properties
02-Oct-2026 12:49:50.301 INFO [main] org.apache.catalina.startup.VersionLoggerListener.log Command line argument: -Djava.util.logging.manager=org.apache.juli.ClassLoaderLogManager
02-Oct-2026 12:49:50.301 INFO [main] org.apache.catalina.startup.VersionLoggerListener.log Command line argument: -Djdk.tls.ephemeralDHKeySize=2048
02-Oct-2026 12:49:50.301 INFO [main] org.apache.catalina.startup.VersionLoggerListener.log Command line argument: -Djava.protocol.handler.pkgs=org.apache.catalina.webresources
02-Oct-2026 12:49:50.301 INFO [main] org.apache.catalina.startup.VersionLoggerListener.log Command line argument: -Dsun.io.useCanonCaches=false
02-Oct-2026 12:49:50.302 INFO [main] org.apache.catalina.startup.VersionLoggerListener.log Command line argument: -Dorg.apache.catalina.security.SecurityListener.UMASK=0022
02-Oct-2026 12:49:50.302 INFO [main] org.apache.catalina.startup.VersionLoggerListener.log Command line argument: -Dignore.endorsed.dirs=
02-Oct-2026 12:49:50.302 INFO [main] org.apache.catalina.startup.VersionLoggerListener.log Command line argument: -Dcatalina.base=/usr/local/tomcat
02-Oct-2026 12:49:50.302 INFO [main] org.apache.catalina.startup.VersionLoggerListener.log Command line argument: -Dcatalina.home=/usr/local/tomcat
02-Oct-2026 12:49:50.302 INFO [main] org.apache.catalina.startup.VersionLoggerListener.log Command line argument: -Djava.io.tmpdir=/usr/local/tomcat/temp
02-Oct-2026 12:49:50.310 INFO [main] org.apache.catalina.core.AprLifecycleListener.lifecycleEvent Loaded Apache Tomcat Native library [1.3.7] using APR version [1.7.0].
02-Oct-2026 12:49:50.310 INFO [main] org.apache.catalina.core.AprLifecycleListener.lifecycleEvent APR capabilities: IPv6 [true], sendfile [true], accept filters [false], random [true], UDS [true].
02-Oct-2026 12:49:50.310 INFO [main] org.apache.catalina.core.AprLifecycleListener.lifecycleEvent APR/OpenSSL configuration: useAprConnector [false], useOpenSSL [true]
02-Oct-2026 12:49:50.315 INFO [main] org.apache.catalina.core.AprLifecycleListener.initializeSSL OpenSSL successfully initialized [OpenSSL 3.0.2 15 Mar 2022]
02-Oct-2026 12:49:51.109 INFO [main] org.apache.coyote.AbstractProtocol.init Initializing ProtocolHandler ["http-nio-8080"]
02-Oct-2026 12:49:51.160 INFO [main] org.apache.catalina.startup.Catalina.load Server initialization in [1434] milliseconds
02-Oct-2026 12:49:51.414 INFO [main] org.apache.catalina.core.StandardService.startInternal Starting service [Catalina]
02-Oct-2026 12:49:51.416 INFO [main] org.apache.catalina.core.StandardEngine.startInternal Starting Servlet engine: [Apache Tomcat/9.0.117]
02-Oct-2026 12:49:51.453 INFO [main] org.apache.catalina.startup.HostConfig.deployDescriptor Deploying deployment descriptor [/usr/local/tomcat/conf/Catalina/localhost/ROOT.xml]
02-Oct-2026 12:49:58.230 INFO [main] org.apache.jasper.servlet.TldScanner.scanJars At least one JAR was scanned for TLDs yet contained no TLDs. Enable debug logging for this logger for a complete list of JARs that were scanned but no TLDs were found in them. Skipping unneeded JARs during scanning can improve startup time and JSP compilation time.
02-Oct-2026 12:51:07.643 INFO [main] org.apache.catalina.startup.VersionLoggerListener.log Server version name:   Apache Tomcat/9.0.117
02-Oct-2026 12:51:07.647 INFO [main] org.apache.catalina.startup.VersionLoggerListener.log Server built:          Mar 30 2026 18:21:16 UTC
02-Oct-2026 12:51:07.648 INFO [main] org.apache.catalina.startup.VersionLoggerListener.log Server version number: 9.0.117.0
02-Oct-2026 12:51:07.649 INFO [main] org.apache.catalina.startup.VersionLoggerListener.log OS Name:               Linux
02-Oct-2026 12:51:07.649 INFO [main] org.apache.catalina.startup.VersionLoggerListener.log OS Version:            6.8.0-142-generic
02-Oct-2026 12:51:07.649 INFO [main] org.apache.catalina.startup.VersionLoggerListener.log Architecture:          amd64
02-Oct-2026 12:51:07.650 INFO [main] org.apache.catalina.startup.VersionLoggerListener.log Java Home:             /opt/java/openjdk
02-Oct-2026 12:51:07.650 INFO [main] org.apache.catalina.startup.VersionLoggerListener.log JVM Version:           11.0.31+11
02-Oct-2026 12:51:07.651 INFO [main] org.apache.catalina.startup.VersionLoggerListener.log JVM Vendor:            Eclipse Adoptium
02-Oct-2026 12:51:07.651 INFO [main] org.apache.catalina.startup.VersionLoggerListener.log CATALINA_BASE:         /usr/local/tomcat
02-Oct-2026 12:51:07.651 INFO [main] org.apache.catalina.startup.VersionLoggerListener.log CATALINA_HOME:         /usr/local/tomcat
02-Oct-2026 12:51:07.675 INFO [main] org.apache.catalina.startup.VersionLoggerListener.log Command line argument: --add-opens=java.base/java.lang=ALL-UNNAMED
02-Oct-2026 12:51:07.675 INFO [main] org.apache.catalina.startup.VersionLoggerListener.log Command line argument: --add-opens=java.base/java.lang.invoke=ALL-UNNAMED
02-Oct-2026 12:51:07.676 INFO [main] org.apache.catalina.startup.VersionLoggerListener.log Command line argument: --add-opens=java.base/java.lang.reflect=ALL-UNNAMED
02-Oct-2026 12:51:07.676 INFO [main] org.apache.catalina.startup.VersionLoggerListener.log Command line argument: --add-opens=java.base/java.io=ALL-UNNAMED
02-Oct-2026 12:51:07.676 INFO [main] org.apache.catalina.startup.VersionLoggerListener.log Command line argument: --add-opens=java.base/java.util=ALL-UNNAMED
02-Oct-2026 12:51:07.676 INFO [main] org.apache.catalina.startup.VersionLoggerListener.log Command line argument: --add-opens=java.base/java.util.concurrent=ALL-UNNAMED
02-Oct-2026 12:51:07.677 INFO [main] org.apache.catalina.startup.VersionLoggerListener.log Command line argument: --add-opens=java.rmi/sun.rmi.transport=ALL-UNNAMED
02-Oct-2026 12:51:07.677 INFO [main] org.apache.catalina.startup.VersionLoggerListener.log Command line argument: -Djava.util.logging.config.file=/usr/local/tomcat/conf/logging.properties
02-Oct-2026 12:51:07.677 INFO [main] org.apache.catalina.startup.VersionLoggerListener.log Command line argument: -Djava.util.logging.manager=org.apache.juli.ClassLoaderLogManager
02-Oct-2026 12:51:07.678 INFO [main] org.apache.catalina.startup.VersionLoggerListener.log Command line argument: -Djdk.tls.ephemeralDHKeySize=2048
02-Oct-2026 12:51:07.678 INFO [main] org.apache.catalina.startup.VersionLoggerListener.log Command line argument: -Djava.protocol.handler.pkgs=org.apache.catalina.webresources
02-Oct-2026 12:51:07.679 INFO [main] org.apache.catalina.startup.VersionLoggerListener.log Command line argument: -Dsun.io.useCanonCaches=false
02-Oct-2026 12:51:07.679 INFO [main] org.apache.catalina.startup.VersionLoggerListener.log Command line argument: -Dorg.apache.catalina.security.SecurityListener.UMASK=0022
02-Oct-2026 12:51:07.679 INFO [main] org.apache.catalina.startup.VersionLoggerListener.log Command line argument: -Dignore.endorsed.dirs=
02-Oct-2026 12:51:07.680 INFO [main] org.apache.catalina.startup.VersionLoggerListener.log Command line argument: -Dcatalina.base=/usr/local/tomcat
02-Oct-2026 12:51:07.680 INFO [main] org.apache.catalina.startup.VersionLoggerListener.log Command line argument: -Dcatalina.home=/usr/local/tomcat
02-Oct-2026 12:51:07.682 INFO [main] org.apache.catalina.startup.VersionLoggerListener.log Command line argument: -Djava.io.tmpdir=/usr/local/tomcat/temp
02-Oct-2026 12:51:07.763 INFO [main] org.apache.catalina.core.AprLifecycleListener.lifecycleEvent Loaded Apache Tomcat Native library [1.3.7] using APR version [1.7.0].
02-Oct-2026 12:51:07.763 INFO [main] org.apache.catalina.core.AprLifecycleListener.lifecycleEvent APR capabilities: IPv6 [true], sendfile [true], accept filters [false], random [true], UDS [true].
02-Oct-2026 12:51:07.763 INFO [main] org.apache.catalina.core.AprLifecycleListener.lifecycleEvent APR/OpenSSL configuration: useAprConnector [false], useOpenSSL [true]
02-Oct-2026 12:51:07.771 INFO [main] org.apache.catalina.core.AprLifecycleListener.initializeSSL OpenSSL successfully initialized [OpenSSL 3.0.2 15 Mar 2022]
02-Oct-2026 12:51:08.924 INFO [main] org.apache.coyote.AbstractProtocol.init Initializing ProtocolHandler ["http-nio-8080"]
02-Oct-2026 12:51:08.976 INFO [main] org.apache.catalina.startup.Catalina.load Server initialization in [2115] milliseconds
02-Oct-2026 12:51:09.097 INFO [main] org.apache.catalina.core.StandardService.startInternal Starting service [Catalina]
02-Oct-2026 12:51:09.097 INFO [main] org.apache.catalina.core.StandardEngine.startInternal Starting Servlet engine: [Apache Tomcat/9.0.117]
02-Oct-2026 12:51:09.113 INFO [main] org.apache.catalina.startup.HostConfig.deployDescriptor Deploying deployment descriptor [/usr/local/tomcat/conf/Catalina/localhost/ROOT.xml]
02-Oct-2026 12:51:13.399 INFO [main] org.apache.jasper.servlet.TldScanner.scanJars At least one JAR was scanned for TLDs yet contained no TLDs. Enable debug logging for this logger for a complete list of JARs that were scanned but no TLDs were found in them. Skipping unneeded JARs during scanning can improve startup time and JSP compilation time.
02-Oct-2026 12:51:16.269 INFO [main] com.google.inject.internal.MessageProcessor.visit An exception was caught and reported. Message: org.postgresql.util.PSQLException: FATAL: the database system is shutting down
	java.lang.RuntimeException: org.postgresql.util.PSQLException: FATAL: the database system is shutting down
		at com.hmdm.guice.module.AbstractLiquibaseModule.getConnection(AbstractLiquibaseModule.java:130)
		at com.hmdm.guice.module.AbstractLiquibaseModule.configure(AbstractLiquibaseModule.java:70)
		at com.google.inject.AbstractModule.configure(AbstractModule.java:61)
		at com.google.inject.spi.Elements$RecordingBinder.install(Elements.java:344)
		at com.google.inject.spi.Elements.getElements(Elements.java:103)
		at com.google.inject.internal.InjectorShell$Builder.build(InjectorShell.java:137)
		at com.google.inject.internal.InternalInjectorCreator.build(InternalInjectorCreator.java:103)
		at com.google.inject.Guice.createInjector(Guice.java:87)
		at com.hmdm.guice.Initializer.getInjector(Initializer.java:62)
		at com.google.inject.servlet.GuiceServletContextListener.contextInitialized(GuiceServletContextListener.java:45)
		at com.hmdm.guice.Initializer.contextInitialized(Initializer.java:126)
		at org.apache.catalina.core.StandardContext.listenerStart(StandardContext.java:4047)
		at org.apache.catalina.core.StandardContext.startInternal(StandardContext.java:4489)
		at org.apache.catalina.util.LifecycleBase.start(LifecycleBase.java:164)
		at org.apache.catalina.core.ContainerBase.addChildInternal(ContainerBase.java:597)
		at org.apache.catalina.core.ContainerBase.addChild(ContainerBase.java:569)
		at org.apache.catalina.core.StandardHost.addChild(StandardHost.java:608)
		at org.apache.catalina.startup.HostConfig.deployDescriptor(HostConfig.java:677)
		at org.apache.catalina.startup.HostConfig$DeployDescriptor.run(HostConfig.java:1836)
		at java.base/java.util.concurrent.Executors$RunnableAdapter.call(Executors.java:515)
		at java.base/java.util.concurrent.FutureTask.run(FutureTask.java:264)
		at org.apache.tomcat.util.threads.InlineExecutorService.execute(InlineExecutorService.java:82)
		at java.base/java.util.concurrent.AbstractExecutorService.submit(AbstractExecutorService.java:118)
		at org.apache.catalina.startup.HostConfig.deployDescriptors(HostConfig.java:572)
		at org.apache.catalina.startup.HostConfig.deployApps(HostConfig.java:463)
		at org.apache.catalina.startup.HostConfig.start(HostConfig.java:1576)
		at org.apache.catalina.startup.HostConfig.lifecycleEvent(HostConfig.java:309)
		at org.apache.catalina.util.LifecycleBase.fireLifecycleEvent(LifecycleBase.java:109)
		at org.apache.catalina.util.LifecycleBase.setStateInternal(LifecycleBase.java:389)
		at org.apache.catalina.util.LifecycleBase.setState(LifecycleBase.java:336)
		at org.apache.catalina.core.ContainerBase.startInternal(ContainerBase.java:774)
		at org.apache.catalina.core.StandardHost.startInternal(StandardHost.java:726)
		at org.apache.catalina.util.LifecycleBase.start(LifecycleBase.java:164)
		at org.apache.catalina.core.ContainerBase$StartChild.call(ContainerBase.java:1201)
		at org.apache.catalina.core.ContainerBase$StartChild.call(ContainerBase.java:1191)
		at java.base/java.util.concurrent.FutureTask.run(FutureTask.java:264)
		at org.apache.tomcat.util.threads.InlineExecutorService.execute(InlineExecutorService.java:82)
		at java.base/java.util.concurrent.AbstractExecutorService.submit(AbstractExecutorService.java:140)
		at org.apache.catalina.core.ContainerBase.startInternal(ContainerBase.java:747)
		at org.apache.catalina.core.StandardEngine.startInternal(StandardEngine.java:209)
		at org.apache.catalina.util.LifecycleBase.start(LifecycleBase.java:164)
		at org.apache.catalina.core.StandardService.startInternal(StandardService.java:410)
		at org.apache.catalina.util.LifecycleBase.start(LifecycleBase.java:164)
		at org.apache.catalina.core.StandardServer.startInternal(StandardServer.java:872)
		at org.apache.catalina.util.LifecycleBase.start(LifecycleBase.java:164)
		at org.apache.catalina.startup.Catalina.start(Catalina.java:736)
		at java.base/jdk.internal.reflect.NativeMethodAccessorImpl.invoke0(Native Method)
		at java.base/jdk.internal.reflect.NativeMethodAccessorImpl.invoke(NativeMethodAccessorImpl.java:62)
		at java.base/jdk.internal.reflect.DelegatingMethodAccessorImpl.invoke(DelegatingMethodAccessorImpl.java:43)
		at java.base/java.lang.reflect.Method.invoke(Method.java:566)
		at org.apache.catalina.startup.Bootstrap.start(Bootstrap.java:342)
		at org.apache.catalina.startup.Bootstrap.main(Bootstrap.java:473)
	Caused by: org.postgresql.util.PSQLException: FATAL: the database system is shutting down
		at org.postgresql.core.v3.ConnectionFactoryImpl.doAuthentication(ConnectionFactoryImpl.java:646)
		at org.postgresql.core.v3.ConnectionFactoryImpl.tryConnect(ConnectionFactoryImpl.java:180)
		at org.postgresql.core.v3.ConnectionFactoryImpl.openConnectionImpl(ConnectionFactoryImpl.java:235)
		at org.postgresql.core.ConnectionFactory.openConnection(ConnectionFactory.java:49)
		at org.postgresql.jdbc.PgConnection.<init>(PgConnection.java:223)
		at org.postgresql.Driver.makeConnection(Driver.java:400)
		at org.postgresql.Driver.connect(Driver.java:259)
		at java.sql/java.sql.DriverManager.getConnection(DriverManager.java:677)
		at java.sql/java.sql.DriverManager.getConnection(DriverManager.java:228)
		at com.hmdm.guice.module.AbstractLiquibaseModule.getConnection(AbstractLiquibaseModule.java:123)
		... 51 more
02-Oct-2026 12:51:16.276 INFO [main] com.google.inject.internal.MessageProcessor.visit An exception was caught and reported. Message: org.postgresql.util.PSQLException: FATAL: the database system is shutting down
	java.lang.RuntimeException: org.postgresql.util.PSQLException: FATAL: the database system is shutting down
		at com.hmdm.guice.module.AbstractLiquibaseModule.getConnection(AbstractLiquibaseModule.java:130)
		at com.hmdm.guice.module.AbstractLiquibaseModule.configure(AbstractLiquibaseModule.java:70)
		at com.google.inject.AbstractModule.configure(AbstractModule.java:61)
		at com.google.inject.spi.Elements$RecordingBinder.install(Elements.java:344)
		at com.google.inject.spi.Elements.getElements(Elements.java:103)
		at com.google.inject.internal.InjectorShell$Builder.build(InjectorShell.java:137)
		at com.google.inject.internal.InternalInjectorCreator.build(InternalInjectorCreator.java:103)
		at com.google.inject.Guice.createInjector(Guice.java:87)
		at com.hmdm.guice.Initializer.getInjector(Initializer.java:62)
		at com.google.inject.servlet.GuiceServletContextListener.contextInitialized(GuiceServletContextListener.java:45)
		at com.hmdm.guice.Initializer.contextInitialized(Initializer.java:126)
		at org.apache.catalina.core.StandardContext.listenerStart(StandardContext.java:4047)
		at org.apache.catalina.core.StandardContext.startInternal(StandardContext.java:4489)
		at org.apache.catalina.util.LifecycleBase.start(LifecycleBase.java:164)
		at org.apache.catalina.core.ContainerBase.addChildInternal(ContainerBase.java:597)
		at org.apache.catalina.core.ContainerBase.addChild(ContainerBase.java:569)
		at org.apache.catalina.core.StandardHost.addChild(StandardHost.java:608)
		at org.apache.catalina.startup.HostConfig.deployDescriptor(HostConfig.java:677)
		at org.apache.catalina.startup.HostConfig$DeployDescriptor.run(HostConfig.java:1836)
		at java.base/java.util.concurrent.Executors$RunnableAdapter.call(Executors.java:515)
		at java.base/java.util.concurrent.FutureTask.run(FutureTask.java:264)
		at org.apache.tomcat.util.threads.InlineExecutorService.execute(InlineExecutorService.java:82)
		at java.base/java.util.concurrent.AbstractExecutorService.submit(AbstractExecutorService.java:118)
		at org.apache.catalina.startup.HostConfig.deployDescriptors(HostConfig.java:572)
		at org.apache.catalina.startup.HostConfig.deployApps(HostConfig.java:463)
		at org.apache.catalina.startup.HostConfig.start(HostConfig.java:1576)
		at org.apache.catalina.startup.HostConfig.lifecycleEvent(HostConfig.java:309)
		at org.apache.catalina.util.LifecycleBase.fireLifecycleEvent(LifecycleBase.java:109)
		at org.apache.catalina.util.LifecycleBase.setStateInternal(LifecycleBase.java:389)
		at org.apache.catalina.util.LifecycleBase.setState(LifecycleBase.java:336)
		at org.apache.catalina.core.ContainerBase.startInternal(ContainerBase.java:774)
		at org.apache.catalina.core.StandardHost.startInternal(StandardHost.java:726)
		at org.apache.catalina.util.LifecycleBase.start(LifecycleBase.java:164)
		at org.apache.catalina.core.ContainerBase$StartChild.call(ContainerBase.java:1201)
		at org.apache.catalina.core.ContainerBase$StartChild.call(ContainerBase.java:1191)
		at java.base/java.util.concurrent.FutureTask.run(FutureTask.java:264)
		at org.apache.tomcat.util.threads.InlineExecutorService.execute(InlineExecutorService.java:82)
		at java.base/java.util.concurrent.AbstractExecutorService.submit(AbstractExecutorService.java:140)
		at org.apache.catalina.core.ContainerBase.startInternal(ContainerBase.java:747)
		at org.apache.catalina.core.StandardEngine.startInternal(StandardEngine.java:209)
		at org.apache.catalina.util.LifecycleBase.start(LifecycleBase.java:164)
		at org.apache.catalina.core.StandardService.startInternal(StandardService.java:410)
		at org.apache.catalina.util.LifecycleBase.start(LifecycleBase.java:164)
		at org.apache.catalina.core.StandardServer.startInternal(StandardServer.java:872)
		at org.apache.catalina.util.LifecycleBase.start(LifecycleBase.java:164)
		at org.apache.catalina.startup.Catalina.start(Catalina.java:736)
		at java.base/jdk.internal.reflect.NativeMethodAccessorImpl.invoke0(Native Method)
		at java.base/jdk.internal.reflect.NativeMethodAccessorImpl.invoke(NativeMethodAccessorImpl.java:62)
		at java.base/jdk.internal.reflect.DelegatingMethodAccessorImpl.invoke(DelegatingMethodAccessorImpl.java:43)
		at java.base/java.lang.reflect.Method.invoke(Method.java:566)
		at org.apache.catalina.startup.Bootstrap.start(Bootstrap.java:342)
		at org.apache.catalina.startup.Bootstrap.main(Bootstrap.java:473)
	Caused by: org.postgresql.util.PSQLException: FATAL: the database system is shutting down
		at org.postgresql.core.v3.ConnectionFactoryImpl.doAuthentication(ConnectionFactoryImpl.java:646)
		at org.postgresql.core.v3.ConnectionFactoryImpl.tryConnect(ConnectionFactoryImpl.java:180)
		at org.postgresql.core.v3.ConnectionFactoryImpl.openConnectionImpl(ConnectionFactoryImpl.java:235)
		at org.postgresql.core.ConnectionFactory.openConnection(ConnectionFactory.java:49)
		at org.postgresql.jdbc.PgConnection.<init>(PgConnection.java:223)
		at org.postgresql.Driver.makeConnection(Driver.java:400)
		at org.postgresql.Driver.connect(Driver.java:259)
		at java.sql/java.sql.DriverManager.getConnection(DriverManager.java:677)
		at java.sql/java.sql.DriverManager.getConnection(DriverManager.java:228)
		at com.hmdm.guice.module.AbstractLiquibaseModule.getConnection(AbstractLiquibaseModule.java:123)
		... 51 more
02-Oct-2026 12:51:16.278 INFO [main] com.google.inject.internal.MessageProcessor.visit An exception was caught and reported. Message: org.postgresql.util.PSQLException: FATAL: the database system is shutting down
	java.lang.RuntimeException: org.postgresql.util.PSQLException: FATAL: the database system is shutting down
		at com.hmdm.guice.module.AbstractLiquibaseModule.getConnection(AbstractLiquibaseModule.java:130)
		at com.hmdm.guice.module.AbstractLiquibaseModule.configure(AbstractLiquibaseModule.java:70)
		at com.google.inject.AbstractModule.configure(AbstractModule.java:61)
		at com.google.inject.spi.Elements$RecordingBinder.install(Elements.java:344)
		at com.google.inject.spi.Elements.getElements(Elements.java:103)
		at com.google.inject.internal.InjectorShell$Builder.build(InjectorShell.java:137)
		at com.google.inject.internal.InternalInjectorCreator.build(InternalInjectorCreator.java:103)
		at com.google.inject.Guice.createInjector(Guice.java:87)
		at com.hmdm.guice.Initializer.getInjector(Initializer.java:62)
		at com.google.inject.servlet.GuiceServletContextListener.contextInitialized(GuiceServletContextListener.java:45)
		at com.hmdm.guice.Initializer.contextInitialized(Initializer.java:126)
		at org.apache.catalina.core.StandardContext.listenerStart(StandardContext.java:4047)
		at org.apache.catalina.core.StandardContext.startInternal(StandardContext.java:4489)
		at org.apache.catalina.util.LifecycleBase.start(LifecycleBase.java:164)
		at org.apache.catalina.core.ContainerBase.addChildInternal(ContainerBase.java:597)
		at org.apache.catalina.core.ContainerBase.addChild(ContainerBase.java:569)
		at org.apache.catalina.core.StandardHost.addChild(StandardHost.java:608)
		at org.apache.catalina.startup.HostConfig.deployDescriptor(HostConfig.java:677)
		at org.apache.catalina.startup.HostConfig$DeployDescriptor.run(HostConfig.java:1836)
		at java.base/java.util.concurrent.Executors$RunnableAdapter.call(Executors.java:515)
		at java.base/java.util.concurrent.FutureTask.run(FutureTask.java:264)
		at org.apache.tomcat.util.threads.InlineExecutorService.execute(InlineExecutorService.java:82)
		at java.base/java.util.concurrent.AbstractExecutorService.submit(AbstractExecutorService.java:118)
		at org.apache.catalina.startup.HostConfig.deployDescriptors(HostConfig.java:572)
		at org.apache.catalina.startup.HostConfig.deployApps(HostConfig.java:463)
		at org.apache.catalina.startup.HostConfig.start(HostConfig.java:1576)
		at org.apache.catalina.startup.HostConfig.lifecycleEvent(HostConfig.java:309)
		at org.apache.catalina.util.LifecycleBase.fireLifecycleEvent(LifecycleBase.java:109)
		at org.apache.catalina.util.LifecycleBase.setStateInternal(LifecycleBase.java:389)
		at org.apache.catalina.util.LifecycleBase.setState(LifecycleBase.java:336)
		at org.apache.catalina.core.ContainerBase.startInternal(ContainerBase.java:774)
		at org.apache.catalina.core.StandardHost.startInternal(StandardHost.java:726)
		at org.apache.catalina.util.LifecycleBase.start(LifecycleBase.java:164)
		at org.apache.catalina.core.ContainerBase$StartChild.call(ContainerBase.java:1201)
		at org.apache.catalina.core.ContainerBase$StartChild.call(ContainerBase.java:1191)
		at java.base/java.util.concurrent.FutureTask.run(FutureTask.java:264)
		at org.apache.tomcat.util.threads.InlineExecutorService.execute(InlineExecutorService.java:82)
		at java.base/java.util.concurrent.AbstractExecutorService.submit(AbstractExecutorService.java:140)
		at org.apache.catalina.core.ContainerBase.startInternal(ContainerBase.java:747)
		at org.apache.catalina.core.StandardEngine.startInternal(StandardEngine.java:209)
		at org.apache.catalina.util.LifecycleBase.start(LifecycleBase.java:164)
		at org.apache.catalina.core.StandardService.startInternal(StandardService.java:410)
		at org.apache.catalina.util.LifecycleBase.start(LifecycleBase.java:164)
		at org.apache.catalina.core.StandardServer.startInternal(StandardServer.java:872)
		at org.apache.catalina.util.LifecycleBase.start(LifecycleBase.java:164)
		at org.apache.catalina.startup.Catalina.start(Catalina.java:736)
		at java.base/jdk.internal.reflect.NativeMethodAccessorImpl.invoke0(Native Method)
		at java.base/jdk.internal.reflect.NativeMethodAccessorImpl.invoke(NativeMethodAccessorImpl.java:62)
		at java.base/jdk.internal.reflect.DelegatingMethodAccessorImpl.invoke(DelegatingMethodAccessorImpl.java:43)
		at java.base/java.lang.reflect.Method.invoke(Method.java:566)
		at org.apache.catalina.startup.Bootstrap.start(Bootstrap.java:342)
		at org.apache.catalina.startup.Bootstrap.main(Bootstrap.java:473)
	Caused by: org.postgresql.util.PSQLException: FATAL: the database system is shutting down
		at org.postgresql.core.v3.ConnectionFactoryImpl.doAuthentication(ConnectionFactoryImpl.java:646)
		at org.postgresql.core.v3.ConnectionFactoryImpl.tryConnect(ConnectionFactoryImpl.java:180)
		at org.postgresql.core.v3.ConnectionFactoryImpl.openConnectionImpl(ConnectionFactoryImpl.java:235)
		at org.postgresql.core.ConnectionFactory.openConnection(ConnectionFactory.java:49)
		at org.postgresql.jdbc.PgConnection.<init>(PgConnection.java:223)
		at org.postgresql.Driver.makeConnection(Driver.java:400)
		at org.postgresql.Driver.connect(Driver.java:259)
		at java.sql/java.sql.DriverManager.getConnection(DriverManager.java:677)
		at java.sql/java.sql.DriverManager.getConnection(DriverManager.java:228)
		at com.hmdm.guice.module.AbstractLiquibaseModule.getConnection(AbstractLiquibaseModule.java:123)
		... 51 more
02-Oct-2026 12:51:16.283 INFO [main] com.google.inject.internal.MessageProcessor.visit An exception was caught and reported. Message: org.postgresql.util.PSQLException: FATAL: the database system is shutting down
	java.lang.RuntimeException: org.postgresql.util.PSQLException: FATAL: the database system is shutting down
		at com.hmdm.guice.module.AbstractLiquibaseModule.getConnection(AbstractLiquibaseModule.java:130)
		at com.hmdm.guice.module.AbstractLiquibaseModule.configure(AbstractLiquibaseModule.java:70)
		at com.google.inject.AbstractModule.configure(AbstractModule.java:61)
		at com.google.inject.spi.Elements$RecordingBinder.install(Elements.java:344)
		at com.google.inject.spi.Elements.getElements(Elements.java:103)
		at com.google.inject.internal.InjectorShell$Builder.build(InjectorShell.java:137)
		at com.google.inject.internal.InternalInjectorCreator.build(InternalInjectorCreator.java:103)
		at com.google.inject.Guice.createInjector(Guice.java:87)
		at com.hmdm.guice.Initializer.getInjector(Initializer.java:62)
		at com.google.inject.servlet.GuiceServletContextListener.contextInitialized(GuiceServletContextListener.java:45)
		at com.hmdm.guice.Initializer.contextInitialized(Initializer.java:126)
		at org.apache.catalina.core.StandardContext.listenerStart(StandardContext.java:4047)
		at org.apache.catalina.core.StandardContext.startInternal(StandardContext.java:4489)
		at org.apache.catalina.util.LifecycleBase.start(LifecycleBase.java:164)
		at org.apache.catalina.core.ContainerBase.addChildInternal(ContainerBase.java:597)
		at org.apache.catalina.core.ContainerBase.addChild(ContainerBase.java:569)
		at org.apache.catalina.core.StandardHost.addChild(StandardHost.java:608)
		at org.apache.catalina.startup.HostConfig.deployDescriptor(HostConfig.java:677)
		at org.apache.catalina.startup.HostConfig$DeployDescriptor.run(HostConfig.java:1836)
		at java.base/java.util.concurrent.Executors$RunnableAdapter.call(Executors.java:515)
		at java.base/java.util.concurrent.FutureTask.run(FutureTask.java:264)
		at org.apache.tomcat.util.threads.InlineExecutorService.execute(InlineExecutorService.java:82)
		at java.base/java.util.concurrent.AbstractExecutorService.submit(AbstractExecutorService.java:118)
		at org.apache.catalina.startup.HostConfig.deployDescriptors(HostConfig.java:572)
		at org.apache.catalina.startup.HostConfig.deployApps(HostConfig.java:463)
		at org.apache.catalina.startup.HostConfig.start(HostConfig.java:1576)
		at org.apache.catalina.startup.HostConfig.lifecycleEvent(HostConfig.java:309)
		at org.apache.catalina.util.LifecycleBase.fireLifecycleEvent(LifecycleBase.java:109)
		at org.apache.catalina.util.LifecycleBase.setStateInternal(LifecycleBase.java:389)
		at org.apache.catalina.util.LifecycleBase.setState(LifecycleBase.java:336)
		at org.apache.catalina.core.ContainerBase.startInternal(ContainerBase.java:774)
		at org.apache.catalina.core.StandardHost.startInternal(StandardHost.java:726)
		at org.apache.catalina.util.LifecycleBase.start(LifecycleBase.java:164)
		at org.apache.catalina.core.ContainerBase$StartChild.call(ContainerBase.java:1201)
		at org.apache.catalina.core.ContainerBase$StartChild.call(ContainerBase.java:1191)
		at java.base/java.util.concurrent.FutureTask.run(FutureTask.java:264)
		at org.apache.tomcat.util.threads.InlineExecutorService.execute(InlineExecutorService.java:82)
		at java.base/java.util.concurrent.AbstractExecutorService.submit(AbstractExecutorService.java:140)
		at org.apache.catalina.core.ContainerBase.startInternal(ContainerBase.java:747)
		at org.apache.catalina.core.StandardEngine.startInternal(StandardEngine.java:209)
		at org.apache.catalina.util.LifecycleBase.start(LifecycleBase.java:164)
		at org.apache.catalina.core.StandardService.startInternal(StandardService.java:410)
		at org.apache.catalina.util.LifecycleBase.start(LifecycleBase.java:164)
		at org.apache.catalina.core.StandardServer.startInternal(StandardServer.java:872)
		at org.apache.catalina.util.LifecycleBase.start(LifecycleBase.java:164)
		at org.apache.catalina.startup.Catalina.start(Catalina.java:736)
		at java.base/jdk.internal.reflect.NativeMethodAccessorImpl.invoke0(Native Method)
		at java.base/jdk.internal.reflect.NativeMethodAccessorImpl.invoke(NativeMethodAccessorImpl.java:62)
		at java.base/jdk.internal.reflect.DelegatingMethodAccessorImpl.invoke(DelegatingMethodAccessorImpl.java:43)
		at java.base/java.lang.reflect.Method.invoke(Method.java:566)
		at org.apache.catalina.startup.Bootstrap.start(Bootstrap.java:342)
		at org.apache.catalina.startup.Bootstrap.main(Bootstrap.java:473)
	Caused by: org.postgresql.util.PSQLException: FATAL: the database system is shutting down
		at org.postgresql.core.v3.ConnectionFactoryImpl.doAuthentication(ConnectionFactoryImpl.java:646)
		at org.postgresql.core.v3.ConnectionFactoryImpl.tryConnect(ConnectionFactoryImpl.java:180)
		at org.postgresql.core.v3.ConnectionFactoryImpl.openConnectionImpl(ConnectionFactoryImpl.java:235)
		at org.postgresql.core.ConnectionFactory.openConnection(ConnectionFactory.java:49)
		at org.postgresql.jdbc.PgConnection.<init>(PgConnection.java:223)
		at org.postgresql.Driver.makeConnection(Driver.java:400)
		at org.postgresql.Driver.connect(Driver.java:259)
		at java.sql/java.sql.DriverManager.getConnection(DriverManager.java:677)
		at java.sql/java.sql.DriverManager.getConnection(DriverManager.java:228)
		at com.hmdm.guice.module.AbstractLiquibaseModule.getConnection(AbstractLiquibaseModule.java:123)
		... 51 more
02-Oct-2026 12:51:16.285 INFO [main] com.google.inject.internal.MessageProcessor.visit An exception was caught and reported. Message: org.postgresql.util.PSQLException: FATAL: the database system is shutting down
	java.lang.RuntimeException: org.postgresql.util.PSQLException: FATAL: the database system is shutting down
		at com.hmdm.guice.module.AbstractLiquibaseModule.getConnection(AbstractLiquibaseModule.java:130)
		at com.hmdm.guice.module.AbstractLiquibaseModule.configure(AbstractLiquibaseModule.java:70)
		at com.google.inject.AbstractModule.configure(AbstractModule.java:61)
		at com.google.inject.spi.Elements$RecordingBinder.install(Elements.java:344)
		at com.google.inject.spi.Elements.getElements(Elements.java:103)
		at com.google.inject.internal.InjectorShell$Builder.build(InjectorShell.java:137)
		at com.google.inject.internal.InternalInjectorCreator.build(InternalInjectorCreator.java:103)
		at com.google.inject.Guice.createInjector(Guice.java:87)
		at com.hmdm.guice.Initializer.getInjector(Initializer.java:62)
		at com.google.inject.servlet.GuiceServletContextListener.contextInitialized(GuiceServletContextListener.java:45)
		at com.hmdm.guice.Initializer.contextInitialized(Initializer.java:126)
		at org.apache.catalina.core.StandardContext.listenerStart(StandardContext.java:4047)
		at org.apache.catalina.core.StandardContext.startInternal(StandardContext.java:4489)
		at org.apache.catalina.util.LifecycleBase.start(LifecycleBase.java:164)
		at org.apache.catalina.core.ContainerBase.addChildInternal(ContainerBase.java:597)
		at org.apache.catalina.core.ContainerBase.addChild(ContainerBase.java:569)
		at org.apache.catalina.core.StandardHost.addChild(StandardHost.java:608)
		at org.apache.catalina.startup.HostConfig.deployDescriptor(HostConfig.java:677)
		at org.apache.catalina.startup.HostConfig$DeployDescriptor.run(HostConfig.java:1836)
		at java.base/java.util.concurrent.Executors$RunnableAdapter.call(Executors.java:515)
		at java.base/java.util.concurrent.FutureTask.run(FutureTask.java:264)
		at org.apache.tomcat.util.threads.InlineExecutorService.execute(InlineExecutorService.java:82)
		at java.base/java.util.concurrent.AbstractExecutorService.submit(AbstractExecutorService.java:118)
		at org.apache.catalina.startup.HostConfig.deployDescriptors(HostConfig.java:572)
		at org.apache.catalina.startup.HostConfig.deployApps(HostConfig.java:463)
		at org.apache.catalina.startup.HostConfig.start(HostConfig.java:1576)
		at org.apache.catalina.startup.HostConfig.lifecycleEvent(HostConfig.java:309)
		at org.apache.catalina.util.LifecycleBase.fireLifecycleEvent(LifecycleBase.java:109)
		at org.apache.catalina.util.LifecycleBase.setStateInternal(LifecycleBase.java:389)
		at org.apache.catalina.util.LifecycleBase.setState(LifecycleBase.java:336)
		at org.apache.catalina.core.ContainerBase.startInternal(ContainerBase.java:774)
		at org.apache.catalina.core.StandardHost.startInternal(StandardHost.java:726)
		at org.apache.catalina.util.LifecycleBase.start(LifecycleBase.java:164)
		at org.apache.catalina.core.ContainerBase$StartChild.call(ContainerBase.java:1201)
		at org.apache.catalina.core.ContainerBase$StartChild.call(ContainerBase.java:1191)
		at java.base/java.util.concurrent.FutureTask.run(FutureTask.java:264)
		at org.apache.tomcat.util.threads.InlineExecutorService.execute(InlineExecutorService.java:82)
		at java.base/java.util.concurrent.AbstractExecutorService.submit(AbstractExecutorService.java:140)
		at org.apache.catalina.core.ContainerBase.startInternal(ContainerBase.java:747)
		at org.apache.catalina.core.StandardEngine.startInternal(StandardEngine.java:209)
		at org.apache.catalina.util.LifecycleBase.start(LifecycleBase.java:164)
		at org.apache.catalina.core.StandardService.startInternal(StandardService.java:410)
		at org.apache.catalina.util.LifecycleBase.start(LifecycleBase.java:164)
		at org.apache.catalina.core.StandardServer.startInternal(StandardServer.java:872)
		at org.apache.catalina.util.LifecycleBase.start(LifecycleBase.java:164)
		at org.apache.catalina.startup.Catalina.start(Catalina.java:736)
		at java.base/jdk.internal.reflect.NativeMethodAccessorImpl.invoke0(Native Method)
		at java.base/jdk.internal.reflect.NativeMethodAccessorImpl.invoke(NativeMethodAccessorImpl.java:62)
		at java.base/jdk.internal.reflect.DelegatingMethodAccessorImpl.invoke(DelegatingMethodAccessorImpl.java:43)
		at java.base/java.lang.reflect.Method.invoke(Method.java:566)
		at org.apache.catalina.startup.Bootstrap.start(Bootstrap.java:342)
		at org.apache.catalina.startup.Bootstrap.main(Bootstrap.java:473)
	Caused by: org.postgresql.util.PSQLException: FATAL: the database system is shutting down
		at org.postgresql.core.v3.ConnectionFactoryImpl.doAuthentication(ConnectionFactoryImpl.java:646)
		at org.postgresql.core.v3.ConnectionFactoryImpl.tryConnect(ConnectionFactoryImpl.java:180)
		at org.postgresql.core.v3.ConnectionFactoryImpl.openConnectionImpl(ConnectionFactoryImpl.java:235)
		at org.postgresql.core.ConnectionFactory.openConnection(ConnectionFactory.java:49)
		at org.postgresql.jdbc.PgConnection.<init>(PgConnection.java:223)
		at org.postgresql.Driver.makeConnection(Driver.java:400)
		at org.postgresql.Driver.connect(Driver.java:259)
		at java.sql/java.sql.DriverManager.getConnection(DriverManager.java:677)
		at java.sql/java.sql.DriverManager.getConnection(DriverManager.java:228)
		at com.hmdm.guice.module.AbstractLiquibaseModule.getConnection(AbstractLiquibaseModule.java:123)
		... 51 more
02-Oct-2026 12:51:16.288 INFO [main] com.google.inject.internal.MessageProcessor.visit An exception was caught and reported. Message: org.postgresql.util.PSQLException: FATAL: the database system is shutting down
	java.lang.RuntimeException: org.postgresql.util.PSQLException: FATAL: the database system is shutting down
		at com.hmdm.guice.module.AbstractLiquibaseModule.getConnection(AbstractLiquibaseModule.java:130)
		at com.hmdm.guice.module.AbstractLiquibaseModule.configure(AbstractLiquibaseModule.java:70)
		at com.google.inject.AbstractModule.configure(AbstractModule.java:61)
		at com.google.inject.spi.Elements$RecordingBinder.install(Elements.java:344)
		at com.google.inject.spi.Elements.getElements(Elements.java:103)
		at com.google.inject.internal.InjectorShell$Builder.build(InjectorShell.java:137)
		at com.google.inject.internal.InternalInjectorCreator.build(InternalInjectorCreator.java:103)
		at com.google.inject.Guice.createInjector(Guice.java:87)
		at com.hmdm.guice.Initializer.getInjector(Initializer.java:62)
		at com.google.inject.servlet.GuiceServletContextListener.contextInitialized(GuiceServletContextListener.java:45)
		at com.hmdm.guice.Initializer.contextInitialized(Initializer.java:126)
		at org.apache.catalina.core.StandardContext.listenerStart(StandardContext.java:4047)
		at org.apache.catalina.core.StandardContext.startInternal(StandardContext.java:4489)
		at org.apache.catalina.util.LifecycleBase.start(LifecycleBase.java:164)
		at org.apache.catalina.core.ContainerBase.addChildInternal(ContainerBase.java:597)
		at org.apache.catalina.core.ContainerBase.addChild(ContainerBase.java:569)
		at org.apache.catalina.core.StandardHost.addChild(StandardHost.java:608)
		at org.apache.catalina.startup.HostConfig.deployDescriptor(HostConfig.java:677)
		at org.apache.catalina.startup.HostConfig$DeployDescriptor.run(HostConfig.java:1836)
		at java.base/java.util.concurrent.Executors$RunnableAdapter.call(Executors.java:515)
		at java.base/java.util.concurrent.FutureTask.run(FutureTask.java:264)
		at org.apache.tomcat.util.threads.InlineExecutorService.execute(InlineExecutorService.java:82)
		at java.base/java.util.concurrent.AbstractExecutorService.submit(AbstractExecutorService.java:118)
		at org.apache.catalina.startup.HostConfig.deployDescriptors(HostConfig.java:572)
		at org.apache.catalina.startup.HostConfig.deployApps(HostConfig.java:463)
		at org.apache.catalina.startup.HostConfig.start(HostConfig.java:1576)
		at org.apache.catalina.startup.HostConfig.lifecycleEvent(HostConfig.java:309)
		at org.apache.catalina.util.LifecycleBase.fireLifecycleEvent(LifecycleBase.java:109)
		at org.apache.catalina.util.LifecycleBase.setStateInternal(LifecycleBase.java:389)
		at org.apache.catalina.util.LifecycleBase.setState(LifecycleBase.java:336)
		at org.apache.catalina.core.ContainerBase.startInternal(ContainerBase.java:774)
		at org.apache.catalina.core.StandardHost.startInternal(StandardHost.java:726)
		at org.apache.catalina.util.LifecycleBase.start(LifecycleBase.java:164)
		at org.apache.catalina.core.ContainerBase$StartChild.call(ContainerBase.java:1201)
		at org.apache.catalina.core.ContainerBase$StartChild.call(ContainerBase.java:1191)
		at java.base/java.util.concurrent.FutureTask.run(FutureTask.java:264)
		at org.apache.tomcat.util.threads.InlineExecutorService.execute(InlineExecutorService.java:82)
		at java.base/java.util.concurrent.AbstractExecutorService.submit(AbstractExecutorService.java:140)
		at org.apache.catalina.core.ContainerBase.startInternal(ContainerBase.java:747)
		at org.apache.catalina.core.StandardEngine.startInternal(StandardEngine.java:209)
		at org.apache.catalina.util.LifecycleBase.start(LifecycleBase.java:164)
		at org.apache.catalina.core.StandardService.startInternal(StandardService.java:410)
		at org.apache.catalina.util.LifecycleBase.start(LifecycleBase.java:164)
		at org.apache.catalina.core.StandardServer.startInternal(StandardServer.java:872)
		at org.apache.catalina.util.LifecycleBase.start(LifecycleBase.java:164)
		at org.apache.catalina.startup.Catalina.start(Catalina.java:736)
		at java.base/jdk.internal.reflect.NativeMethodAccessorImpl.invoke0(Native Method)
		at java.base/jdk.internal.reflect.NativeMethodAccessorImpl.invoke(NativeMethodAccessorImpl.java:62)
		at java.base/jdk.internal.reflect.DelegatingMethodAccessorImpl.invoke(DelegatingMethodAccessorImpl.java:43)
		at java.base/java.lang.reflect.Method.invoke(Method.java:566)
		at org.apache.catalina.startup.Bootstrap.start(Bootstrap.java:342)
		at org.apache.catalina.startup.Bootstrap.main(Bootstrap.java:473)
	Caused by: org.postgresql.util.PSQLException: FATAL: the database system is shutting down
		at org.postgresql.core.v3.ConnectionFactoryImpl.doAuthentication(ConnectionFactoryImpl.java:646)
		at org.postgresql.core.v3.ConnectionFactoryImpl.tryConnect(ConnectionFactoryImpl.java:180)
		at org.postgresql.core.v3.ConnectionFactoryImpl.openConnectionImpl(ConnectionFactoryImpl.java:235)
		at org.postgresql.core.ConnectionFactory.openConnection(ConnectionFactory.java:49)
		at org.postgresql.jdbc.PgConnection.<init>(PgConnection.java:223)
		at org.postgresql.Driver.makeConnection(Driver.java:400)
		at org.postgresql.Driver.connect(Driver.java:259)
		at java.sql/java.sql.DriverManager.getConnection(DriverManager.java:677)
		at java.sql/java.sql.DriverManager.getConnection(DriverManager.java:228)
		at com.hmdm.guice.module.AbstractLiquibaseModule.getConnection(AbstractLiquibaseModule.java:123)
		... 51 more
02-Oct-2026 12:51:16.290 INFO [main] com.google.inject.internal.MessageProcessor.visit An exception was caught and reported. Message: org.postgresql.util.PSQLException: FATAL: the database system is shutting down
	java.lang.RuntimeException: org.postgresql.util.PSQLException: FATAL: the database system is shutting down
		at com.hmdm.guice.module.AbstractLiquibaseModule.getConnection(AbstractLiquibaseModule.java:130)
		at com.hmdm.guice.module.AbstractLiquibaseModule.configure(AbstractLiquibaseModule.java:70)
		at com.google.inject.AbstractModule.configure(AbstractModule.java:61)
		at com.google.inject.spi.Elements$RecordingBinder.install(Elements.java:344)
		at com.google.inject.spi.Elements.getElements(Elements.java:103)
		at com.google.inject.internal.InjectorShell$Builder.build(InjectorShell.java:137)
		at com.google.inject.internal.InternalInjectorCreator.build(InternalInjectorCreator.java:103)
		at com.google.inject.Guice.createInjector(Guice.java:87)
		at com.hmdm.guice.Initializer.getInjector(Initializer.java:62)
		at com.google.inject.servlet.GuiceServletContextListener.contextInitialized(GuiceServletContextListener.java:45)
		at com.hmdm.guice.Initializer.contextInitialized(Initializer.java:126)
		at org.apache.catalina.core.StandardContext.listenerStart(StandardContext.java:4047)
		at org.apache.catalina.core.StandardContext.startInternal(StandardContext.java:4489)
		at org.apache.catalina.util.LifecycleBase.start(LifecycleBase.java:164)
		at org.apache.catalina.core.ContainerBase.addChildInternal(ContainerBase.java:597)
		at org.apache.catalina.core.ContainerBase.addChild(ContainerBase.java:569)
		at org.apache.catalina.core.StandardHost.addChild(StandardHost.java:608)
		at org.apache.catalina.startup.HostConfig.deployDescriptor(HostConfig.java:677)
		at org.apache.catalina.startup.HostConfig$DeployDescriptor.run(HostConfig.java:1836)
		at java.base/java.util.concurrent.Executors$RunnableAdapter.call(Executors.java:515)
		at java.base/java.util.concurrent.FutureTask.run(FutureTask.java:264)
		at org.apache.tomcat.util.threads.InlineExecutorService.execute(InlineExecutorService.java:82)
		at java.base/java.util.concurrent.AbstractExecutorService.submit(AbstractExecutorService.java:118)
		at org.apache.catalina.startup.HostConfig.deployDescriptors(HostConfig.java:572)
		at org.apache.catalina.startup.HostConfig.deployApps(HostConfig.java:463)
		at org.apache.catalina.startup.HostConfig.start(HostConfig.java:1576)
		at org.apache.catalina.startup.HostConfig.lifecycleEvent(HostConfig.java:309)
		at org.apache.catalina.util.LifecycleBase.fireLifecycleEvent(LifecycleBase.java:109)
		at org.apache.catalina.util.LifecycleBase.setStateInternal(LifecycleBase.java:389)
		at org.apache.catalina.util.LifecycleBase.setState(LifecycleBase.java:336)
		at org.apache.catalina.core.ContainerBase.startInternal(ContainerBase.java:774)
		at org.apache.catalina.core.StandardHost.startInternal(StandardHost.java:726)
		at org.apache.catalina.util.LifecycleBase.start(LifecycleBase.java:164)
		at org.apache.catalina.core.ContainerBase$StartChild.call(ContainerBase.java:1201)
		at org.apache.catalina.core.ContainerBase$StartChild.call(ContainerBase.java:1191)
		at java.base/java.util.concurrent.FutureTask.run(FutureTask.java:264)
		at org.apache.tomcat.util.threads.InlineExecutorService.execute(InlineExecutorService.java:82)
		at java.base/java.util.concurrent.AbstractExecutorService.submit(AbstractExecutorService.java:140)
		at org.apache.catalina.core.ContainerBase.startInternal(ContainerBase.java:747)
		at org.apache.catalina.core.StandardEngine.startInternal(StandardEngine.java:209)
		at org.apache.catalina.util.LifecycleBase.start(LifecycleBase.java:164)
		at org.apache.catalina.core.StandardService.startInternal(StandardService.java:410)
		at org.apache.catalina.util.LifecycleBase.start(LifecycleBase.java:164)
		at org.apache.catalina.core.StandardServer.startInternal(StandardServer.java:872)
		at org.apache.catalina.util.LifecycleBase.start(LifecycleBase.java:164)
		at org.apache.catalina.startup.Catalina.start(Catalina.java:736)
		at java.base/jdk.internal.reflect.NativeMethodAccessorImpl.invoke0(Native Method)
		at java.base/jdk.internal.reflect.NativeMethodAccessorImpl.invoke(NativeMethodAccessorImpl.java:62)
		at java.base/jdk.internal.reflect.DelegatingMethodAccessorImpl.invoke(DelegatingMethodAccessorImpl.java:43)
		at java.base/java.lang.reflect.Method.invoke(Method.java:566)
		at org.apache.catalina.startup.Bootstrap.start(Bootstrap.java:342)
		at org.apache.catalina.startup.Bootstrap.main(Bootstrap.java:473)
	Caused by: org.postgresql.util.PSQLException: FATAL: the database system is shutting down
		at org.postgresql.core.v3.ConnectionFactoryImpl.doAuthentication(ConnectionFactoryImpl.java:646)
		at org.postgresql.core.v3.ConnectionFactoryImpl.tryConnect(ConnectionFactoryImpl.java:180)
		at org.postgresql.core.v3.ConnectionFactoryImpl.openConnectionImpl(ConnectionFactoryImpl.java:235)
		at org.postgresql.core.ConnectionFactory.openConnection(ConnectionFactory.java:49)
		at org.postgresql.jdbc.PgConnection.<init>(PgConnection.java:223)
		at org.postgresql.Driver.makeConnection(Driver.java:400)
		at org.postgresql.Driver.connect(Driver.java:259)
		at java.sql/java.sql.DriverManager.getConnection(DriverManager.java:677)
		at java.sql/java.sql.DriverManager.getConnection(DriverManager.java:228)
		at com.hmdm.guice.module.AbstractLiquibaseModule.getConnection(AbstractLiquibaseModule.java:123)
		... 51 more
02-Oct-2026 12:51:16.292 INFO [main] com.google.inject.internal.MessageProcessor.visit An exception was caught and reported. Message: org.postgresql.util.PSQLException: FATAL: the database system is shutting down
	java.lang.RuntimeException: org.postgresql.util.PSQLException: FATAL: the database system is shutting down
		at com.hmdm.guice.module.AbstractLiquibaseModule.getConnection(AbstractLiquibaseModule.java:130)
		at com.hmdm.guice.module.AbstractLiquibaseModule.configure(AbstractLiquibaseModule.java:70)
		at com.google.inject.AbstractModule.configure(AbstractModule.java:61)
		at com.google.inject.spi.Elements$RecordingBinder.install(Elements.java:344)
		at com.google.inject.spi.Elements.getElements(Elements.java:103)
		at com.google.inject.internal.InjectorShell$Builder.build(InjectorShell.java:137)
		at com.google.inject.internal.InternalInjectorCreator.build(InternalInjectorCreator.java:103)
		at com.google.inject.Guice.createInjector(Guice.java:87)
		at com.hmdm.guice.Initializer.getInjector(Initializer.java:62)
		at com.google.inject.servlet.GuiceServletContextListener.contextInitialized(GuiceServletContextListener.java:45)
		at com.hmdm.guice.Initializer.contextInitialized(Initializer.java:126)
		at org.apache.catalina.core.StandardContext.listenerStart(StandardContext.java:4047)
		at org.apache.catalina.core.StandardContext.startInternal(StandardContext.java:4489)
		at org.apache.catalina.util.LifecycleBase.start(LifecycleBase.java:164)
		at org.apache.catalina.core.ContainerBase.addChildInternal(ContainerBase.java:597)
		at org.apache.catalina.core.ContainerBase.addChild(ContainerBase.java:569)
		at org.apache.catalina.core.StandardHost.addChild(StandardHost.java:608)
		at org.apache.catalina.startup.HostConfig.deployDescriptor(HostConfig.java:677)
		at org.apache.catalina.startup.HostConfig$DeployDescriptor.run(HostConfig.java:1836)
		at java.base/java.util.concurrent.Executors$RunnableAdapter.call(Executors.java:515)
		at java.base/java.util.concurrent.FutureTask.run(FutureTask.java:264)
		at org.apache.tomcat.util.threads.InlineExecutorService.execute(InlineExecutorService.java:82)
		at java.base/java.util.concurrent.AbstractExecutorService.submit(AbstractExecutorService.java:118)
		at org.apache.catalina.startup.HostConfig.deployDescriptors(HostConfig.java:572)
		at org.apache.catalina.startup.HostConfig.deployApps(HostConfig.java:463)
		at org.apache.catalina.startup.HostConfig.start(HostConfig.java:1576)
		at org.apache.catalina.startup.HostConfig.lifecycleEvent(HostConfig.java:309)
		at org.apache.catalina.util.LifecycleBase.fireLifecycleEvent(LifecycleBase.java:109)
		at org.apache.catalina.util.LifecycleBase.setStateInternal(LifecycleBase.java:389)
		at org.apache.catalina.util.LifecycleBase.setState(LifecycleBase.java:336)
		at org.apache.catalina.core.ContainerBase.startInternal(ContainerBase.java:774)
		at org.apache.catalina.core.StandardHost.startInternal(StandardHost.java:726)
		at org.apache.catalina.util.LifecycleBase.start(LifecycleBase.java:164)
		at org.apache.catalina.core.ContainerBase$StartChild.call(ContainerBase.java:1201)
		at org.apache.catalina.core.ContainerBase$StartChild.call(ContainerBase.java:1191)
		at java.base/java.util.concurrent.FutureTask.run(FutureTask.java:264)
		at org.apache.tomcat.util.threads.InlineExecutorService.execute(InlineExecutorService.java:82)
		at java.base/java.util.concurrent.AbstractExecutorService.submit(AbstractExecutorService.java:140)
		at org.apache.catalina.core.ContainerBase.startInternal(ContainerBase.java:747)
		at org.apache.catalina.core.StandardEngine.startInternal(StandardEngine.java:209)
		at org.apache.catalina.util.LifecycleBase.start(LifecycleBase.java:164)
		at org.apache.catalina.core.StandardService.startInternal(StandardService.java:410)
		at org.apache.catalina.util.LifecycleBase.start(LifecycleBase.java:164)
		at org.apache.catalina.core.StandardServer.startInternal(StandardServer.java:872)
		at org.apache.catalina.util.LifecycleBase.start(LifecycleBase.java:164)
		at org.apache.catalina.startup.Catalina.start(Catalina.java:736)
		at java.base/jdk.internal.reflect.NativeMethodAccessorImpl.invoke0(Native Method)
		at java.base/jdk.internal.reflect.NativeMethodAccessorImpl.invoke(NativeMethodAccessorImpl.java:62)
		at java.base/jdk.internal.reflect.DelegatingMethodAccessorImpl.invoke(DelegatingMethodAccessorImpl.java:43)
		at java.base/java.lang.reflect.Method.invoke(Method.java:566)
		at org.apache.catalina.startup.Bootstrap.start(Bootstrap.java:342)
		at org.apache.catalina.startup.Bootstrap.main(Bootstrap.java:473)
	Caused by: org.postgresql.util.PSQLException: FATAL: the database system is shutting down
		at org.postgresql.core.v3.ConnectionFactoryImpl.doAuthentication(ConnectionFactoryImpl.java:646)
		at org.postgresql.core.v3.ConnectionFactoryImpl.tryConnect(ConnectionFactoryImpl.java:180)
		at org.postgresql.core.v3.ConnectionFactoryImpl.openConnectionImpl(ConnectionFactoryImpl.java:235)
		at org.postgresql.core.ConnectionFactory.openConnection(ConnectionFactory.java:49)
		at org.postgresql.jdbc.PgConnection.<init>(PgConnection.java:223)
		at org.postgresql.Driver.makeConnection(Driver.java:400)
		at org.postgresql.Driver.connect(Driver.java:259)
		at java.sql/java.sql.DriverManager.getConnection(DriverManager.java:677)
		at java.sql/java.sql.DriverManager.getConnection(DriverManager.java:228)
		at com.hmdm.guice.module.AbstractLiquibaseModule.getConnection(AbstractLiquibaseModule.java:123)
		... 51 more
02-Oct-2026 12:51:16.296 INFO [main] com.google.inject.internal.MessageProcessor.visit An exception was caught and reported. Message: org.postgresql.util.PSQLException: FATAL: the database system is shutting down
	java.lang.RuntimeException: org.postgresql.util.PSQLException: FATAL: the database system is shutting down
		at com.hmdm.guice.module.AbstractLiquibaseModule.getConnection(AbstractLiquibaseModule.java:130)
		at com.hmdm.guice.module.AbstractLiquibaseModule.configure(AbstractLiquibaseModule.java:70)
		at com.google.inject.AbstractModule.configure(AbstractModule.java:61)
		at com.google.inject.spi.Elements$RecordingBinder.install(Elements.java:344)
		at com.google.inject.spi.Elements.getElements(Elements.java:103)
		at com.google.inject.internal.InjectorShell$Builder.build(InjectorShell.java:137)
		at com.google.inject.internal.InternalInjectorCreator.build(InternalInjectorCreator.java:103)
		at com.google.inject.Guice.createInjector(Guice.java:87)
		at com.hmdm.guice.Initializer.getInjector(Initializer.java:62)
		at com.google.inject.servlet.GuiceServletContextListener.contextInitialized(GuiceServletContextListener.java:45)
		at com.hmdm.guice.Initializer.contextInitialized(Initializer.java:126)
		at org.apache.catalina.core.StandardContext.listenerStart(StandardContext.java:4047)
		at org.apache.catalina.core.StandardContext.startInternal(StandardContext.java:4489)
		at org.apache.catalina.util.LifecycleBase.start(LifecycleBase.java:164)
		at org.apache.catalina.core.ContainerBase.addChildInternal(ContainerBase.java:597)
		at org.apache.catalina.core.ContainerBase.addChild(ContainerBase.java:569)
		at org.apache.catalina.core.StandardHost.addChild(StandardHost.java:608)
		at org.apache.catalina.startup.HostConfig.deployDescriptor(HostConfig.java:677)
		at org.apache.catalina.startup.HostConfig$DeployDescriptor.run(HostConfig.java:1836)
		at java.base/java.util.concurrent.Executors$RunnableAdapter.call(Executors.java:515)
		at java.base/java.util.concurrent.FutureTask.run(FutureTask.java:264)
		at org.apache.tomcat.util.threads.InlineExecutorService.execute(InlineExecutorService.java:82)
		at java.base/java.util.concurrent.AbstractExecutorService.submit(AbstractExecutorService.java:118)
		at org.apache.catalina.startup.HostConfig.deployDescriptors(HostConfig.java:572)
		at org.apache.catalina.startup.HostConfig.deployApps(HostConfig.java:463)
		at org.apache.catalina.startup.HostConfig.start(HostConfig.java:1576)
		at org.apache.catalina.startup.HostConfig.lifecycleEvent(HostConfig.java:309)
		at org.apache.catalina.util.LifecycleBase.fireLifecycleEvent(LifecycleBase.java:109)
		at org.apache.catalina.util.LifecycleBase.setStateInternal(LifecycleBase.java:389)
		at org.apache.catalina.util.LifecycleBase.setState(LifecycleBase.java:336)
		at org.apache.catalina.core.ContainerBase.startInternal(ContainerBase.java:774)
		at org.apache.catalina.core.StandardHost.startInternal(StandardHost.java:726)
		at org.apache.catalina.util.LifecycleBase.start(LifecycleBase.java:164)
		at org.apache.catalina.core.ContainerBase$StartChild.call(ContainerBase.java:1201)
		at org.apache.catalina.core.ContainerBase$StartChild.call(ContainerBase.java:1191)
		at java.base/java.util.concurrent.FutureTask.run(FutureTask.java:264)
		at org.apache.tomcat.util.threads.InlineExecutorService.execute(InlineExecutorService.java:82)
		at java.base/java.util.concurrent.AbstractExecutorService.submit(AbstractExecutorService.java:140)
		at org.apache.catalina.core.ContainerBase.startInternal(ContainerBase.java:747)
		at org.apache.catalina.core.StandardEngine.startInternal(StandardEngine.java:209)
		at org.apache.catalina.util.LifecycleBase.start(LifecycleBase.java:164)
		at org.apache.catalina.core.StandardService.startInternal(StandardService.java:410)
		at org.apache.catalina.util.LifecycleBase.start(LifecycleBase.java:164)
		at org.apache.catalina.core.StandardServer.startInternal(StandardServer.java:872)
		at org.apache.catalina.util.LifecycleBase.start(LifecycleBase.java:164)
		at org.apache.catalina.startup.Catalina.start(Catalina.java:736)
		at java.base/jdk.internal.reflect.NativeMethodAccessorImpl.invoke0(Native Method)
		at java.base/jdk.internal.reflect.NativeMethodAccessorImpl.invoke(NativeMethodAccessorImpl.java:62)
		at java.base/jdk.internal.reflect.DelegatingMethodAccessorImpl.invoke(DelegatingMethodAccessorImpl.java:43)
		at java.base/java.lang.reflect.Method.invoke(Method.java:566)
		at org.apache.catalina.startup.Bootstrap.start(Bootstrap.java:342)
		at org.apache.catalina.startup.Bootstrap.main(Bootstrap.java:473)
	Caused by: org.postgresql.util.PSQLException: FATAL: the database system is shutting down
		at org.postgresql.core.v3.ConnectionFactoryImpl.doAuthentication(ConnectionFactoryImpl.java:646)
		at org.postgresql.core.v3.ConnectionFactoryImpl.tryConnect(ConnectionFactoryImpl.java:180)
		at org.postgresql.core.v3.ConnectionFactoryImpl.openConnectionImpl(ConnectionFactoryImpl.java:235)
		at org.postgresql.core.ConnectionFactory.openConnection(ConnectionFactory.java:49)
		at org.postgresql.jdbc.PgConnection.<init>(PgConnection.java:223)
		at org.postgresql.Driver.makeConnection(Driver.java:400)
		at org.postgresql.Driver.connect(Driver.java:259)
		at java.sql/java.sql.DriverManager.getConnection(DriverManager.java:677)
		at java.sql/java.sql.DriverManager.getConnection(DriverManager.java:228)
		at com.hmdm.guice.module.AbstractLiquibaseModule.getConnection(AbstractLiquibaseModule.java:123)
		... 51 more
02-Oct-2026 12:51:16.299 INFO [main] com.google.inject.internal.MessageProcessor.visit An exception was caught and reported. Message: org.postgresql.util.PSQLException: FATAL: the database system is shutting down
	java.lang.RuntimeException: org.postgresql.util.PSQLException: FATAL: the database system is shutting down
		at com.hmdm.guice.module.AbstractLiquibaseModule.getConnection(AbstractLiquibaseModule.java:130)
		at com.hmdm.guice.module.AbstractLiquibaseModule.configure(AbstractLiquibaseModule.java:70)
		at com.google.inject.AbstractModule.configure(AbstractModule.java:61)
		at com.google.inject.spi.Elements$RecordingBinder.install(Elements.java:344)
		at com.google.inject.spi.Elements.getElements(Elements.java:103)
		at com.google.inject.internal.InjectorShell$Builder.build(InjectorShell.java:137)
		at com.google.inject.internal.InternalInjectorCreator.build(InternalInjectorCreator.java:103)
		at com.google.inject.Guice.createInjector(Guice.java:87)
		at com.hmdm.guice.Initializer.getInjector(Initializer.java:62)
		at com.google.inject.servlet.GuiceServletContextListener.contextInitialized(GuiceServletContextListener.java:45)
		at com.hmdm.guice.Initializer.contextInitialized(Initializer.java:126)
		at org.apache.catalina.core.StandardContext.listenerStart(StandardContext.java:4047)
		at org.apache.catalina.core.StandardContext.startInternal(StandardContext.java:4489)
		at org.apache.catalina.util.LifecycleBase.start(LifecycleBase.java:164)
		at org.apache.catalina.core.ContainerBase.addChildInternal(ContainerBase.java:597)
		at org.apache.catalina.core.ContainerBase.addChild(ContainerBase.java:569)
		at org.apache.catalina.core.StandardHost.addChild(StandardHost.java:608)
		at org.apache.catalina.startup.HostConfig.deployDescriptor(HostConfig.java:677)
		at org.apache.catalina.startup.HostConfig$DeployDescriptor.run(HostConfig.java:1836)
		at java.base/java.util.concurrent.Executors$RunnableAdapter.call(Executors.java:515)
		at java.base/java.util.concurrent.FutureTask.run(FutureTask.java:264)
		at org.apache.tomcat.util.threads.InlineExecutorService.execute(InlineExecutorService.java:82)
		at java.base/java.util.concurrent.AbstractExecutorService.submit(AbstractExecutorService.java:118)
		at org.apache.catalina.startup.HostConfig.deployDescriptors(HostConfig.java:572)
		at org.apache.catalina.startup.HostConfig.deployApps(HostConfig.java:463)
		at org.apache.catalina.startup.HostConfig.start(HostConfig.java:1576)
		at org.apache.catalina.startup.HostConfig.lifecycleEvent(HostConfig.java:309)
		at org.apache.catalina.util.LifecycleBase.fireLifecycleEvent(LifecycleBase.java:109)
		at org.apache.catalina.util.LifecycleBase.setStateInternal(LifecycleBase.java:389)
		at org.apache.catalina.util.LifecycleBase.setState(LifecycleBase.java:336)
		at org.apache.catalina.core.ContainerBase.startInternal(ContainerBase.java:774)
		at org.apache.catalina.core.StandardHost.startInternal(StandardHost.java:726)
		at org.apache.catalina.util.LifecycleBase.start(LifecycleBase.java:164)
		at org.apache.catalina.core.ContainerBase$StartChild.call(ContainerBase.java:1201)
		at org.apache.catalina.core.ContainerBase$StartChild.call(ContainerBase.java:1191)
		at java.base/java.util.concurrent.FutureTask.run(FutureTask.java:264)
		at org.apache.tomcat.util.threads.InlineExecutorService.execute(InlineExecutorService.java:82)
		at java.base/java.util.concurrent.AbstractExecutorService.submit(AbstractExecutorService.java:140)
		at org.apache.catalina.core.ContainerBase.startInternal(ContainerBase.java:747)
		at org.apache.catalina.core.StandardEngine.startInternal(StandardEngine.java:209)
		at org.apache.catalina.util.LifecycleBase.start(LifecycleBase.java:164)
		at org.apache.catalina.core.StandardService.startInternal(StandardService.java:410)
		at org.apache.catalina.util.LifecycleBase.start(LifecycleBase.java:164)
		at org.apache.catalina.core.StandardServer.startInternal(StandardServer.java:872)
		at org.apache.catalina.util.LifecycleBase.start(LifecycleBase.java:164)
		at org.apache.catalina.startup.Catalina.start(Catalina.java:736)
		at java.base/jdk.internal.reflect.NativeMethodAccessorImpl.invoke0(Native Method)
		at java.base/jdk.internal.reflect.NativeMethodAccessorImpl.invoke(NativeMethodAccessorImpl.java:62)
		at java.base/jdk.internal.reflect.DelegatingMethodAccessorImpl.invoke(DelegatingMethodAccessorImpl.java:43)
		at java.base/java.lang.reflect.Method.invoke(Method.java:566)
		at org.apache.catalina.startup.Bootstrap.start(Bootstrap.java:342)
		at org.apache.catalina.startup.Bootstrap.main(Bootstrap.java:473)
	Caused by: org.postgresql.util.PSQLException: FATAL: the database system is shutting down
		at org.postgresql.core.v3.ConnectionFactoryImpl.doAuthentication(ConnectionFactoryImpl.java:646)
		at org.postgresql.core.v3.ConnectionFactoryImpl.tryConnect(ConnectionFactoryImpl.java:180)
		at org.postgresql.core.v3.ConnectionFactoryImpl.openConnectionImpl(ConnectionFactoryImpl.java:235)
		at org.postgresql.core.ConnectionFactory.openConnection(ConnectionFactory.java:49)
		at org.postgresql.jdbc.PgConnection.<init>(PgConnection.java:223)
		at org.postgresql.Driver.makeConnection(Driver.java:400)
		at org.postgresql.Driver.connect(Driver.java:259)
		at java.sql/java.sql.DriverManager.getConnection(DriverManager.java:677)
		at java.sql/java.sql.DriverManager.getConnection(DriverManager.java:228)
		at com.hmdm.guice.module.AbstractLiquibaseModule.getConnection(AbstractLiquibaseModule.java:123)
		... 51 more
02-Oct-2026 12:51:16.302 INFO [main] com.google.inject.internal.MessageProcessor.visit An exception was caught and reported. Message: org.postgresql.util.PSQLException: FATAL: the database system is shutting down
	java.lang.RuntimeException: org.postgresql.util.PSQLException: FATAL: the database system is shutting down
		at com.hmdm.guice.module.AbstractLiquibaseModule.getConnection(AbstractLiquibaseModule.java:130)
		at com.hmdm.guice.module.AbstractLiquibaseModule.configure(AbstractLiquibaseModule.java:70)
		at com.google.inject.AbstractModule.configure(AbstractModule.java:61)
		at com.google.inject.spi.Elements$RecordingBinder.install(Elements.java:344)
		at com.google.inject.spi.Elements.getElements(Elements.java:103)
		at com.google.inject.internal.InjectorShell$Builder.build(InjectorShell.java:137)
		at com.google.inject.internal.InternalInjectorCreator.build(InternalInjectorCreator.java:103)
		at com.google.inject.Guice.createInjector(Guice.java:87)
		at com.hmdm.guice.Initializer.getInjector(Initializer.java:62)
		at com.google.inject.servlet.GuiceServletContextListener.contextInitialized(GuiceServletContextListener.java:45)
		at com.hmdm.guice.Initializer.contextInitialized(Initializer.java:126)
		at org.apache.catalina.core.StandardContext.listenerStart(StandardContext.java:4047)
		at org.apache.catalina.core.StandardContext.startInternal(StandardContext.java:4489)
		at org.apache.catalina.util.LifecycleBase.start(LifecycleBase.java:164)
		at org.apache.catalina.core.ContainerBase.addChildInternal(ContainerBase.java:597)
		at org.apache.catalina.core.ContainerBase.addChild(ContainerBase.java:569)
		at org.apache.catalina.core.StandardHost.addChild(StandardHost.java:608)
		at org.apache.catalina.startup.HostConfig.deployDescriptor(HostConfig.java:677)
		at org.apache.catalina.startup.HostConfig$DeployDescriptor.run(HostConfig.java:1836)
		at java.base/java.util.concurrent.Executors$RunnableAdapter.call(Executors.java:515)
		at java.base/java.util.concurrent.FutureTask.run(FutureTask.java:264)
		at org.apache.tomcat.util.threads.InlineExecutorService.execute(InlineExecutorService.java:82)
		at java.base/java.util.concurrent.AbstractExecutorService.submit(AbstractExecutorService.java:118)
		at org.apache.catalina.startup.HostConfig.deployDescriptors(HostConfig.java:572)
		at org.apache.catalina.startup.HostConfig.deployApps(HostConfig.java:463)
		at org.apache.catalina.startup.HostConfig.start(HostConfig.java:1576)
		at org.apache.catalina.startup.HostConfig.lifecycleEvent(HostConfig.java:309)
		at org.apache.catalina.util.LifecycleBase.fireLifecycleEvent(LifecycleBase.java:109)
		at org.apache.catalina.util.LifecycleBase.setStateInternal(LifecycleBase.java:389)
		at org.apache.catalina.util.LifecycleBase.setState(LifecycleBase.java:336)
		at org.apache.catalina.core.ContainerBase.startInternal(ContainerBase.java:774)
		at org.apache.catalina.core.StandardHost.startInternal(StandardHost.java:726)
		at org.apache.catalina.util.LifecycleBase.start(LifecycleBase.java:164)
		at org.apache.catalina.core.ContainerBase$StartChild.call(ContainerBase.java:1201)
		at org.apache.catalina.core.ContainerBase$StartChild.call(ContainerBase.java:1191)
		at java.base/java.util.concurrent.FutureTask.run(FutureTask.java:264)
		at org.apache.tomcat.util.threads.InlineExecutorService.execute(InlineExecutorService.java:82)
		at java.base/java.util.concurrent.AbstractExecutorService.submit(AbstractExecutorService.java:140)
		at org.apache.catalina.core.ContainerBase.startInternal(ContainerBase.java:747)
		at org.apache.catalina.core.StandardEngine.startInternal(StandardEngine.java:209)
		at org.apache.catalina.util.LifecycleBase.start(LifecycleBase.java:164)
		at org.apache.catalina.core.StandardService.startInternal(StandardService.java:410)
		at org.apache.catalina.util.LifecycleBase.start(LifecycleBase.java:164)
		at org.apache.catalina.core.StandardServer.startInternal(StandardServer.java:872)
		at org.apache.catalina.util.LifecycleBase.start(LifecycleBase.java:164)
		at org.apache.catalina.startup.Catalina.start(Catalina.java:736)
		at java.base/jdk.internal.reflect.NativeMethodAccessorImpl.invoke0(Native Method)
		at java.base/jdk.internal.reflect.NativeMethodAccessorImpl.invoke(NativeMethodAccessorImpl.java:62)
		at java.base/jdk.internal.reflect.DelegatingMethodAccessorImpl.invoke(DelegatingMethodAccessorImpl.java:43)
		at java.base/java.lang.reflect.Method.invoke(Method.java:566)
		at org.apache.catalina.startup.Bootstrap.start(Bootstrap.java:342)
		at org.apache.catalina.startup.Bootstrap.main(Bootstrap.java:473)
	Caused by: org.postgresql.util.PSQLException: FATAL: the database system is shutting down
		at org.postgresql.core.v3.ConnectionFactoryImpl.doAuthentication(ConnectionFactoryImpl.java:646)
		at org.postgresql.core.v3.ConnectionFactoryImpl.tryConnect(ConnectionFactoryImpl.java:180)
		at org.postgresql.core.v3.ConnectionFactoryImpl.openConnectionImpl(ConnectionFactoryImpl.java:235)
		at org.postgresql.core.ConnectionFactory.openConnection(ConnectionFactory.java:49)
		at org.postgresql.jdbc.PgConnection.<init>(PgConnection.java:223)
		at org.postgresql.Driver.makeConnection(Driver.java:400)
		at org.postgresql.Driver.connect(Driver.java:259)
		at java.sql/java.sql.DriverManager.getConnection(DriverManager.java:677)
		at java.sql/java.sql.DriverManager.getConnection(DriverManager.java:228)
		at com.hmdm.guice.module.AbstractLiquibaseModule.getConnection(AbstractLiquibaseModule.java:123)
		... 51 more
02-Oct-2026 12:51:16.306 INFO [main] com.google.inject.internal.MessageProcessor.visit An exception was caught and reported. Message: org.postgresql.util.PSQLException: FATAL: the database system is shutting down
	java.lang.RuntimeException: org.postgresql.util.PSQLException: FATAL: the database system is shutting down
		at com.hmdm.guice.module.AbstractLiquibaseModule.getConnection(AbstractLiquibaseModule.java:130)
		at com.hmdm.guice.module.AbstractLiquibaseModule.configure(AbstractLiquibaseModule.java:70)
		at com.google.inject.AbstractModule.configure(AbstractModule.java:61)
		at com.google.inject.spi.Elements$RecordingBinder.install(Elements.java:344)
		at com.google.inject.spi.Elements.getElements(Elements.java:103)
		at com.google.inject.internal.InjectorShell$Builder.build(InjectorShell.java:137)
		at com.google.inject.internal.InternalInjectorCreator.build(InternalInjectorCreator.java:103)
		at com.google.inject.Guice.createInjector(Guice.java:87)
		at com.hmdm.guice.Initializer.getInjector(Initializer.java:62)
		at com.google.inject.servlet.GuiceServletContextListener.contextInitialized(GuiceServletContextListener.java:45)
		at com.hmdm.guice.Initializer.contextInitialized(Initializer.java:126)
		at org.apache.catalina.core.StandardContext.listenerStart(StandardContext.java:4047)
		at org.apache.catalina.core.StandardContext.startInternal(StandardContext.java:4489)
		at org.apache.catalina.util.LifecycleBase.start(LifecycleBase.java:164)
		at org.apache.catalina.core.ContainerBase.addChildInternal(ContainerBase.java:597)
		at org.apache.catalina.core.ContainerBase.addChild(ContainerBase.java:569)
		at org.apache.catalina.core.StandardHost.addChild(StandardHost.java:608)
		at org.apache.catalina.startup.HostConfig.deployDescriptor(HostConfig.java:677)
		at org.apache.catalina.startup.HostConfig$DeployDescriptor.run(HostConfig.java:1836)
		at java.base/java.util.concurrent.Executors$RunnableAdapter.call(Executors.java:515)
		at java.base/java.util.concurrent.FutureTask.run(FutureTask.java:264)
		at org.apache.tomcat.util.threads.InlineExecutorService.execute(InlineExecutorService.java:82)
		at java.base/java.util.concurrent.AbstractExecutorService.submit(AbstractExecutorService.java:118)
		at org.apache.catalina.startup.HostConfig.deployDescriptors(HostConfig.java:572)
		at org.apache.catalina.startup.HostConfig.deployApps(HostConfig.java:463)
		at org.apache.catalina.startup.HostConfig.start(HostConfig.java:1576)
		at org.apache.catalina.startup.HostConfig.lifecycleEvent(HostConfig.java:309)
		at org.apache.catalina.util.LifecycleBase.fireLifecycleEvent(LifecycleBase.java:109)
		at org.apache.catalina.util.LifecycleBase.setStateInternal(LifecycleBase.java:389)
		at org.apache.catalina.util.LifecycleBase.setState(LifecycleBase.java:336)
		at org.apache.catalina.core.ContainerBase.startInternal(ContainerBase.java:774)
		at org.apache.catalina.core.StandardHost.startInternal(StandardHost.java:726)
		at org.apache.catalina.util.LifecycleBase.start(LifecycleBase.java:164)
		at org.apache.catalina.core.ContainerBase$StartChild.call(ContainerBase.java:1201)
		at org.apache.catalina.core.ContainerBase$StartChild.call(ContainerBase.java:1191)
		at java.base/java.util.concurrent.FutureTask.run(FutureTask.java:264)
		at org.apache.tomcat.util.threads.InlineExecutorService.execute(InlineExecutorService.java:82)
		at java.base/java.util.concurrent.AbstractExecutorService.submit(AbstractExecutorService.java:140)
		at org.apache.catalina.core.ContainerBase.startInternal(ContainerBase.java:747)
		at org.apache.catalina.core.StandardEngine.startInternal(StandardEngine.java:209)
		at org.apache.catalina.util.LifecycleBase.start(LifecycleBase.java:164)
		at org.apache.catalina.core.StandardService.startInternal(StandardService.java:410)
		at org.apache.catalina.util.LifecycleBase.start(LifecycleBase.java:164)
		at org.apache.catalina.core.StandardServer.startInternal(StandardServer.java:872)
		at org.apache.catalina.util.LifecycleBase.start(LifecycleBase.java:164)
		at org.apache.catalina.startup.Catalina.start(Catalina.java:736)
		at java.base/jdk.internal.reflect.NativeMethodAccessorImpl.invoke0(Native Method)
		at java.base/jdk.internal.reflect.NativeMethodAccessorImpl.invoke(NativeMethodAccessorImpl.java:62)
		at java.base/jdk.internal.reflect.DelegatingMethodAccessorImpl.invoke(DelegatingMethodAccessorImpl.java:43)
		at java.base/java.lang.reflect.Method.invoke(Method.java:566)
		at org.apache.catalina.startup.Bootstrap.start(Bootstrap.java:342)
		at org.apache.catalina.startup.Bootstrap.main(Bootstrap.java:473)
	Caused by: org.postgresql.util.PSQLException: FATAL: the database system is shutting down
		at org.postgresql.core.v3.ConnectionFactoryImpl.doAuthentication(ConnectionFactoryImpl.java:646)
		at org.postgresql.core.v3.ConnectionFactoryImpl.tryConnect(ConnectionFactoryImpl.java:180)
		at org.postgresql.core.v3.ConnectionFactoryImpl.openConnectionImpl(ConnectionFactoryImpl.java:235)
		at org.postgresql.core.ConnectionFactory.openConnection(ConnectionFactory.java:49)
		at org.postgresql.jdbc.PgConnection.<init>(PgConnection.java:223)
		at org.postgresql.Driver.makeConnection(Driver.java:400)
		at org.postgresql.Driver.connect(Driver.java:259)
		at java.sql/java.sql.DriverManager.getConnection(DriverManager.java:677)
		at java.sql/java.sql.DriverManager.getConnection(DriverManager.java:228)
		at com.hmdm.guice.module.AbstractLiquibaseModule.getConnection(AbstractLiquibaseModule.java:123)
		... 51 more
02-Oct-2026 12:51:17.049 INFO [main] nonapi.io.github.classgraph.classloaderhandler.lifecycle.ServletLifeCycleListener.contextInitialized Servlet context initialized
02-Oct-2026 12:51:17.049 SEVERE [main] org.apache.catalina.core.StandardContext.startInternal One or more listeners failed to start. Full details will be found in the appropriate container log file
02-Oct-2026 12:51:17.085 SEVERE [main] org.apache.catalina.core.StandardContext.startInternal Context [] startup failed due to previous errors
02-Oct-2026 12:51:17.093 INFO [main] nonapi.io.github.classgraph.classloaderhandler.lifecycle.ServletLifeCycleListener.contextDestroyed Servlet context destroyed -- closing any remaning open ClassGraph ScanResult instances
02-Oct-2026 12:51:17.096 WARNING [main] org.apache.catalina.loader.WebappClassLoaderBase.clearReferencesJdbc The web application [ROOT] registered the JDBC driver [org.postgresql.Driver] but failed to unregister it when the web application was stopped. To prevent a memory leak, the JDBC Driver has been forcibly unregistered.
02-Oct-2026 12:51:17.103 INFO [main] org.apache.catalina.startup.HostConfig.deployDescriptor Deployment of deployment descriptor [/usr/local/tomcat/conf/Catalina/localhost/ROOT.xml] has finished in [7,989] ms
02-Oct-2026 12:51:17.111 INFO [main] org.apache.coyote.AbstractProtocol.start Starting ProtocolHandler ["http-nio-8080"]
02-Oct-2026 12:51:17.130 INFO [main] org.apache.catalina.startup.Catalina.start Server startup in [8152] milliseconds
02-Oct-2026 12:52:47.011 INFO [Thread-1] org.apache.coyote.AbstractProtocol.pause Pausing ProtocolHandler ["http-nio-8080"]
02-Oct-2026 12:52:47.014 INFO [Thread-1] org.apache.catalina.core.StandardService.stopInternal Stopping service [Catalina]
02-Oct-2026 12:52:47.017 INFO [Thread-1] org.apache.coyote.AbstractProtocol.stop Stopping ProtocolHandler ["http-nio-8080"]
02-Oct-2026 12:52:47.023 INFO [Thread-1] org.apache.coyote.AbstractProtocol.destroy Destroying ProtocolHandler ["http-nio-8080"]
02-Oct-2026 13:02:16.195 INFO [main] org.apache.catalina.startup.VersionLoggerListener.log Server version name:   Apache Tomcat/9.0.117
02-Oct-2026 13:02:16.203 INFO [main] org.apache.catalina.startup.VersionLoggerListener.log Server built:          Mar 30 2026 18:21:16 UTC
02-Oct-2026 13:02:16.204 INFO [main] org.apache.catalina.startup.VersionLoggerListener.log Server version number: 9.0.117.0
02-Oct-2026 13:02:16.204 INFO [main] org.apache.catalina.startup.VersionLoggerListener.log OS Name:               Linux
02-Oct-2026 13:02:16.205 INFO [main] org.apache.catalina.startup.VersionLoggerListener.log OS Version:            6.8.0-142-generic
02-Oct-2026 13:02:16.205 INFO [main] org.apache.catalina.startup.VersionLoggerListener.log Architecture:          amd64
02-Oct-2026 13:02:16.206 INFO [main] org.apache.catalina.startup.VersionLoggerListener.log Java Home:             /opt/java/openjdk
02-Oct-2026 13:02:16.206 INFO [main] org.apache.catalina.startup.VersionLoggerListener.log JVM Version:           11.0.31+11
02-Oct-2026 13:02:16.207 INFO [main] org.apache.catalina.startup.VersionLoggerListener.log JVM Vendor:            Eclipse Adoptium
02-Oct-2026 13:02:16.207 INFO [main] org.apache.catalina.startup.VersionLoggerListener.log CATALINA_BASE:         /usr/local/tomcat
02-Oct-2026 13:02:16.207 INFO [main] org.apache.catalina.startup.VersionLoggerListener.log CATALINA_HOME:         /usr/local/tomcat
02-Oct-2026 13:02:16.217 INFO [main] org.apache.catalina.startup.VersionLoggerListener.log Command line argument: --add-opens=java.base/java.lang=ALL-UNNAMED
02-Oct-2026 13:02:16.218 INFO [main] org.apache.catalina.startup.VersionLoggerListener.log Command line argument: --add-opens=java.base/java.lang.invoke=ALL-UNNAMED
02-Oct-2026 13:02:16.221 INFO [main] org.apache.catalina.startup.VersionLoggerListener.log Command line argument: --add-opens=java.base/java.lang.reflect=ALL-UNNAMED
02-Oct-2026 13:02:16.221 INFO [main] org.apache.catalina.startup.VersionLoggerListener.log Command line argument: --add-opens=java.base/java.io=ALL-UNNAMED
02-Oct-2026 13:02:16.222 INFO [main] org.apache.catalina.startup.VersionLoggerListener.log Command line argument: --add-opens=java.base/java.util=ALL-UNNAMED
02-Oct-2026 13:02:16.222 INFO [main] org.apache.catalina.startup.VersionLoggerListener.log Command line argument: --add-opens=java.base/java.util.concurrent=ALL-UNNAMED
02-Oct-2026 13:02:16.222 INFO [main] org.apache.catalina.startup.VersionLoggerListener.log Command line argument: --add-opens=java.rmi/sun.rmi.transport=ALL-UNNAMED
02-Oct-2026 13:02:16.222 INFO [main] org.apache.catalina.startup.VersionLoggerListener.log Command line argument: -Djava.util.logging.config.file=/usr/local/tomcat/conf/logging.properties
02-Oct-2026 13:02:16.222 INFO [main] org.apache.catalina.startup.VersionLoggerListener.log Command line argument: -Djava.util.logging.manager=org.apache.juli.ClassLoaderLogManager
02-Oct-2026 13:02:16.222 INFO [main] org.apache.catalina.startup.VersionLoggerListener.log Command line argument: -Djdk.tls.ephemeralDHKeySize=2048
02-Oct-2026 13:02:16.222 INFO [main] org.apache.catalina.startup.VersionLoggerListener.log Command line argument: -Djava.protocol.handler.pkgs=org.apache.catalina.webresources
02-Oct-2026 13:02:16.222 INFO [main] org.apache.catalina.startup.VersionLoggerListener.log Command line argument: -Dsun.io.useCanonCaches=false
02-Oct-2026 13:02:16.222 INFO [main] org.apache.catalina.startup.VersionLoggerListener.log Command line argument: -Dorg.apache.catalina.security.SecurityListener.UMASK=0022
02-Oct-2026 13:02:16.223 INFO [main] org.apache.catalina.startup.VersionLoggerListener.log Command line argument: -Dignore.endorsed.dirs=
02-Oct-2026 13:02:16.224 INFO [main] org.apache.catalina.startup.VersionLoggerListener.log Command line argument: -Dcatalina.base=/usr/local/tomcat
02-Oct-2026 13:02:16.224 INFO [main] org.apache.catalina.startup.VersionLoggerListener.log Command line argument: -Dcatalina.home=/usr/local/tomcat
02-Oct-2026 13:02:16.224 INFO [main] org.apache.catalina.startup.VersionLoggerListener.log Command line argument: -Djava.io.tmpdir=/usr/local/tomcat/temp
02-Oct-2026 13:02:16.233 INFO [main] org.apache.catalina.core.AprLifecycleListener.lifecycleEvent Loaded Apache Tomcat Native library [1.3.7] using APR version [1.7.0].
02-Oct-2026 13:02:16.234 INFO [main] org.apache.catalina.core.AprLifecycleListener.lifecycleEvent APR capabilities: IPv6 [true], sendfile [true], accept filters [false], random [true], UDS [true].
02-Oct-2026 13:02:16.234 INFO [main] org.apache.catalina.core.AprLifecycleListener.lifecycleEvent APR/OpenSSL configuration: useAprConnector [false], useOpenSSL [true]
02-Oct-2026 13:02:16.239 INFO [main] org.apache.catalina.core.AprLifecycleListener.initializeSSL OpenSSL successfully initialized [OpenSSL 3.0.2 15 Mar 2022]
02-Oct-2026 13:02:16.643 INFO [main] org.apache.coyote.AbstractProtocol.init Initializing ProtocolHandler ["http-nio-8080"]
02-Oct-2026 13:02:16.669 INFO [main] org.apache.catalina.startup.Catalina.load Server initialization in [743] milliseconds
02-Oct-2026 13:02:16.742 INFO [main] org.apache.catalina.core.StandardService.startInternal Starting service [Catalina]
02-Oct-2026 13:02:16.742 INFO [main] org.apache.catalina.core.StandardEngine.startInternal Starting Servlet engine: [Apache Tomcat/9.0.117]
02-Oct-2026 13:02:16.754 INFO [main] org.apache.catalina.startup.HostConfig.deployDescriptor Deploying deployment descriptor [/usr/local/tomcat/conf/Catalina/localhost/ROOT.xml]
02-Oct-2026 13:02:19.874 INFO [main] org.apache.jasper.servlet.TldScanner.scanJars At least one JAR was scanned for TLDs yet contained no TLDs. Enable debug logging for this logger for a complete list of JARs that were scanned but no TLDs were found in them. Skipping unneeded JARs during scanning can improve startup time and JSP compilation time.
02-Oct-2026 13:02:30.144 INFO [main] com.google.inject.internal.MessageProcessor.visit An exception was caught and reported. Message: liquibase.exception.ValidationFailedException: Validation Failed:
     1 change sets check sum
          db.changelog.xml::28.09.19-14:41::seva was: 8:ae7efd3d3719eb53bf071cbf1df3005f but is now: 8:283838fa16a90af9f0255c3366ff535d

	java.lang.RuntimeException: liquibase.exception.ValidationFailedException: Validation Failed:
     1 change sets check sum
          db.changelog.xml::28.09.19-14:41::seva was: 8:ae7efd3d3719eb53bf071cbf1df3005f but is now: 8:283838fa16a90af9f0255c3366ff535d

		at com.hmdm.guice.module.AbstractLiquibaseModule.configure(AbstractLiquibaseModule.java:78)
		at com.google.inject.AbstractModule.configure(AbstractModule.java:61)
		at com.google.inject.spi.Elements$RecordingBinder.install(Elements.java:344)
		at com.google.inject.spi.Elements.getElements(Elements.java:103)
		at com.google.inject.internal.InjectorShell$Builder.build(InjectorShell.java:137)
		at com.google.inject.internal.InternalInjectorCreator.build(InternalInjectorCreator.java:103)
		at com.google.inject.Guice.createInjector(Guice.java:87)
		at com.hmdm.guice.Initializer.getInjector(Initializer.java:62)
		at com.google.inject.servlet.GuiceServletContextListener.contextInitialized(GuiceServletContextListener.java:45)
		at com.hmdm.guice.Initializer.contextInitialized(Initializer.java:126)
		at org.apache.catalina.core.StandardContext.listenerStart(StandardContext.java:4047)
		at org.apache.catalina.core.StandardContext.startInternal(StandardContext.java:4489)
		at org.apache.catalina.util.LifecycleBase.start(LifecycleBase.java:164)
		at org.apache.catalina.core.ContainerBase.addChildInternal(ContainerBase.java:597)
		at org.apache.catalina.core.ContainerBase.addChild(ContainerBase.java:569)
		at org.apache.catalina.core.StandardHost.addChild(StandardHost.java:608)
		at org.apache.catalina.startup.HostConfig.deployDescriptor(HostConfig.java:677)
		at org.apache.catalina.startup.HostConfig$DeployDescriptor.run(HostConfig.java:1836)
		at java.base/java.util.concurrent.Executors$RunnableAdapter.call(Executors.java:515)
		at java.base/java.util.concurrent.FutureTask.run(FutureTask.java:264)
		at org.apache.tomcat.util.threads.InlineExecutorService.execute(InlineExecutorService.java:82)
		at java.base/java.util.concurrent.AbstractExecutorService.submit(AbstractExecutorService.java:118)
		at org.apache.catalina.startup.HostConfig.deployDescriptors(HostConfig.java:572)
		at org.apache.catalina.startup.HostConfig.deployApps(HostConfig.java:463)
		at org.apache.catalina.startup.HostConfig.start(HostConfig.java:1576)
		at org.apache.catalina.startup.HostConfig.lifecycleEvent(HostConfig.java:309)
		at org.apache.catalina.util.LifecycleBase.fireLifecycleEvent(LifecycleBase.java:109)
		at org.apache.catalina.util.LifecycleBase.setStateInternal(LifecycleBase.java:389)
		at org.apache.catalina.util.LifecycleBase.setState(LifecycleBase.java:336)
		at org.apache.catalina.core.ContainerBase.startInternal(ContainerBase.java:774)
		at org.apache.catalina.core.StandardHost.startInternal(StandardHost.java:726)
		at org.apache.catalina.util.LifecycleBase.start(LifecycleBase.java:164)
		at org.apache.catalina.core.ContainerBase$StartChild.call(ContainerBase.java:1201)
		at org.apache.catalina.core.ContainerBase$StartChild.call(ContainerBase.java:1191)
		at java.base/java.util.concurrent.FutureTask.run(FutureTask.java:264)
		at org.apache.tomcat.util.threads.InlineExecutorService.execute(InlineExecutorService.java:82)
		at java.base/java.util.concurrent.AbstractExecutorService.submit(AbstractExecutorService.java:140)
		at org.apache.catalina.core.ContainerBase.startInternal(ContainerBase.java:747)
		at org.apache.catalina.core.StandardEngine.startInternal(StandardEngine.java:209)
		at org.apache.catalina.util.LifecycleBase.start(LifecycleBase.java:164)
		at org.apache.catalina.core.StandardService.startInternal(StandardService.java:410)
		at org.apache.catalina.util.LifecycleBase.start(LifecycleBase.java:164)
		at org.apache.catalina.core.StandardServer.startInternal(StandardServer.java:872)
		at org.apache.catalina.util.LifecycleBase.start(LifecycleBase.java:164)
		at org.apache.catalina.startup.Catalina.start(Catalina.java:736)
		at java.base/jdk.internal.reflect.NativeMethodAccessorImpl.invoke0(Native Method)
		at java.base/jdk.internal.reflect.NativeMethodAccessorImpl.invoke(NativeMethodAccessorImpl.java:62)
		at java.base/jdk.internal.reflect.DelegatingMethodAccessorImpl.invoke(DelegatingMethodAccessorImpl.java:43)
		at java.base/java.lang.reflect.Method.invoke(Method.java:566)
		at org.apache.catalina.startup.Bootstrap.start(Bootstrap.java:342)
		at org.apache.catalina.startup.Bootstrap.main(Bootstrap.java:473)
	Caused by: liquibase.exception.ValidationFailedException: Validation Failed:
     1 change sets check sum
          db.changelog.xml::28.09.19-14:41::seva was: 8:ae7efd3d3719eb53bf071cbf1df3005f but is now: 8:283838fa16a90af9f0255c3366ff535d

		at liquibase.changelog.DatabaseChangeLog.validate(DatabaseChangeLog.java:276)
		at liquibase.Liquibase.update(Liquibase.java:198)
		at liquibase.Liquibase.update(Liquibase.java:179)
		at liquibase.Liquibase.update(Liquibase.java:175)
		at liquibase.Liquibase.update(Liquibase.java:168)
		at com.hmdm.guice.module.AbstractLiquibaseModule.configure(AbstractLiquibaseModule.java:75)
		... 50 more
02-Oct-2026 13:02:30.858 INFO [main] nonapi.io.github.classgraph.classloaderhandler.lifecycle.ServletLifeCycleListener.contextInitialized Servlet context initialized
02-Oct-2026 13:02:30.858 SEVERE [main] org.apache.catalina.core.StandardContext.startInternal One or more listeners failed to start. Full details will be found in the appropriate container log file
02-Oct-2026 13:02:30.881 SEVERE [main] org.apache.catalina.core.StandardContext.startInternal Context [] startup failed due to previous errors
02-Oct-2026 13:02:30.893 INFO [main] nonapi.io.github.classgraph.classloaderhandler.lifecycle.ServletLifeCycleListener.contextDestroyed Servlet context destroyed -- closing any remaning open ClassGraph ScanResult instances
02-Oct-2026 13:02:30.898 WARNING [main] org.apache.catalina.loader.WebappClassLoaderBase.clearReferencesJdbc The web application [ROOT] registered the JDBC driver [org.postgresql.Driver] but failed to unregister it when the web application was stopped. To prevent a memory leak, the JDBC Driver has been forcibly unregistered.
02-Oct-2026 13:02:30.905 INFO [main] org.apache.catalina.startup.HostConfig.deployDescriptor Deployment of deployment descriptor [/usr/local/tomcat/conf/Catalina/localhost/ROOT.xml] has finished in [14,151] ms
02-Oct-2026 13:02:30.909 INFO [main] org.apache.coyote.AbstractProtocol.start Starting ProtocolHandler ["http-nio-8080"]
02-Oct-2026 13:02:30.929 INFO [main] org.apache.catalina.startup.Catalina.start Server startup in [14259] milliseconds
02-Oct-2026 13:10:45.456 INFO [Thread-1] org.apache.coyote.AbstractProtocol.pause Pausing ProtocolHandler ["http-nio-8080"]
02-Oct-2026 13:10:45.459 INFO [Thread-1] org.apache.catalina.core.StandardService.stopInternal Stopping service [Catalina]
02-Oct-2026 13:10:45.462 INFO [Thread-1] org.apache.coyote.AbstractProtocol.stop Stopping ProtocolHandler ["http-nio-8080"]
02-Oct-2026 13:10:45.469 INFO [Thread-1] org.apache.coyote.AbstractProtocol.destroy Destroying ProtocolHandler ["http-nio-8080"]
02-Oct-2026 13:10:51.181 INFO [main] org.apache.catalina.startup.VersionLoggerListener.log Server version name:   Apache Tomcat/9.0.117
02-Oct-2026 13:10:51.188 INFO [main] org.apache.catalina.startup.VersionLoggerListener.log Server built:          Mar 30 2026 18:21:16 UTC
02-Oct-2026 13:10:51.189 INFO [main] org.apache.catalina.startup.VersionLoggerListener.log Server version number: 9.0.117.0
02-Oct-2026 13:10:51.189 INFO [main] org.apache.catalina.startup.VersionLoggerListener.log OS Name:               Linux
02-Oct-2026 13:10:51.190 INFO [main] org.apache.catalina.startup.VersionLoggerListener.log OS Version:            6.8.0-142-generic
02-Oct-2026 13:10:51.190 INFO [main] org.apache.catalina.startup.VersionLoggerListener.log Architecture:          amd64
02-Oct-2026 13:10:51.190 INFO [main] org.apache.catalina.startup.VersionLoggerListener.log Java Home:             /opt/java/openjdk
02-Oct-2026 13:10:51.191 INFO [main] org.apache.catalina.startup.VersionLoggerListener.log JVM Version:           11.0.31+11
02-Oct-2026 13:10:51.191 INFO [main] org.apache.catalina.startup.VersionLoggerListener.log JVM Vendor:            Eclipse Adoptium
02-Oct-2026 13:10:51.191 INFO [main] org.apache.catalina.startup.VersionLoggerListener.log CATALINA_BASE:         /usr/local/tomcat
02-Oct-2026 13:10:51.192 INFO [main] org.apache.catalina.startup.VersionLoggerListener.log CATALINA_HOME:         /usr/local/tomcat
02-Oct-2026 13:10:51.332 INFO [main] org.apache.catalina.startup.VersionLoggerListener.log Command line argument: --add-opens=java.base/java.lang=ALL-UNNAMED
02-Oct-2026 13:10:51.333 INFO [main] org.apache.catalina.startup.VersionLoggerListener.log Command line argument: --add-opens=java.base/java.lang.invoke=ALL-UNNAMED
02-Oct-2026 13:10:51.333 INFO [main] org.apache.catalina.startup.VersionLoggerListener.log Command line argument: --add-opens=java.base/java.lang.reflect=ALL-UNNAMED
02-Oct-2026 13:10:51.334 INFO [main] org.apache.catalina.startup.VersionLoggerListener.log Command line argument: --add-opens=java.base/java.io=ALL-UNNAMED
02-Oct-2026 13:10:51.334 INFO [main] org.apache.catalina.startup.VersionLoggerListener.log Command line argument: --add-opens=java.base/java.util=ALL-UNNAMED
02-Oct-2026 13:10:51.335 INFO [main] org.apache.catalina.startup.VersionLoggerListener.log Command line argument: --add-opens=java.base/java.util.concurrent=ALL-UNNAMED
02-Oct-2026 13:10:51.335 INFO [main] org.apache.catalina.startup.VersionLoggerListener.log Command line argument: --add-opens=java.rmi/sun.rmi.transport=ALL-UNNAMED
02-Oct-2026 13:10:51.337 INFO [main] org.apache.catalina.startup.VersionLoggerListener.log Command line argument: -Djava.util.logging.config.file=/usr/local/tomcat/conf/logging.properties
02-Oct-2026 13:10:51.337 INFO [main] org.apache.catalina.startup.VersionLoggerListener.log Command line argument: -Djava.util.logging.manager=org.apache.juli.ClassLoaderLogManager
02-Oct-2026 13:10:51.337 INFO [main] org.apache.catalina.startup.VersionLoggerListener.log Command line argument: -Djdk.tls.ephemeralDHKeySize=2048
02-Oct-2026 13:10:51.338 INFO [main] org.apache.catalina.startup.VersionLoggerListener.log Command line argument: -Djava.protocol.handler.pkgs=org.apache.catalina.webresources
02-Oct-2026 13:10:51.338 INFO [main] org.apache.catalina.startup.VersionLoggerListener.log Command line argument: -Dsun.io.useCanonCaches=false
02-Oct-2026 13:10:51.338 INFO [main] org.apache.catalina.startup.VersionLoggerListener.log Command line argument: -Dorg.apache.catalina.security.SecurityListener.UMASK=0022
02-Oct-2026 13:10:51.338 INFO [main] org.apache.catalina.startup.VersionLoggerListener.log Command line argument: -Dignore.endorsed.dirs=
02-Oct-2026 13:10:51.338 INFO [main] org.apache.catalina.startup.VersionLoggerListener.log Command line argument: -Dcatalina.base=/usr/local/tomcat
02-Oct-2026 13:10:51.339 INFO [main] org.apache.catalina.startup.VersionLoggerListener.log Command line argument: -Dcatalina.home=/usr/local/tomcat
02-Oct-2026 13:10:51.340 INFO [main] org.apache.catalina.startup.VersionLoggerListener.log Command line argument: -Djava.io.tmpdir=/usr/local/tomcat/temp
02-Oct-2026 13:10:51.354 INFO [main] org.apache.catalina.core.AprLifecycleListener.lifecycleEvent Loaded Apache Tomcat Native library [1.3.7] using APR version [1.7.0].
02-Oct-2026 13:10:51.354 INFO [main] org.apache.catalina.core.AprLifecycleListener.lifecycleEvent APR capabilities: IPv6 [true], sendfile [true], accept filters [false], random [true], UDS [true].
02-Oct-2026 13:10:51.355 INFO [main] org.apache.catalina.core.AprLifecycleListener.lifecycleEvent APR/OpenSSL configuration: useAprConnector [false], useOpenSSL [true]
02-Oct-2026 13:10:51.360 INFO [main] org.apache.catalina.core.AprLifecycleListener.initializeSSL OpenSSL successfully initialized [OpenSSL 3.0.2 15 Mar 2022]
02-Oct-2026 13:10:52.715 INFO [main] org.apache.coyote.AbstractProtocol.init Initializing ProtocolHandler ["http-nio-8080"]
02-Oct-2026 13:10:52.779 INFO [main] org.apache.catalina.startup.Catalina.load Server initialization in [2267] milliseconds
02-Oct-2026 13:10:52.913 INFO [main] org.apache.catalina.core.StandardService.startInternal Starting service [Catalina]
02-Oct-2026 13:10:52.916 INFO [main] org.apache.catalina.core.StandardEngine.startInternal Starting Servlet engine: [Apache Tomcat/9.0.117]
02-Oct-2026 13:10:52.929 INFO [main] org.apache.catalina.startup.HostConfig.deployDescriptor Deploying deployment descriptor [/usr/local/tomcat/conf/Catalina/localhost/ROOT.xml]
02-Oct-2026 13:10:56.438 INFO [main] org.apache.jasper.servlet.TldScanner.scanJars At least one JAR was scanned for TLDs yet contained no TLDs. Enable debug logging for this logger for a complete list of JARs that were scanned but no TLDs were found in them. Skipping unneeded JARs during scanning can improve startup time and JSP compilation time.
02-Oct-2026 13:11:04.862 INFO [main] nonapi.io.github.classgraph.classloaderhandler.lifecycle.ServletLifeCycleListener.contextInitialized Servlet context initialized
02-Oct-2026 13:11:09.917 INFO [main] org.apache.catalina.startup.HostConfig.deployDescriptor Deployment of deployment descriptor [/usr/local/tomcat/conf/Catalina/localhost/ROOT.xml] has finished in [16,982] ms
02-Oct-2026 13:11:09.929 INFO [main] org.apache.coyote.AbstractProtocol.start Starting ProtocolHandler ["http-nio-8080"]
02-Oct-2026 13:11:10.021 INFO [main] org.apache.catalina.startup.Catalina.start Server startup in [17241] milliseconds
02-Oct-2026 14:54:54.452 SEVERE [http-nio-8080-exec-1] org.glassfish.jersey.message.internal.WriterInterceptorExecutor$TerminalWriterInterceptor.aroundWriteTo MessageBodyWriter not found for media type=application/xml, type=class com.hmdm.rest.json.Response, genericType=class com.hmdm.rest.json.Response.
02-Oct-2026 14:55:04.686 SEVERE [http-nio-8080-exec-8] org.glassfish.jersey.message.internal.WriterInterceptorExecutor$TerminalWriterInterceptor.aroundWriteTo MessageBodyWriter not found for media type=application/xml, type=class com.hmdm.rest.json.Response, genericType=class com.hmdm.rest.json.Response.
02-Oct-2026 14:55:23.259 SEVERE [http-nio-8080-exec-9] org.glassfish.jersey.message.internal.WriterInterceptorExecutor$TerminalWriterInterceptor.aroundWriteTo MessageBodyWriter not found for media type=application/xml, type=class com.hmdm.rest.json.Response, genericType=class com.hmdm.rest.json.Response.
02-Oct-2026 14:55:30.643 SEVERE [http-nio-8080-exec-3] org.glassfish.jersey.message.internal.WriterInterceptorExecutor$TerminalWriterInterceptor.aroundWriteTo MessageBodyWriter not found for media type=application/xml, type=class com.hmdm.rest.json.Response, genericType=class com.hmdm.rest.json.Response.
02-Oct-2026 15:06:30.604 INFO [Catalina-utility-1] org.apache.catalina.startup.HostConfig.reload Reloading context []
02-Oct-2026 15:06:30.605 INFO [Catalina-utility-1] org.apache.catalina.core.StandardContext.reload Reloading Context with name [] has started
02-Oct-2026 15:06:30.628 INFO [Catalina-utility-1] nonapi.io.github.classgraph.classloaderhandler.lifecycle.ServletLifeCycleListener.contextDestroyed Servlet context destroyed -- closing any remaning open ClassGraph ScanResult instances
02-Oct-2026 15:06:30.636 WARNING [Catalina-utility-1] org.apache.catalina.loader.WebappClassLoaderBase.clearReferencesJdbc The web application [ROOT] registered the JDBC driver [org.postgresql.Driver] but failed to unregister it when the web application was stopped. To prevent a memory leak, the JDBC Driver has been forcibly unregistered.
02-Oct-2026 15:06:30.637 WARNING [Catalina-utility-1] org.apache.catalina.loader.WebappClassLoaderBase.clearReferencesThreads The web application [ROOT] appears to have started a thread named [pool-2-thread-1] but has failed to stop it. This is very likely to create a memory leak. Stack trace of thread:
 java.base@11.0.31/jdk.internal.misc.Unsafe.park(Native Method)
 java.base@11.0.31/java.util.concurrent.locks.LockSupport.park(LockSupport.java:194)
 java.base@11.0.31/java.util.concurrent.locks.AbstractQueuedSynchronizer$ConditionObject.await(AbstractQueuedSynchronizer.java:2081)
 java.base@11.0.31/java.util.concurrent.ScheduledThreadPoolExecutor$DelayedWorkQueue.take(ScheduledThreadPoolExecutor.java:1177)
 java.base@11.0.31/java.util.concurrent.ScheduledThreadPoolExecutor$DelayedWorkQueue.take(ScheduledThreadPoolExecutor.java:899)
 java.base@11.0.31/java.util.concurrent.ThreadPoolExecutor.getTask(ThreadPoolExecutor.java:1054)
 java.base@11.0.31/java.util.concurrent.ThreadPoolExecutor.runWorker(ThreadPoolExecutor.java:1114)
 java.base@11.0.31/java.util.concurrent.ThreadPoolExecutor$Worker.run(ThreadPoolExecutor.java:628)
 java.base@11.0.31/java.lang.Thread.run(Thread.java:829)
02-Oct-2026 15:06:30.640 WARNING [Catalina-utility-1] org.apache.catalina.loader.WebappClassLoaderBase.clearReferencesThreads The web application [ROOT] appears to have started a thread named [pool-4-thread-1] but has failed to stop it. This is very likely to create a memory leak. Stack trace of thread:
 java.base@11.0.31/jdk.internal.misc.Unsafe.park(Native Method)
 java.base@11.0.31/java.util.concurrent.locks.LockSupport.parkNanos(LockSupport.java:234)
 java.base@11.0.31/java.util.concurrent.locks.AbstractQueuedSynchronizer$ConditionObject.awaitNanos(AbstractQueuedSynchronizer.java:2123)
 java.base@11.0.31/java.util.concurrent.ScheduledThreadPoolExecutor$DelayedWorkQueue.take(ScheduledThreadPoolExecutor.java:1182)
 java.base@11.0.31/java.util.concurrent.ScheduledThreadPoolExecutor$DelayedWorkQueue.take(ScheduledThreadPoolExecutor.java:899)
 java.base@11.0.31/java.util.concurrent.ThreadPoolExecutor.getTask(ThreadPoolExecutor.java:1054)
 java.base@11.0.31/java.util.concurrent.ThreadPoolExecutor.runWorker(ThreadPoolExecutor.java:1114)
 java.base@11.0.31/java.util.concurrent.ThreadPoolExecutor$Worker.run(ThreadPoolExecutor.java:628)
 java.base@11.0.31/java.lang.Thread.run(Thread.java:829)
02-Oct-2026 15:06:30.641 WARNING [Catalina-utility-1] org.apache.catalina.loader.WebappClassLoaderBase.clearReferencesThreads The web application [ROOT] appears to have started a thread named [ActiveMQ Broker[localhost] Scheduler] but has failed to stop it. This is very likely to create a memory leak. Stack trace of thread:
 java.base@11.0.31/java.lang.Object.wait(Native Method)
 java.base@11.0.31/java.lang.Object.wait(Object.java:328)
 java.base@11.0.31/java.util.TimerThread.mainLoop(Timer.java:527)
 java.base@11.0.31/java.util.TimerThread.run(Timer.java:506)
02-Oct-2026 15:06:30.641 WARNING [Catalina-utility-1] org.apache.catalina.loader.WebappClassLoaderBase.clearReferencesThreads The web application [ROOT] appears to have started a thread named [ActiveMQ Transport Server Thread Handler: mqtt://0.0.0.0:31000] but has failed to stop it. This is very likely to create a memory leak. Stack trace of thread:
 java.base@11.0.31/jdk.internal.misc.Unsafe.park(Native Method)
 java.base@11.0.31/java.util.concurrent.locks.LockSupport.parkNanos(LockSupport.java:234)
 java.base@11.0.31/java.util.concurrent.locks.AbstractQueuedSynchronizer$ConditionObject.awaitNanos(AbstractQueuedSynchronizer.java:2123)
 java.base@11.0.31/java.util.concurrent.LinkedBlockingQueue.poll(LinkedBlockingQueue.java:458)
 org.apache.activemq.transport.tcp.TcpTransportServer$1.run(TcpTransportServer.java:496)
 java.base@11.0.31/java.lang.Thread.run(Thread.java:829)
02-Oct-2026 15:06:30.642 WARNING [Catalina-utility-1] org.apache.catalina.loader.WebappClassLoaderBase.clearReferencesThreads The web application [ROOT] appears to have started a thread named [ActiveMQ Transport Server: mqtt://0.0.0.0:31000] but has failed to stop it. This is very likely to create a memory leak. Stack trace of thread:
 java.base@11.0.31/java.net.PlainSocketImpl.socketAccept(Native Method)
 java.base@11.0.31/java.net.AbstractPlainSocketImpl.accept(AbstractPlainSocketImpl.java:474)
 java.base@11.0.31/java.net.ServerSocket.implAccept(ServerSocket.java:565)
 java.base@11.0.31/java.net.ServerSocket.accept(ServerSocket.java:533)
 org.apache.activemq.transport.tcp.TcpTransportServer.doRunWithServerSocket(TcpTransportServer.java:420)
 org.apache.activemq.transport.tcp.TcpTransportServer.run(TcpTransportServer.java:342)
 java.base@11.0.31/java.lang.Thread.run(Thread.java:829)
02-Oct-2026 15:06:30.642 WARNING [Catalina-utility-1] org.apache.catalina.loader.WebappClassLoaderBase.clearReferencesThreads The web application [ROOT] appears to have started a thread named [MQTT Rec: HMDMServer] but has failed to stop it. This is very likely to create a memory leak. Stack trace of thread:
 java.base@11.0.31/java.net.SocketInputStream.socketRead0(Native Method)
 java.base@11.0.31/java.net.SocketInputStream.socketRead(SocketInputStream.java:115)
 java.base@11.0.31/java.net.SocketInputStream.read(SocketInputStream.java:168)
 java.base@11.0.31/java.net.SocketInputStream.read(SocketInputStream.java:140)
 java.base@11.0.31/java.net.SocketInputStream.read(SocketInputStream.java:200)
 java.base@11.0.31/java.io.DataInputStream.readByte(DataInputStream.java:270)
 org.eclipse.paho.client.mqttv3.internal.wire.MqttInputStream.readMqttWireMessage(MqttInputStream.java:92)
 org.eclipse.paho.client.mqttv3.internal.CommsReceiver.run(CommsReceiver.java:137)
 java.base@11.0.31/java.lang.Thread.run(Thread.java:829)
02-Oct-2026 15:06:30.643 WARNING [Catalina-utility-1] org.apache.catalina.loader.WebappClassLoaderBase.clearReferencesThreads The web application [ROOT] appears to have started a thread named [MQTT Snd: HMDMServer] but has failed to stop it. This is very likely to create a memory leak. Stack trace of thread:
 java.base@11.0.31/java.lang.Object.wait(Native Method)
 java.base@11.0.31/java.lang.Object.wait(Object.java:328)
 org.eclipse.paho.client.mqttv3.internal.ClientState.get(ClientState.java:825)
 org.eclipse.paho.client.mqttv3.internal.CommsSender.run(CommsSender.java:129)
 java.base@11.0.31/java.lang.Thread.run(Thread.java:829)
02-Oct-2026 15:06:30.643 WARNING [Catalina-utility-1] org.apache.catalina.loader.WebappClassLoaderBase.clearReferencesThreads The web application [ROOT] appears to have started a thread named [ActiveMQ Transport: tcp:///172.18.0.4:39564@31000] but has failed to stop it. This is very likely to create a memory leak. Stack trace of thread:
 java.base@11.0.31/java.net.SocketInputStream.socketRead0(Native Method)
 java.base@11.0.31/java.net.SocketInputStream.socketRead(SocketInputStream.java:115)
 java.base@11.0.31/java.net.SocketInputStream.read(SocketInputStream.java:168)
 java.base@11.0.31/java.net.SocketInputStream.read(SocketInputStream.java:140)
 org.apache.activemq.transport.tcp.TcpBufferedInputStream.fill(TcpBufferedInputStream.java:50)
 org.apache.activemq.transport.tcp.TcpTransport$2.fill(TcpTransport.java:634)
 org.apache.activemq.transport.tcp.TcpBufferedInputStream.read(TcpBufferedInputStream.java:59)
 org.apache.activemq.transport.tcp.TcpTransport$2.read(TcpTransport.java:619)
 java.base@11.0.31/java.io.DataInputStream.readByte(DataInputStream.java:270)
 org.apache.activemq.transport.mqtt.MQTTWireFormat.unmarshal(MQTTWireFormat.java:86)
 org.apache.activemq.transport.tcp.TcpTransport.readCommand(TcpTransport.java:240)
 org.apache.activemq.transport.tcp.TcpTransport.doRun(TcpTransport.java:232)
 org.apache.activemq.transport.tcp.TcpTransport.run(TcpTransport.java:215)
 java.base@11.0.31/java.lang.Thread.run(Thread.java:829)
02-Oct-2026 15:06:30.644 WARNING [Catalina-utility-1] org.apache.catalina.loader.WebappClassLoaderBase.clearReferencesThreads The web application [ROOT] appears to have started a thread named [MQTT Call: HMDMServer] but has failed to stop it. This is very likely to create a memory leak. Stack trace of thread:
 java.base@11.0.31/java.lang.Object.wait(Native Method)
 java.base@11.0.31/java.lang.Object.wait(Object.java:328)
 org.eclipse.paho.client.mqttv3.internal.CommsCallback.run(CommsCallback.java:181)
 java.base@11.0.31/java.lang.Thread.run(Thread.java:829)
02-Oct-2026 15:06:30.644 WARNING [Catalina-utility-1] org.apache.catalina.loader.WebappClassLoaderBase.clearReferencesThreads The web application [ROOT] appears to have started a thread named [InactivityMonitor ReadCheck] but has failed to stop it. This is very likely to create a memory leak. Stack trace of thread:
 java.base@11.0.31/java.lang.Object.wait(Native Method)
 java.base@11.0.31/java.util.TimerThread.mainLoop(Timer.java:553)
 java.base@11.0.31/java.util.TimerThread.run(Timer.java:506)
02-Oct-2026 15:06:30.645 WARNING [Catalina-utility-1] org.apache.catalina.loader.WebappClassLoaderBase.clearReferencesThreads The web application [ROOT] appears to have started a thread named [MQTT Ping: HMDMServer] but has failed to stop it. This is very likely to create a memory leak. Stack trace of thread:
 java.base@11.0.31/java.lang.Object.wait(Native Method)
 java.base@11.0.31/java.util.TimerThread.mainLoop(Timer.java:553)
 java.base@11.0.31/java.util.TimerThread.run(Timer.java:506)
02-Oct-2026 15:06:30.645 WARNING [Catalina-utility-1] org.apache.catalina.loader.WebappClassLoaderBase.clearReferencesThreads The web application [ROOT] appears to have started a thread named [pool-2-thread-2] but has failed to stop it. This is very likely to create a memory leak. Stack trace of thread:
 java.base@11.0.31/jdk.internal.misc.Unsafe.park(Native Method)
 java.base@11.0.31/java.util.concurrent.locks.LockSupport.parkNanos(LockSupport.java:234)
 java.base@11.0.31/java.util.concurrent.locks.AbstractQueuedSynchronizer$ConditionObject.awaitNanos(AbstractQueuedSynchronizer.java:2123)
 java.base@11.0.31/java.util.concurrent.ScheduledThreadPoolExecutor$DelayedWorkQueue.take(ScheduledThreadPoolExecutor.java:1182)
 java.base@11.0.31/java.util.concurrent.ScheduledThreadPoolExecutor$DelayedWorkQueue.take(ScheduledThreadPoolExecutor.java:899)
 java.base@11.0.31/java.util.concurrent.ThreadPoolExecutor.getTask(ThreadPoolExecutor.java:1054)
 java.base@11.0.31/java.util.concurrent.ThreadPoolExecutor.runWorker(ThreadPoolExecutor.java:1114)
 java.base@11.0.31/java.util.concurrent.ThreadPoolExecutor$Worker.run(ThreadPoolExecutor.java:628)
 java.base@11.0.31/java.lang.Thread.run(Thread.java:829)
02-Oct-2026 15:06:30.646 WARNING [Catalina-utility-1] org.apache.catalina.loader.WebappClassLoaderBase.clearReferencesThreads The web application [ROOT] appears to have started a thread named [pool-5-thread-1] but has failed to stop it. This is very likely to create a memory leak. Stack trace of thread:
 java.base@11.0.31/jdk.internal.misc.Unsafe.park(Native Method)
 java.base@11.0.31/java.util.concurrent.locks.LockSupport.park(LockSupport.java:194)
 java.base@11.0.31/java.util.concurrent.locks.AbstractQueuedSynchronizer$ConditionObject.await(AbstractQueuedSynchronizer.java:2081)
 java.base@11.0.31/java.util.concurrent.LinkedBlockingQueue.take(LinkedBlockingQueue.java:433)
 java.base@11.0.31/java.util.concurrent.ThreadPoolExecutor.getTask(ThreadPoolExecutor.java:1054)
 java.base@11.0.31/java.util.concurrent.ThreadPoolExecutor.runWorker(ThreadPoolExecutor.java:1114)
 java.base@11.0.31/java.util.concurrent.ThreadPoolExecutor$Worker.run(ThreadPoolExecutor.java:628)
 java.base@11.0.31/java.lang.Thread.run(Thread.java:829)
02-Oct-2026 15:06:30.646 WARNING [Catalina-utility-1] org.apache.catalina.loader.WebappClassLoaderBase.clearReferencesThreads The web application [ROOT] appears to have started a thread named [pool-1-thread-1] but has failed to stop it. This is very likely to create a memory leak. Stack trace of thread:
 java.base@11.0.31/jdk.internal.misc.Unsafe.park(Native Method)
 java.base@11.0.31/java.util.concurrent.locks.LockSupport.park(LockSupport.java:194)
 java.base@11.0.31/java.util.concurrent.locks.AbstractQueuedSynchronizer$ConditionObject.await(AbstractQueuedSynchronizer.java:2081)
 java.base@11.0.31/java.util.concurrent.LinkedBlockingQueue.take(LinkedBlockingQueue.java:433)
 java.base@11.0.31/java.util.concurrent.ThreadPoolExecutor.getTask(ThreadPoolExecutor.java:1054)
 java.base@11.0.31/java.util.concurrent.ThreadPoolExecutor.runWorker(ThreadPoolExecutor.java:1114)
 java.base@11.0.31/java.util.concurrent.ThreadPoolExecutor$Worker.run(ThreadPoolExecutor.java:628)
 java.base@11.0.31/java.lang.Thread.run(Thread.java:829)
02-Oct-2026 15:06:30.647 WARNING [Catalina-utility-1] org.apache.catalina.loader.WebappClassLoaderBase.clearReferencesThreads The web application [ROOT] appears to have started a thread named [pool-1-thread-2] but has failed to stop it. This is very likely to create a memory leak. Stack trace of thread:
 java.base@11.0.31/jdk.internal.misc.Unsafe.park(Native Method)
 java.base@11.0.31/java.util.concurrent.locks.LockSupport.park(LockSupport.java:194)
 java.base@11.0.31/java.util.concurrent.locks.AbstractQueuedSynchronizer$ConditionObject.await(AbstractQueuedSynchronizer.java:2081)
 java.base@11.0.31/java.util.concurrent.LinkedBlockingQueue.take(LinkedBlockingQueue.java:433)
 java.base@11.0.31/java.util.concurrent.ThreadPoolExecutor.getTask(ThreadPoolExecutor.java:1054)
 java.base@11.0.31/java.util.concurrent.ThreadPoolExecutor.runWorker(ThreadPoolExecutor.java:1114)
 java.base@11.0.31/java.util.concurrent.ThreadPoolExecutor$Worker.run(ThreadPoolExecutor.java:628)
 java.base@11.0.31/java.lang.Thread.run(Thread.java:829)
02-Oct-2026 15:06:30.648 WARNING [Catalina-utility-1] org.apache.catalina.loader.WebappClassLoaderBase.clearReferencesThreads The web application [ROOT] appears to have started a thread named [pool-1-thread-3] but has failed to stop it. This is very likely to create a memory leak. Stack trace of thread:
 java.base@11.0.31/jdk.internal.misc.Unsafe.park(Native Method)
 java.base@11.0.31/java.util.concurrent.locks.LockSupport.park(LockSupport.java:194)
 java.base@11.0.31/java.util.concurrent.locks.AbstractQueuedSynchronizer$ConditionObject.await(AbstractQueuedSynchronizer.java:2081)
 java.base@11.0.31/java.util.concurrent.LinkedBlockingQueue.take(LinkedBlockingQueue.java:433)
 java.base@11.0.31/java.util.concurrent.ThreadPoolExecutor.getTask(ThreadPoolExecutor.java:1054)
 java.base@11.0.31/java.util.concurrent.ThreadPoolExecutor.runWorker(ThreadPoolExecutor.java:1114)
 java.base@11.0.31/java.util.concurrent.ThreadPoolExecutor$Worker.run(ThreadPoolExecutor.java:628)
 java.base@11.0.31/java.lang.Thread.run(Thread.java:829)
02-Oct-2026 15:06:30.648 WARNING [Catalina-utility-1] org.apache.catalina.loader.WebappClassLoaderBase.clearReferencesThreads The web application [ROOT] appears to have started a thread named [pool-1-thread-4] but has failed to stop it. This is very likely to create a memory leak. Stack trace of thread:
 java.base@11.0.31/jdk.internal.misc.Unsafe.park(Native Method)
 java.base@11.0.31/java.util.concurrent.locks.LockSupport.park(LockSupport.java:194)
 java.base@11.0.31/java.util.concurrent.locks.AbstractQueuedSynchronizer$ConditionObject.await(AbstractQueuedSynchronizer.java:2081)
 java.base@11.0.31/java.util.concurrent.LinkedBlockingQueue.take(LinkedBlockingQueue.java:433)
 java.base@11.0.31/java.util.concurrent.ThreadPoolExecutor.getTask(ThreadPoolExecutor.java:1054)
 java.base@11.0.31/java.util.concurrent.ThreadPoolExecutor.runWorker(ThreadPoolExecutor.java:1114)
 java.base@11.0.31/java.util.concurrent.ThreadPoolExecutor$Worker.run(ThreadPoolExecutor.java:628)
 java.base@11.0.31/java.lang.Thread.run(Thread.java:829)
02-Oct-2026 15:06:30.649 WARNING [Catalina-utility-1] org.apache.catalina.loader.WebappClassLoaderBase.clearReferencesThreads The web application [ROOT] appears to have started a thread named [pool-1-thread-5] but has failed to stop it. This is very likely to create a memory leak. Stack trace of thread:
 java.base@11.0.31/jdk.internal.misc.Unsafe.park(Native Method)
 java.base@11.0.31/java.util.concurrent.locks.LockSupport.park(LockSupport.java:194)
 java.base@11.0.31/java.util.concurrent.locks.AbstractQueuedSynchronizer$ConditionObject.await(AbstractQueuedSynchronizer.java:2081)
 java.base@11.0.31/java.util.concurrent.LinkedBlockingQueue.take(LinkedBlockingQueue.java:433)
 java.base@11.0.31/java.util.concurrent.ThreadPoolExecutor.getTask(ThreadPoolExecutor.java:1054)
 java.base@11.0.31/java.util.concurrent.ThreadPoolExecutor.runWorker(ThreadPoolExecutor.java:1114)
 java.base@11.0.31/java.util.concurrent.ThreadPoolExecutor$Worker.run(ThreadPoolExecutor.java:628)
 java.base@11.0.31/java.lang.Thread.run(Thread.java:829)
02-Oct-2026 15:06:30.649 WARNING [Catalina-utility-1] org.apache.catalina.loader.WebappClassLoaderBase.clearReferencesThreads The web application [ROOT] appears to have started a thread named [pool-1-thread-6] but has failed to stop it. This is very likely to create a memory leak. Stack trace of thread:
 java.base@11.0.31/jdk.internal.misc.Unsafe.park(Native Method)
 java.base@11.0.31/java.util.concurrent.locks.LockSupport.park(LockSupport.java:194)
 java.base@11.0.31/java.util.concurrent.locks.AbstractQueuedSynchronizer$ConditionObject.await(AbstractQueuedSynchronizer.java:2081)
 java.base@11.0.31/java.util.concurrent.LinkedBlockingQueue.take(LinkedBlockingQueue.java:433)
 java.base@11.0.31/java.util.concurrent.ThreadPoolExecutor.getTask(ThreadPoolExecutor.java:1054)
 java.base@11.0.31/java.util.concurrent.ThreadPoolExecutor.runWorker(ThreadPoolExecutor.java:1114)
 java.base@11.0.31/java.util.concurrent.ThreadPoolExecutor$Worker.run(ThreadPoolExecutor.java:628)
 java.base@11.0.31/java.lang.Thread.run(Thread.java:829)
02-Oct-2026 15:06:30.650 WARNING [Catalina-utility-1] org.apache.catalina.loader.WebappClassLoaderBase.clearReferencesThreads The web application [ROOT] appears to have started a thread named [pool-1-thread-7] but has failed to stop it. This is very likely to create a memory leak. Stack trace of thread:
 java.base@11.0.31/jdk.internal.misc.Unsafe.park(Native Method)
 java.base@11.0.31/java.util.concurrent.locks.LockSupport.park(LockSupport.java:194)
 java.base@11.0.31/java.util.concurrent.locks.AbstractQueuedSynchronizer$ConditionObject.await(AbstractQueuedSynchronizer.java:2081)
 java.base@11.0.31/java.util.concurrent.LinkedBlockingQueue.take(LinkedBlockingQueue.java:433)
 java.base@11.0.31/java.util.concurrent.ThreadPoolExecutor.getTask(ThreadPoolExecutor.java:1054)
 java.base@11.0.31/java.util.concurrent.ThreadPoolExecutor.runWorker(ThreadPoolExecutor.java:1114)
 java.base@11.0.31/java.util.concurrent.ThreadPoolExecutor$Worker.run(ThreadPoolExecutor.java:628)
 java.base@11.0.31/java.lang.Thread.run(Thread.java:829)
02-Oct-2026 15:06:30.650 WARNING [Catalina-utility-1] org.apache.catalina.loader.WebappClassLoaderBase.clearReferencesThreads The web application [ROOT] appears to have started a thread named [pool-1-thread-8] but has failed to stop it. This is very likely to create a memory leak. Stack trace of thread:
 java.base@11.0.31/jdk.internal.misc.Unsafe.park(Native Method)
 java.base@11.0.31/java.util.concurrent.locks.LockSupport.park(LockSupport.java:194)
 java.base@11.0.31/java.util.concurrent.locks.AbstractQueuedSynchronizer$ConditionObject.await(AbstractQueuedSynchronizer.java:2081)
 java.base@11.0.31/java.util.concurrent.LinkedBlockingQueue.take(LinkedBlockingQueue.java:433)
 java.base@11.0.31/java.util.concurrent.ThreadPoolExecutor.getTask(ThreadPoolExecutor.java:1054)
 java.base@11.0.31/java.util.concurrent.ThreadPoolExecutor.runWorker(ThreadPoolExecutor.java:1114)
 java.base@11.0.31/java.util.concurrent.ThreadPoolExecutor$Worker.run(ThreadPoolExecutor.java:628)
 java.base@11.0.31/java.lang.Thread.run(Thread.java:829)
02-Oct-2026 15:06:30.653 WARNING [Catalina-utility-1] org.apache.catalina.loader.WebappClassLoaderBase.clearReferencesThreads The web application [ROOT] appears to have started a thread named [pool-1-thread-9] but has failed to stop it. This is very likely to create a memory leak. Stack trace of thread:
 java.base@11.0.31/jdk.internal.misc.Unsafe.park(Native Method)
 java.base@11.0.31/java.util.concurrent.locks.LockSupport.park(LockSupport.java:194)
 java.base@11.0.31/java.util.concurrent.locks.AbstractQueuedSynchronizer$ConditionObject.await(AbstractQueuedSynchronizer.java:2081)
 java.base@11.0.31/java.util.concurrent.LinkedBlockingQueue.take(LinkedBlockingQueue.java:433)
 java.base@11.0.31/java.util.concurrent.ThreadPoolExecutor.getTask(ThreadPoolExecutor.java:1054)
 java.base@11.0.31/java.util.concurrent.ThreadPoolExecutor.runWorker(ThreadPoolExecutor.java:1114)
 java.base@11.0.31/java.util.concurrent.ThreadPoolExecutor$Worker.run(ThreadPoolExecutor.java:628)
 java.base@11.0.31/java.lang.Thread.run(Thread.java:829)
02-Oct-2026 15:06:30.654 WARNING [Catalina-utility-1] org.apache.catalina.loader.WebappClassLoaderBase.clearReferencesThreads The web application [ROOT] appears to have started a thread named [pool-1-thread-10] but has failed to stop it. This is very likely to create a memory leak. Stack trace of thread:
 java.base@11.0.31/jdk.internal.misc.Unsafe.park(Native Method)
 java.base@11.0.31/java.util.concurrent.locks.LockSupport.park(LockSupport.java:194)
 java.base@11.0.31/java.util.concurrent.locks.AbstractQueuedSynchronizer$ConditionObject.await(AbstractQueuedSynchronizer.java:2081)
 java.base@11.0.31/java.util.concurrent.LinkedBlockingQueue.take(LinkedBlockingQueue.java:433)
 java.base@11.0.31/java.util.concurrent.ThreadPoolExecutor.getTask(ThreadPoolExecutor.java:1054)
 java.base@11.0.31/java.util.concurrent.ThreadPoolExecutor.runWorker(ThreadPoolExecutor.java:1114)
 java.base@11.0.31/java.util.concurrent.ThreadPoolExecutor$Worker.run(ThreadPoolExecutor.java:628)
 java.base@11.0.31/java.lang.Thread.run(Thread.java:829)
02-Oct-2026 15:06:30.654 WARNING [Catalina-utility-1] org.apache.catalina.loader.WebappClassLoaderBase.clearReferencesThreads The web application [ROOT] appears to have started a thread named [pool-9-thread-1] but has failed to stop it. This is very likely to create a memory leak. Stack trace of thread:
 java.base@11.0.31/jdk.internal.misc.Unsafe.park(Native Method)
 java.base@11.0.31/java.util.concurrent.locks.LockSupport.park(LockSupport.java:194)
 java.base@11.0.31/java.util.concurrent.locks.AbstractQueuedSynchronizer$ConditionObject.await(AbstractQueuedSynchronizer.java:2081)
 java.base@11.0.31/java.util.concurrent.LinkedBlockingQueue.take(LinkedBlockingQueue.java:433)
 java.base@11.0.31/java.util.concurrent.ThreadPoolExecutor.getTask(ThreadPoolExecutor.java:1054)
 java.base@11.0.31/java.util.concurrent.ThreadPoolExecutor.runWorker(ThreadPoolExecutor.java:1114)
 java.base@11.0.31/java.util.concurrent.ThreadPoolExecutor$Worker.run(ThreadPoolExecutor.java:628)
 java.base@11.0.31/java.lang.Thread.run(Thread.java:829)
02-Oct-2026 15:06:30.654 WARNING [Catalina-utility-1] org.apache.catalina.loader.WebappClassLoaderBase.clearReferencesThreads The web application [ROOT] appears to have started a thread named [pool-9-thread-2] but has failed to stop it. This is very likely to create a memory leak. Stack trace of thread:
 java.base@11.0.31/jdk.internal.misc.Unsafe.park(Native Method)
 java.base@11.0.31/java.util.concurrent.locks.LockSupport.park(LockSupport.java:194)
 java.base@11.0.31/java.util.concurrent.locks.AbstractQueuedSynchronizer$ConditionObject.await(AbstractQueuedSynchronizer.java:2081)
 java.base@11.0.31/java.util.concurrent.LinkedBlockingQueue.take(LinkedBlockingQueue.java:433)
 java.base@11.0.31/java.util.concurrent.ThreadPoolExecutor.getTask(ThreadPoolExecutor.java:1054)
 java.base@11.0.31/java.util.concurrent.ThreadPoolExecutor.runWorker(ThreadPoolExecutor.java:1114)
 java.base@11.0.31/java.util.concurrent.ThreadPoolExecutor$Worker.run(ThreadPoolExecutor.java:628)
 java.base@11.0.31/java.lang.Thread.run(Thread.java:829)
02-Oct-2026 15:06:30.655 WARNING [Catalina-utility-1] org.apache.catalina.loader.WebappClassLoaderBase.clearReferencesThreads The web application [ROOT] appears to have started a thread named [pool-9-thread-3] but has failed to stop it. This is very likely to create a memory leak. Stack trace of thread:
 java.base@11.0.31/jdk.internal.misc.Unsafe.park(Native Method)
 java.base@11.0.31/java.util.concurrent.locks.LockSupport.park(LockSupport.java:194)
 java.base@11.0.31/java.util.concurrent.locks.AbstractQueuedSynchronizer$ConditionObject.await(AbstractQueuedSynchronizer.java:2081)
 java.base@11.0.31/java.util.concurrent.LinkedBlockingQueue.take(LinkedBlockingQueue.java:433)
 java.base@11.0.31/java.util.concurrent.ThreadPoolExecutor.getTask(ThreadPoolExecutor.java:1054)
 java.base@11.0.31/java.util.concurrent.ThreadPoolExecutor.runWorker(ThreadPoolExecutor.java:1114)
 java.base@11.0.31/java.util.concurrent.ThreadPoolExecutor$Worker.run(ThreadPoolExecutor.java:628)
 java.base@11.0.31/java.lang.Thread.run(Thread.java:829)
02-Oct-2026 15:06:30.656 WARNING [Catalina-utility-1] org.apache.catalina.loader.WebappClassLoaderBase.clearReferencesThreads The web application [ROOT] appears to have started a thread named [pool-9-thread-4] but has failed to stop it. This is very likely to create a memory leak. Stack trace of thread:
 java.base@11.0.31/jdk.internal.misc.Unsafe.park(Native Method)
 java.base@11.0.31/java.util.concurrent.locks.LockSupport.park(LockSupport.java:194)
 java.base@11.0.31/java.util.concurrent.locks.AbstractQueuedSynchronizer$ConditionObject.await(AbstractQueuedSynchronizer.java:2081)
 java.base@11.0.31/java.util.concurrent.LinkedBlockingQueue.take(LinkedBlockingQueue.java:433)
 java.base@11.0.31/java.util.concurrent.ThreadPoolExecutor.getTask(ThreadPoolExecutor.java:1054)
 java.base@11.0.31/java.util.concurrent.ThreadPoolExecutor.runWorker(ThreadPoolExecutor.java:1114)
 java.base@11.0.31/java.util.concurrent.ThreadPoolExecutor$Worker.run(ThreadPoolExecutor.java:628)
 java.base@11.0.31/java.lang.Thread.run(Thread.java:829)
02-Oct-2026 15:06:30.657 WARNING [Catalina-utility-1] org.apache.catalina.loader.WebappClassLoaderBase.clearReferencesThreads The web application [ROOT] appears to have started a thread named [pool-9-thread-5] but has failed to stop it. This is very likely to create a memory leak. Stack trace of thread:
 java.base@11.0.31/jdk.internal.misc.Unsafe.park(Native Method)
 java.base@11.0.31/java.util.concurrent.locks.LockSupport.park(LockSupport.java:194)
 java.base@11.0.31/java.util.concurrent.locks.AbstractQueuedSynchronizer$ConditionObject.await(AbstractQueuedSynchronizer.java:2081)
 java.base@11.0.31/java.util.concurrent.LinkedBlockingQueue.take(LinkedBlockingQueue.java:433)
 java.base@11.0.31/java.util.concurrent.ThreadPoolExecutor.getTask(ThreadPoolExecutor.java:1054)
 java.base@11.0.31/java.util.concurrent.ThreadPoolExecutor.runWorker(ThreadPoolExecutor.java:1114)
 java.base@11.0.31/java.util.concurrent.ThreadPoolExecutor$Worker.run(ThreadPoolExecutor.java:628)
 java.base@11.0.31/java.lang.Thread.run(Thread.java:829)
02-Oct-2026 15:06:33.021 INFO [Catalina-utility-1] org.apache.jasper.servlet.TldScanner.scanJars At least one JAR was scanned for TLDs yet contained no TLDs. Enable debug logging for this logger for a complete list of JARs that were scanned but no TLDs were found in them. Skipping unneeded JARs during scanning can improve startup time and JSP compilation time.
02-Oct-2026 15:06:40.919 INFO [Catalina-utility-1] com.google.inject.internal.MessageProcessor.visit An exception was caught and reported. Message: liquibase.exception.ValidationFailedException: Validation Failed:
     1 change sets check sum
          db.changelog.xml::28.09.19-14:41::seva was: 8:ae7efd3d3719eb53bf071cbf1df3005f but is now: 8:283838fa16a90af9f0255c3366ff535d

	java.lang.RuntimeException: liquibase.exception.ValidationFailedException: Validation Failed:
     1 change sets check sum
          db.changelog.xml::28.09.19-14:41::seva was: 8:ae7efd3d3719eb53bf071cbf1df3005f but is now: 8:283838fa16a90af9f0255c3366ff535d

		at com.hmdm.guice.module.AbstractLiquibaseModule.configure(AbstractLiquibaseModule.java:78)
		at com.google.inject.AbstractModule.configure(AbstractModule.java:61)
		at com.google.inject.spi.Elements$RecordingBinder.install(Elements.java:344)
		at com.google.inject.spi.Elements.getElements(Elements.java:103)
		at com.google.inject.internal.InjectorShell$Builder.build(InjectorShell.java:137)
		at com.google.inject.internal.InternalInjectorCreator.build(InternalInjectorCreator.java:103)
		at com.google.inject.Guice.createInjector(Guice.java:87)
		at com.hmdm.guice.Initializer.getInjector(Initializer.java:62)
		at com.google.inject.servlet.GuiceServletContextListener.contextInitialized(GuiceServletContextListener.java:45)
		at com.hmdm.guice.Initializer.contextInitialized(Initializer.java:126)
		at org.apache.catalina.core.StandardContext.listenerStart(StandardContext.java:4047)
		at org.apache.catalina.core.StandardContext.startInternal(StandardContext.java:4489)
		at org.apache.catalina.util.LifecycleBase.start(LifecycleBase.java:164)
		at org.apache.catalina.core.StandardContext.reload(StandardContext.java:3258)
		at org.apache.catalina.startup.HostConfig.reload(HostConfig.java:1411)
		at org.apache.catalina.startup.HostConfig.checkResources(HostConfig.java:1323)
		at org.apache.catalina.startup.HostConfig.check(HostConfig.java:1612)
		at org.apache.catalina.startup.HostConfig.lifecycleEvent(HostConfig.java:305)
		at org.apache.catalina.util.LifecycleBase.fireLifecycleEvent(LifecycleBase.java:109)
		at org.apache.catalina.core.ContainerBase.backgroundProcess(ContainerBase.java:971)
		at org.apache.catalina.core.ContainerBase$ContainerBackgroundProcessor.processChildren(ContainerBase.java:1170)
		at org.apache.catalina.core.ContainerBase$ContainerBackgroundProcessor.processChildren(ContainerBase.java:1174)
		at org.apache.catalina.core.ContainerBase$ContainerBackgroundProcessor.run(ContainerBase.java:1152)
		at java.base/java.util.concurrent.Executors$RunnableAdapter.call(Executors.java:515)
		at java.base/java.util.concurrent.FutureTask.runAndReset(FutureTask.java:305)
		at java.base/java.util.concurrent.ScheduledThreadPoolExecutor$ScheduledFutureTask.run(ScheduledThreadPoolExecutor.java:305)
		at java.base/java.util.concurrent.ThreadPoolExecutor.runWorker(ThreadPoolExecutor.java:1128)
		at java.base/java.util.concurrent.ThreadPoolExecutor$Worker.run(ThreadPoolExecutor.java:628)
		at org.apache.tomcat.util.threads.TaskThread$WrappingRunnable.run(TaskThread.java:63)
		at java.base/java.lang.Thread.run(Thread.java:829)
	Caused by: liquibase.exception.ValidationFailedException: Validation Failed:
     1 change sets check sum
          db.changelog.xml::28.09.19-14:41::seva was: 8:ae7efd3d3719eb53bf071cbf1df3005f but is now: 8:283838fa16a90af9f0255c3366ff535d

		at liquibase.changelog.DatabaseChangeLog.validate(DatabaseChangeLog.java:276)
		at liquibase.Liquibase.update(Liquibase.java:198)
		at liquibase.Liquibase.update(Liquibase.java:179)
		at liquibase.Liquibase.update(Liquibase.java:175)
		at liquibase.Liquibase.update(Liquibase.java:168)
		at com.hmdm.guice.module.AbstractLiquibaseModule.configure(AbstractLiquibaseModule.java:75)
		... 29 more
02-Oct-2026 15:06:41.490 INFO [Catalina-utility-1] nonapi.io.github.classgraph.classloaderhandler.lifecycle.ServletLifeCycleListener.contextInitialized Servlet context initialized
02-Oct-2026 15:06:41.491 SEVERE [Catalina-utility-1] org.apache.catalina.core.StandardContext.startInternal One or more listeners failed to start. Full details will be found in the appropriate container log file
02-Oct-2026 15:06:41.503 SEVERE [Catalina-utility-1] org.apache.catalina.core.StandardContext.startInternal Context [] startup failed due to previous errors
02-Oct-2026 15:06:41.509 INFO [Catalina-utility-1] nonapi.io.github.classgraph.classloaderhandler.lifecycle.ServletLifeCycleListener.contextDestroyed Servlet context destroyed -- closing any remaning open ClassGraph ScanResult instances
02-Oct-2026 15:06:41.513 WARNING [Catalina-utility-1] org.apache.catalina.loader.WebappClassLoaderBase.clearReferencesJdbc The web application [ROOT] registered the JDBC driver [org.postgresql.Driver] but failed to unregister it when the web application was stopped. To prevent a memory leak, the JDBC Driver has been forcibly unregistered.
02-Oct-2026 15:06:41.517 INFO [Catalina-utility-1] org.apache.catalina.core.StandardContext.reload Reloading Context with name [] is completed
02-Oct-2026 15:06:57.262 INFO [ActiveMQ ShutdownHook] org.apache.catalina.loader.WebappClassLoaderBase.checkStateForResourceLoading Illegal access: this web application instance has been stopped already. Could not load [org.apache.activemq.util.ServiceStopper]. The following stack trace is thrown for debugging purposes as well as to attempt to terminate the thread which caused the illegal access.
	java.lang.IllegalStateException: Illegal access: this web application instance has been stopped already. Could not load [org.apache.activemq.util.ServiceStopper]. The following stack trace is thrown for debugging purposes as well as to attempt to terminate the thread which caused the illegal access.
		at org.apache.catalina.loader.WebappClassLoaderBase.checkStateForResourceLoading(WebappClassLoaderBase.java:1370)
		at org.apache.catalina.loader.WebappClassLoaderBase.checkStateForClassLoading(WebappClassLoaderBase.java:1359)
		at org.apache.catalina.loader.WebappClassLoaderBase.loadClass(WebappClassLoaderBase.java:1193)
		at org.apache.catalina.loader.WebappClassLoaderBase.loadClass(WebappClassLoaderBase.java:1160)
		at org.apache.activemq.broker.BrokerService.stop(BrokerService.java:799)
		at org.apache.activemq.broker.BrokerService.containerShutdown(BrokerService.java:2565)
		at org.apache.activemq.broker.BrokerService$4.run(BrokerService.java:2532)
02-Oct-2026 15:06:57.272 INFO [Thread-13] org.apache.coyote.AbstractProtocol.pause Pausing ProtocolHandler ["http-nio-8080"]
02-Oct-2026 15:06:57.280 INFO [Thread-13] org.apache.catalina.core.StandardService.stopInternal Stopping service [Catalina]
02-Oct-2026 15:06:57.288 INFO [Thread-13] org.apache.coyote.AbstractProtocol.stop Stopping ProtocolHandler ["http-nio-8080"]
02-Oct-2026 15:06:57.299 INFO [Thread-13] org.apache.coyote.AbstractProtocol.destroy Destroying ProtocolHandler ["http-nio-8080"]
02-Oct-2026 15:07:10.228 INFO [main] org.apache.catalina.startup.VersionLoggerListener.log Server version name:   Apache Tomcat/9.0.117
02-Oct-2026 15:07:10.238 INFO [main] org.apache.catalina.startup.VersionLoggerListener.log Server built:          Mar 30 2026 18:21:16 UTC
02-Oct-2026 15:07:10.240 INFO [main] org.apache.catalina.startup.VersionLoggerListener.log Server version number: 9.0.117.0
02-Oct-2026 15:07:10.241 INFO [main] org.apache.catalina.startup.VersionLoggerListener.log OS Name:               Linux
02-Oct-2026 15:07:10.241 INFO [main] org.apache.catalina.startup.VersionLoggerListener.log OS Version:            6.8.0-142-generic
02-Oct-2026 15:07:10.242 INFO [main] org.apache.catalina.startup.VersionLoggerListener.log Architecture:          amd64
02-Oct-2026 15:07:10.242 INFO [main] org.apache.catalina.startup.VersionLoggerListener.log Java Home:             /opt/java/openjdk
02-Oct-2026 15:07:10.243 INFO [main] org.apache.catalina.startup.VersionLoggerListener.log JVM Version:           11.0.31+11
02-Oct-2026 15:07:10.245 INFO [main] org.apache.catalina.startup.VersionLoggerListener.log JVM Vendor:            Eclipse Adoptium
02-Oct-2026 15:07:10.245 INFO [main] org.apache.catalina.startup.VersionLoggerListener.log CATALINA_BASE:         /usr/local/tomcat
02-Oct-2026 15:07:10.246 INFO [main] org.apache.catalina.startup.VersionLoggerListener.log CATALINA_HOME:         /usr/local/tomcat
02-Oct-2026 15:07:10.281 INFO [main] org.apache.catalina.startup.VersionLoggerListener.log Command line argument: --add-opens=java.base/java.lang=ALL-UNNAMED
02-Oct-2026 15:07:10.284 INFO [main] org.apache.catalina.startup.VersionLoggerListener.log Command line argument: --add-opens=java.base/java.lang.invoke=ALL-UNNAMED
02-Oct-2026 15:07:10.285 INFO [main] org.apache.catalina.startup.VersionLoggerListener.log Command line argument: --add-opens=java.base/java.lang.reflect=ALL-UNNAMED
02-Oct-2026 15:07:10.285 INFO [main] org.apache.catalina.startup.VersionLoggerListener.log Command line argument: --add-opens=java.base/java.io=ALL-UNNAMED
02-Oct-2026 15:07:10.285 INFO [main] org.apache.catalina.startup.VersionLoggerListener.log Command line argument: --add-opens=java.base/java.util=ALL-UNNAMED
02-Oct-2026 15:07:10.285 INFO [main] org.apache.catalina.startup.VersionLoggerListener.log Command line argument: --add-opens=java.base/java.util.concurrent=ALL-UNNAMED
02-Oct-2026 15:07:10.286 INFO [main] org.apache.catalina.startup.VersionLoggerListener.log Command line argument: --add-opens=java.rmi/sun.rmi.transport=ALL-UNNAMED
02-Oct-2026 15:07:10.287 INFO [main] org.apache.catalina.startup.VersionLoggerListener.log Command line argument: -Djava.util.logging.config.file=/usr/local/tomcat/conf/logging.properties
02-Oct-2026 15:07:10.287 INFO [main] org.apache.catalina.startup.VersionLoggerListener.log Command line argument: -Djava.util.logging.manager=org.apache.juli.ClassLoaderLogManager
02-Oct-2026 15:07:10.288 INFO [main] org.apache.catalina.startup.VersionLoggerListener.log Command line argument: -Djdk.tls.ephemeralDHKeySize=2048
02-Oct-2026 15:07:10.288 INFO [main] org.apache.catalina.startup.VersionLoggerListener.log Command line argument: -Djava.protocol.handler.pkgs=org.apache.catalina.webresources
02-Oct-2026 15:07:10.288 INFO [main] org.apache.catalina.startup.VersionLoggerListener.log Command line argument: -Dsun.io.useCanonCaches=false
02-Oct-2026 15:07:10.288 INFO [main] org.apache.catalina.startup.VersionLoggerListener.log Command line argument: -Dorg.apache.catalina.security.SecurityListener.UMASK=0022
02-Oct-2026 15:07:10.288 INFO [main] org.apache.catalina.startup.VersionLoggerListener.log Command line argument: -Dignore.endorsed.dirs=
02-Oct-2026 15:07:10.289 INFO [main] org.apache.catalina.startup.VersionLoggerListener.log Command line argument: -Dcatalina.base=/usr/local/tomcat
02-Oct-2026 15:07:10.292 INFO [main] org.apache.catalina.startup.VersionLoggerListener.log Command line argument: -Dcatalina.home=/usr/local/tomcat
02-Oct-2026 15:07:10.293 INFO [main] org.apache.catalina.startup.VersionLoggerListener.log Command line argument: -Djava.io.tmpdir=/usr/local/tomcat/temp
02-Oct-2026 15:07:10.311 INFO [main] org.apache.catalina.core.AprLifecycleListener.lifecycleEvent Loaded Apache Tomcat Native library [1.3.7] using APR version [1.7.0].
02-Oct-2026 15:07:10.314 INFO [main] org.apache.catalina.core.AprLifecycleListener.lifecycleEvent APR capabilities: IPv6 [true], sendfile [true], accept filters [false], random [true], UDS [true].
02-Oct-2026 15:07:10.315 INFO [main] org.apache.catalina.core.AprLifecycleListener.lifecycleEvent APR/OpenSSL configuration: useAprConnector [false], useOpenSSL [true]
02-Oct-2026 15:07:10.331 INFO [main] org.apache.catalina.core.AprLifecycleListener.initializeSSL OpenSSL successfully initialized [OpenSSL 3.0.2 15 Mar 2022]
02-Oct-2026 15:07:11.291 INFO [main] org.apache.coyote.AbstractProtocol.init Initializing ProtocolHandler ["http-nio-8080"]
02-Oct-2026 15:07:11.368 INFO [main] org.apache.catalina.startup.Catalina.load Server initialization in [1774] milliseconds
02-Oct-2026 15:07:11.675 INFO [main] org.apache.catalina.core.StandardService.startInternal Starting service [Catalina]
02-Oct-2026 15:07:11.679 INFO [main] org.apache.catalina.core.StandardEngine.startInternal Starting Servlet engine: [Apache Tomcat/9.0.117]
02-Oct-2026 15:07:11.715 INFO [main] org.apache.catalina.startup.HostConfig.deployDescriptor Deploying deployment descriptor [/usr/local/tomcat/conf/Catalina/localhost/ROOT.xml]
02-Oct-2026 15:07:18.533 INFO [main] org.apache.jasper.servlet.TldScanner.scanJars At least one JAR was scanned for TLDs yet contained no TLDs. Enable debug logging for this logger for a complete list of JARs that were scanned but no TLDs were found in them. Skipping unneeded JARs during scanning can improve startup time and JSP compilation time.
02-Oct-2026 15:07:26.405 INFO [main] com.google.inject.internal.MessageProcessor.visit An exception was caught and reported. Message: liquibase.exception.ValidationFailedException: Validation Failed:
     1 change sets check sum
          db.changelog.xml::28.09.19-14:41::seva was: 8:ae7efd3d3719eb53bf071cbf1df3005f but is now: 8:283838fa16a90af9f0255c3366ff535d

	java.lang.RuntimeException: liquibase.exception.ValidationFailedException: Validation Failed:
     1 change sets check sum
          db.changelog.xml::28.09.19-14:41::seva was: 8:ae7efd3d3719eb53bf071cbf1df3005f but is now: 8:283838fa16a90af9f0255c3366ff535d

		at com.hmdm.guice.module.AbstractLiquibaseModule.configure(AbstractLiquibaseModule.java:78)
		at com.google.inject.AbstractModule.configure(AbstractModule.java:61)
		at com.google.inject.spi.Elements$RecordingBinder.install(Elements.java:344)
		at com.google.inject.spi.Elements.getElements(Elements.java:103)
		at com.google.inject.internal.InjectorShell$Builder.build(InjectorShell.java:137)
		at com.google.inject.internal.InternalInjectorCreator.build(InternalInjectorCreator.java:103)
		at com.google.inject.Guice.createInjector(Guice.java:87)
		at com.hmdm.guice.Initializer.getInjector(Initializer.java:62)
		at com.google.inject.servlet.GuiceServletContextListener.contextInitialized(GuiceServletContextListener.java:45)
		at com.hmdm.guice.Initializer.contextInitialized(Initializer.java:126)
		at org.apache.catalina.core.StandardContext.listenerStart(StandardContext.java:4047)
		at org.apache.catalina.core.StandardContext.startInternal(StandardContext.java:4489)
		at org.apache.catalina.util.LifecycleBase.start(LifecycleBase.java:164)
		at org.apache.catalina.core.ContainerBase.addChildInternal(ContainerBase.java:597)
		at org.apache.catalina.core.ContainerBase.addChild(ContainerBase.java:569)
		at org.apache.catalina.core.StandardHost.addChild(StandardHost.java:608)
		at org.apache.catalina.startup.HostConfig.deployDescriptor(HostConfig.java:677)
		at org.apache.catalina.startup.HostConfig$DeployDescriptor.run(HostConfig.java:1836)
		at java.base/java.util.concurrent.Executors$RunnableAdapter.call(Executors.java:515)
		at java.base/java.util.concurrent.FutureTask.run(FutureTask.java:264)
		at org.apache.tomcat.util.threads.InlineExecutorService.execute(InlineExecutorService.java:82)
		at java.base/java.util.concurrent.AbstractExecutorService.submit(AbstractExecutorService.java:118)
		at org.apache.catalina.startup.HostConfig.deployDescriptors(HostConfig.java:572)
		at org.apache.catalina.startup.HostConfig.deployApps(HostConfig.java:463)
		at org.apache.catalina.startup.HostConfig.start(HostConfig.java:1576)
		at org.apache.catalina.startup.HostConfig.lifecycleEvent(HostConfig.java:309)
		at org.apache.catalina.util.LifecycleBase.fireLifecycleEvent(LifecycleBase.java:109)
		at org.apache.catalina.util.LifecycleBase.setStateInternal(LifecycleBase.java:389)
		at org.apache.catalina.util.LifecycleBase.setState(LifecycleBase.java:336)
		at org.apache.catalina.core.ContainerBase.startInternal(ContainerBase.java:774)
		at org.apache.catalina.core.StandardHost.startInternal(StandardHost.java:726)
		at org.apache.catalina.util.LifecycleBase.start(LifecycleBase.java:164)
		at org.apache.catalina.core.ContainerBase$StartChild.call(ContainerBase.java:1201)
		at org.apache.catalina.core.ContainerBase$StartChild.call(ContainerBase.java:1191)
		at java.base/java.util.concurrent.FutureTask.run(FutureTask.java:264)
		at org.apache.tomcat.util.threads.InlineExecutorService.execute(InlineExecutorService.java:82)
		at java.base/java.util.concurrent.AbstractExecutorService.submit(AbstractExecutorService.java:140)
		at org.apache.catalina.core.ContainerBase.startInternal(ContainerBase.java:747)
		at org.apache.catalina.core.StandardEngine.startInternal(StandardEngine.java:209)
		at org.apache.catalina.util.LifecycleBase.start(LifecycleBase.java:164)
		at org.apache.catalina.core.StandardService.startInternal(StandardService.java:410)
		at org.apache.catalina.util.LifecycleBase.start(LifecycleBase.java:164)
		at org.apache.catalina.core.StandardServer.startInternal(StandardServer.java:872)
		at org.apache.catalina.util.LifecycleBase.start(LifecycleBase.java:164)
		at org.apache.catalina.startup.Catalina.start(Catalina.java:736)
		at java.base/jdk.internal.reflect.NativeMethodAccessorImpl.invoke0(Native Method)
		at java.base/jdk.internal.reflect.NativeMethodAccessorImpl.invoke(NativeMethodAccessorImpl.java:62)
		at java.base/jdk.internal.reflect.DelegatingMethodAccessorImpl.invoke(DelegatingMethodAccessorImpl.java:43)
		at java.base/java.lang.reflect.Method.invoke(Method.java:566)
		at org.apache.catalina.startup.Bootstrap.start(Bootstrap.java:342)
		at org.apache.catalina.startup.Bootstrap.main(Bootstrap.java:473)
	Caused by: liquibase.exception.ValidationFailedException: Validation Failed:
     1 change sets check sum
          db.changelog.xml::28.09.19-14:41::seva was: 8:ae7efd3d3719eb53bf071cbf1df3005f but is now: 8:283838fa16a90af9f0255c3366ff535d

		at liquibase.changelog.DatabaseChangeLog.validate(DatabaseChangeLog.java:276)
		at liquibase.Liquibase.update(Liquibase.java:198)
		at liquibase.Liquibase.update(Liquibase.java:179)
		at liquibase.Liquibase.update(Liquibase.java:175)
		at liquibase.Liquibase.update(Liquibase.java:168)
		at com.hmdm.guice.module.AbstractLiquibaseModule.configure(AbstractLiquibaseModule.java:75)
		... 50 more
02-Oct-2026 15:07:27.094 INFO [main] nonapi.io.github.classgraph.classloaderhandler.lifecycle.ServletLifeCycleListener.contextInitialized Servlet context initialized
02-Oct-2026 15:07:27.095 SEVERE [main] org.apache.catalina.core.StandardContext.startInternal One or more listeners failed to start. Full details will be found in the appropriate container log file
02-Oct-2026 15:07:27.138 SEVERE [main] org.apache.catalina.core.StandardContext.startInternal Context [] startup failed due to previous errors
02-Oct-2026 15:07:27.154 INFO [main] nonapi.io.github.classgraph.classloaderhandler.lifecycle.ServletLifeCycleListener.contextDestroyed Servlet context destroyed -- closing any remaning open ClassGraph ScanResult instances
02-Oct-2026 15:07:27.157 WARNING [main] org.apache.catalina.loader.WebappClassLoaderBase.clearReferencesJdbc The web application [ROOT] registered the JDBC driver [org.postgresql.Driver] but failed to unregister it when the web application was stopped. To prevent a memory leak, the JDBC Driver has been forcibly unregistered.
02-Oct-2026 15:07:27.167 INFO [main] org.apache.catalina.startup.HostConfig.deployDescriptor Deployment of deployment descriptor [/usr/local/tomcat/conf/Catalina/localhost/ROOT.xml] has finished in [15,451] ms
02-Oct-2026 15:07:27.171 INFO [main] org.apache.coyote.AbstractProtocol.start Starting ProtocolHandler ["http-nio-8080"]
02-Oct-2026 15:07:27.188 INFO [main] org.apache.catalina.startup.Catalina.start Server startup in [15814] milliseconds
02-Oct-2026 15:09:03.481 INFO [main] org.apache.catalina.startup.VersionLoggerListener.log Server version name:   Apache Tomcat/9.0.117
02-Oct-2026 15:09:03.486 INFO [main] org.apache.catalina.startup.VersionLoggerListener.log Server built:          Mar 30 2026 18:21:16 UTC
02-Oct-2026 15:09:03.486 INFO [main] org.apache.catalina.startup.VersionLoggerListener.log Server version number: 9.0.117.0
02-Oct-2026 15:09:03.486 INFO [main] org.apache.catalina.startup.VersionLoggerListener.log OS Name:               Linux
02-Oct-2026 15:09:03.486 INFO [main] org.apache.catalina.startup.VersionLoggerListener.log OS Version:            6.8.0-142-generic
02-Oct-2026 15:09:03.486 INFO [main] org.apache.catalina.startup.VersionLoggerListener.log Architecture:          amd64
02-Oct-2026 15:09:03.486 INFO [main] org.apache.catalina.startup.VersionLoggerListener.log Java Home:             /opt/java/openjdk
02-Oct-2026 15:09:03.486 INFO [main] org.apache.catalina.startup.VersionLoggerListener.log JVM Version:           11.0.31+11
02-Oct-2026 15:09:03.486 INFO [main] org.apache.catalina.startup.VersionLoggerListener.log JVM Vendor:            Eclipse Adoptium
02-Oct-2026 15:09:03.487 INFO [main] org.apache.catalina.startup.VersionLoggerListener.log CATALINA_BASE:         /usr/local/tomcat
02-Oct-2026 15:09:03.487 INFO [main] org.apache.catalina.startup.VersionLoggerListener.log CATALINA_HOME:         /usr/local/tomcat
02-Oct-2026 15:09:03.499 INFO [main] org.apache.catalina.startup.VersionLoggerListener.log Command line argument: --add-opens=java.base/java.lang=ALL-UNNAMED
02-Oct-2026 15:09:03.499 INFO [main] org.apache.catalina.startup.VersionLoggerListener.log Command line argument: --add-opens=java.base/java.lang.invoke=ALL-UNNAMED
02-Oct-2026 15:09:03.500 INFO [main] org.apache.catalina.startup.VersionLoggerListener.log Command line argument: --add-opens=java.base/java.lang.reflect=ALL-UNNAMED
02-Oct-2026 15:09:03.500 INFO [main] org.apache.catalina.startup.VersionLoggerListener.log Command line argument: --add-opens=java.base/java.io=ALL-UNNAMED
02-Oct-2026 15:09:03.500 INFO [main] org.apache.catalina.startup.VersionLoggerListener.log Command line argument: --add-opens=java.base/java.util=ALL-UNNAMED
02-Oct-2026 15:09:03.500 INFO [main] org.apache.catalina.startup.VersionLoggerListener.log Command line argument: --add-opens=java.base/java.util.concurrent=ALL-UNNAMED
02-Oct-2026 15:09:03.501 INFO [main] org.apache.catalina.startup.VersionLoggerListener.log Command line argument: --add-opens=java.rmi/sun.rmi.transport=ALL-UNNAMED
02-Oct-2026 15:09:03.501 INFO [main] org.apache.catalina.startup.VersionLoggerListener.log Command line argument: -Djava.util.logging.config.file=/usr/local/tomcat/conf/logging.properties
02-Oct-2026 15:09:03.502 INFO [main] org.apache.catalina.startup.VersionLoggerListener.log Command line argument: -Djava.util.logging.manager=org.apache.juli.ClassLoaderLogManager
02-Oct-2026 15:09:03.502 INFO [main] org.apache.catalina.startup.VersionLoggerListener.log Command line argument: -Djdk.tls.ephemeralDHKeySize=2048
02-Oct-2026 15:09:03.503 INFO [main] org.apache.catalina.startup.VersionLoggerListener.log Command line argument: -Djava.protocol.handler.pkgs=org.apache.catalina.webresources
02-Oct-2026 15:09:03.503 INFO [main] org.apache.catalina.startup.VersionLoggerListener.log Command line argument: -Dsun.io.useCanonCaches=false
02-Oct-2026 15:09:03.503 INFO [main] org.apache.catalina.startup.VersionLoggerListener.log Command line argument: -Dorg.apache.catalina.security.SecurityListener.UMASK=0022
02-Oct-2026 15:09:03.504 INFO [main] org.apache.catalina.startup.VersionLoggerListener.log Command line argument: -Dignore.endorsed.dirs=
02-Oct-2026 15:09:03.504 INFO [main] org.apache.catalina.startup.VersionLoggerListener.log Command line argument: -Dcatalina.base=/usr/local/tomcat
02-Oct-2026 15:09:03.504 INFO [main] org.apache.catalina.startup.VersionLoggerListener.log Command line argument: -Dcatalina.home=/usr/local/tomcat
02-Oct-2026 15:09:03.505 INFO [main] org.apache.catalina.startup.VersionLoggerListener.log Command line argument: -Djava.io.tmpdir=/usr/local/tomcat/temp
02-Oct-2026 15:09:03.511 INFO [main] org.apache.catalina.core.AprLifecycleListener.lifecycleEvent Loaded Apache Tomcat Native library [1.3.7] using APR version [1.7.0].
02-Oct-2026 15:09:03.511 INFO [main] org.apache.catalina.core.AprLifecycleListener.lifecycleEvent APR capabilities: IPv6 [true], sendfile [true], accept filters [false], random [true], UDS [true].
02-Oct-2026 15:09:03.512 INFO [main] org.apache.catalina.core.AprLifecycleListener.lifecycleEvent APR/OpenSSL configuration: useAprConnector [false], useOpenSSL [true]
02-Oct-2026 15:09:03.517 INFO [main] org.apache.catalina.core.AprLifecycleListener.initializeSSL OpenSSL successfully initialized [OpenSSL 3.0.2 15 Mar 2022]
02-Oct-2026 15:09:03.942 INFO [main] org.apache.coyote.AbstractProtocol.init Initializing ProtocolHandler ["http-nio-8080"]
02-Oct-2026 15:09:03.979 INFO [main] org.apache.catalina.startup.Catalina.load Server initialization in [747] milliseconds
02-Oct-2026 15:09:04.087 INFO [main] org.apache.catalina.core.StandardService.startInternal Starting service [Catalina]
02-Oct-2026 15:09:04.089 INFO [main] org.apache.catalina.core.StandardEngine.startInternal Starting Servlet engine: [Apache Tomcat/9.0.117]
02-Oct-2026 15:09:04.097 INFO [main] org.apache.catalina.startup.HostConfig.deployDescriptor Deploying deployment descriptor [/usr/local/tomcat/conf/Catalina/localhost/ROOT.xml]
02-Oct-2026 15:09:06.742 INFO [main] org.apache.jasper.servlet.TldScanner.scanJars At least one JAR was scanned for TLDs yet contained no TLDs. Enable debug logging for this logger for a complete list of JARs that were scanned but no TLDs were found in them. Skipping unneeded JARs during scanning can improve startup time and JSP compilation time.
02-Oct-2026 15:09:12.434 INFO [main] com.google.inject.internal.MessageProcessor.visit An exception was caught and reported. Message: liquibase.exception.ValidationFailedException: Validation Failed:
     1 change sets check sum
          db.changelog.xml::28.09.19-14:41::seva was: 8:ae7efd3d3719eb53bf071cbf1df3005f but is now: 8:283838fa16a90af9f0255c3366ff535d

	java.lang.RuntimeException: liquibase.exception.ValidationFailedException: Validation Failed:
     1 change sets check sum
          db.changelog.xml::28.09.19-14:41::seva was: 8:ae7efd3d3719eb53bf071cbf1df3005f but is now: 8:283838fa16a90af9f0255c3366ff535d

		at com.hmdm.guice.module.AbstractLiquibaseModule.configure(AbstractLiquibaseModule.java:78)
		at com.google.inject.AbstractModule.configure(AbstractModule.java:61)
		at com.google.inject.spi.Elements$RecordingBinder.install(Elements.java:344)
		at com.google.inject.spi.Elements.getElements(Elements.java:103)
		at com.google.inject.internal.InjectorShell$Builder.build(InjectorShell.java:137)
		at com.google.inject.internal.InternalInjectorCreator.build(InternalInjectorCreator.java:103)
		at com.google.inject.Guice.createInjector(Guice.java:87)
		at com.hmdm.guice.Initializer.getInjector(Initializer.java:62)
		at com.google.inject.servlet.GuiceServletContextListener.contextInitialized(GuiceServletContextListener.java:45)
		at com.hmdm.guice.Initializer.contextInitialized(Initializer.java:126)
		at org.apache.catalina.core.StandardContext.listenerStart(StandardContext.java:4047)
		at org.apache.catalina.core.StandardContext.startInternal(StandardContext.java:4489)
		at org.apache.catalina.util.LifecycleBase.start(LifecycleBase.java:164)
		at org.apache.catalina.core.ContainerBase.addChildInternal(ContainerBase.java:597)
		at org.apache.catalina.core.ContainerBase.addChild(ContainerBase.java:569)
		at org.apache.catalina.core.StandardHost.addChild(StandardHost.java:608)
		at org.apache.catalina.startup.HostConfig.deployDescriptor(HostConfig.java:677)
		at org.apache.catalina.startup.HostConfig$DeployDescriptor.run(HostConfig.java:1836)
		at java.base/java.util.concurrent.Executors$RunnableAdapter.call(Executors.java:515)
		at java.base/java.util.concurrent.FutureTask.run(FutureTask.java:264)
		at org.apache.tomcat.util.threads.InlineExecutorService.execute(InlineExecutorService.java:82)
		at java.base/java.util.concurrent.AbstractExecutorService.submit(AbstractExecutorService.java:118)
		at org.apache.catalina.startup.HostConfig.deployDescriptors(HostConfig.java:572)
		at org.apache.catalina.startup.HostConfig.deployApps(HostConfig.java:463)
		at org.apache.catalina.startup.HostConfig.start(HostConfig.java:1576)
		at org.apache.catalina.startup.HostConfig.lifecycleEvent(HostConfig.java:309)
		at org.apache.catalina.util.LifecycleBase.fireLifecycleEvent(LifecycleBase.java:109)
		at org.apache.catalina.util.LifecycleBase.setStateInternal(LifecycleBase.java:389)
		at org.apache.catalina.util.LifecycleBase.setState(LifecycleBase.java:336)
		at org.apache.catalina.core.ContainerBase.startInternal(ContainerBase.java:774)
		at org.apache.catalina.core.StandardHost.startInternal(StandardHost.java:726)
		at org.apache.catalina.util.LifecycleBase.start(LifecycleBase.java:164)
		at org.apache.catalina.core.ContainerBase$StartChild.call(ContainerBase.java:1201)
		at org.apache.catalina.core.ContainerBase$StartChild.call(ContainerBase.java:1191)
		at java.base/java.util.concurrent.FutureTask.run(FutureTask.java:264)
		at org.apache.tomcat.util.threads.InlineExecutorService.execute(InlineExecutorService.java:82)
		at java.base/java.util.concurrent.AbstractExecutorService.submit(AbstractExecutorService.java:140)
		at org.apache.catalina.core.ContainerBase.startInternal(ContainerBase.java:747)
		at org.apache.catalina.core.StandardEngine.startInternal(StandardEngine.java:209)
		at org.apache.catalina.util.LifecycleBase.start(LifecycleBase.java:164)
		at org.apache.catalina.core.StandardService.startInternal(StandardService.java:410)
		at org.apache.catalina.util.LifecycleBase.start(LifecycleBase.java:164)
		at org.apache.catalina.core.StandardServer.startInternal(StandardServer.java:872)
		at org.apache.catalina.util.LifecycleBase.start(LifecycleBase.java:164)
		at org.apache.catalina.startup.Catalina.start(Catalina.java:736)
		at java.base/jdk.internal.reflect.NativeMethodAccessorImpl.invoke0(Native Method)
		at java.base/jdk.internal.reflect.NativeMethodAccessorImpl.invoke(NativeMethodAccessorImpl.java:62)
		at java.base/jdk.internal.reflect.DelegatingMethodAccessorImpl.invoke(DelegatingMethodAccessorImpl.java:43)
		at java.base/java.lang.reflect.Method.invoke(Method.java:566)
		at org.apache.catalina.startup.Bootstrap.start(Bootstrap.java:342)
		at org.apache.catalina.startup.Bootstrap.main(Bootstrap.java:473)
	Caused by: liquibase.exception.ValidationFailedException: Validation Failed:
     1 change sets check sum
          db.changelog.xml::28.09.19-14:41::seva was: 8:ae7efd3d3719eb53bf071cbf1df3005f but is now: 8:283838fa16a90af9f0255c3366ff535d

		at liquibase.changelog.DatabaseChangeLog.validate(DatabaseChangeLog.java:276)
		at liquibase.Liquibase.update(Liquibase.java:198)
		at liquibase.Liquibase.update(Liquibase.java:179)
		at liquibase.Liquibase.update(Liquibase.java:175)
		at liquibase.Liquibase.update(Liquibase.java:168)
		at com.hmdm.guice.module.AbstractLiquibaseModule.configure(AbstractLiquibaseModule.java:75)
		... 50 more
02-Oct-2026 15:09:13.086 INFO [main] nonapi.io.github.classgraph.classloaderhandler.lifecycle.ServletLifeCycleListener.contextInitialized Servlet context initialized
02-Oct-2026 15:09:13.087 SEVERE [main] org.apache.catalina.core.StandardContext.startInternal One or more listeners failed to start. Full details will be found in the appropriate container log file
02-Oct-2026 15:09:13.119 SEVERE [main] org.apache.catalina.core.StandardContext.startInternal Context [] startup failed due to previous errors
02-Oct-2026 15:09:13.128 INFO [main] nonapi.io.github.classgraph.classloaderhandler.lifecycle.ServletLifeCycleListener.contextDestroyed Servlet context destroyed -- closing any remaning open ClassGraph ScanResult instances
02-Oct-2026 15:09:13.131 WARNING [main] org.apache.catalina.loader.WebappClassLoaderBase.clearReferencesJdbc The web application [ROOT] registered the JDBC driver [org.postgresql.Driver] but failed to unregister it when the web application was stopped. To prevent a memory leak, the JDBC Driver has been forcibly unregistered.
02-Oct-2026 15:09:13.141 INFO [main] org.apache.catalina.startup.HostConfig.deployDescriptor Deployment of deployment descriptor [/usr/local/tomcat/conf/Catalina/localhost/ROOT.xml] has finished in [9,043] ms
02-Oct-2026 15:09:13.145 INFO [main] org.apache.coyote.AbstractProtocol.start Starting ProtocolHandler ["http-nio-8080"]
02-Oct-2026 15:09:13.168 INFO [main] org.apache.catalina.startup.Catalina.start Server startup in [9188] milliseconds
02-Oct-2026 15:09:53.155 INFO [Catalina-utility-1] org.apache.catalina.startup.HostConfig.reload Reloading context []
02-Oct-2026 15:09:55.680 INFO [Catalina-utility-1] org.apache.jasper.servlet.TldScanner.scanJars At least one JAR was scanned for TLDs yet contained no TLDs. Enable debug logging for this logger for a complete list of JARs that were scanned but no TLDs were found in them. Skipping unneeded JARs during scanning can improve startup time and JSP compilation time.
02-Oct-2026 15:10:08.998 INFO [Catalina-utility-1] com.google.inject.internal.MessageProcessor.visit An exception was caught and reported. Message: liquibase.exception.ValidationFailedException: Validation Failed:
     1 change sets check sum
          db.changelog.xml::28.09.19-14:41::seva was: 8:ae7efd3d3719eb53bf071cbf1df3005f but is now: 8:283838fa16a90af9f0255c3366ff535d

	java.lang.RuntimeException: liquibase.exception.ValidationFailedException: Validation Failed:
     1 change sets check sum
          db.changelog.xml::28.09.19-14:41::seva was: 8:ae7efd3d3719eb53bf071cbf1df3005f but is now: 8:283838fa16a90af9f0255c3366ff535d

		at com.hmdm.guice.module.AbstractLiquibaseModule.configure(AbstractLiquibaseModule.java:78)
		at com.google.inject.AbstractModule.configure(AbstractModule.java:61)
		at com.google.inject.spi.Elements$RecordingBinder.install(Elements.java:344)
		at com.google.inject.spi.Elements.getElements(Elements.java:103)
		at com.google.inject.internal.InjectorShell$Builder.build(InjectorShell.java:137)
		at com.google.inject.internal.InternalInjectorCreator.build(InternalInjectorCreator.java:103)
		at com.google.inject.Guice.createInjector(Guice.java:87)
		at com.hmdm.guice.Initializer.getInjector(Initializer.java:62)
		at com.google.inject.servlet.GuiceServletContextListener.contextInitialized(GuiceServletContextListener.java:45)
		at com.hmdm.guice.Initializer.contextInitialized(Initializer.java:126)
		at org.apache.catalina.core.StandardContext.listenerStart(StandardContext.java:4047)
		at org.apache.catalina.core.StandardContext.startInternal(StandardContext.java:4489)
		at org.apache.catalina.util.LifecycleBase.start(LifecycleBase.java:164)
		at org.apache.catalina.startup.HostConfig.reload(HostConfig.java:1420)
		at org.apache.catalina.startup.HostConfig.checkResources(HostConfig.java:1323)
		at org.apache.catalina.startup.HostConfig.check(HostConfig.java:1612)
		at org.apache.catalina.startup.HostConfig.lifecycleEvent(HostConfig.java:305)
		at org.apache.catalina.util.LifecycleBase.fireLifecycleEvent(LifecycleBase.java:109)
		at org.apache.catalina.core.ContainerBase.backgroundProcess(ContainerBase.java:971)
		at org.apache.catalina.core.ContainerBase$ContainerBackgroundProcessor.processChildren(ContainerBase.java:1170)
		at org.apache.catalina.core.ContainerBase$ContainerBackgroundProcessor.processChildren(ContainerBase.java:1174)
		at org.apache.catalina.core.ContainerBase$ContainerBackgroundProcessor.run(ContainerBase.java:1152)
		at java.base/java.util.concurrent.Executors$RunnableAdapter.call(Executors.java:515)
		at java.base/java.util.concurrent.FutureTask.runAndReset(FutureTask.java:305)
		at java.base/java.util.concurrent.ScheduledThreadPoolExecutor$ScheduledFutureTask.run(ScheduledThreadPoolExecutor.java:305)
		at java.base/java.util.concurrent.ThreadPoolExecutor.runWorker(ThreadPoolExecutor.java:1128)
		at java.base/java.util.concurrent.ThreadPoolExecutor$Worker.run(ThreadPoolExecutor.java:628)
		at org.apache.tomcat.util.threads.TaskThread$WrappingRunnable.run(TaskThread.java:63)
		at java.base/java.lang.Thread.run(Thread.java:829)
	Caused by: liquibase.exception.ValidationFailedException: Validation Failed:
     1 change sets check sum
          db.changelog.xml::28.09.19-14:41::seva was: 8:ae7efd3d3719eb53bf071cbf1df3005f but is now: 8:283838fa16a90af9f0255c3366ff535d

		at liquibase.changelog.DatabaseChangeLog.validate(DatabaseChangeLog.java:276)
		at liquibase.Liquibase.update(Liquibase.java:198)
		at liquibase.Liquibase.update(Liquibase.java:179)
		at liquibase.Liquibase.update(Liquibase.java:175)
		at liquibase.Liquibase.update(Liquibase.java:168)
		at com.hmdm.guice.module.AbstractLiquibaseModule.configure(AbstractLiquibaseModule.java:75)
		... 28 more
02-Oct-2026 15:10:09.528 INFO [Catalina-utility-1] nonapi.io.github.classgraph.classloaderhandler.lifecycle.ServletLifeCycleListener.contextInitialized Servlet context initialized
02-Oct-2026 15:10:09.529 SEVERE [Catalina-utility-1] org.apache.catalina.core.StandardContext.startInternal One or more listeners failed to start. Full details will be found in the appropriate container log file
02-Oct-2026 15:10:09.536 SEVERE [Catalina-utility-1] org.apache.catalina.core.StandardContext.startInternal Context [] startup failed due to previous errors
02-Oct-2026 15:10:09.539 INFO [Catalina-utility-1] nonapi.io.github.classgraph.classloaderhandler.lifecycle.ServletLifeCycleListener.contextDestroyed Servlet context destroyed -- closing any remaning open ClassGraph ScanResult instances
02-Oct-2026 15:10:09.546 WARNING [Catalina-utility-1] org.apache.catalina.loader.WebappClassLoaderBase.clearReferencesJdbc The web application [ROOT] registered the JDBC driver [org.postgresql.Driver] but failed to unregister it when the web application was stopped. To prevent a memory leak, the JDBC Driver has been forcibly unregistered.
02-Oct-2026 15:10:19.416 INFO [main] org.apache.catalina.startup.VersionLoggerListener.log Server version name:   Apache Tomcat/9.0.117
02-Oct-2026 15:10:19.421 INFO [main] org.apache.catalina.startup.VersionLoggerListener.log Server built:          Mar 30 2026 18:21:16 UTC
02-Oct-2026 15:10:19.422 INFO [main] org.apache.catalina.startup.VersionLoggerListener.log Server version number: 9.0.117.0
02-Oct-2026 15:10:19.423 INFO [main] org.apache.catalina.startup.VersionLoggerListener.log OS Name:               Linux
02-Oct-2026 15:10:19.424 INFO [main] org.apache.catalina.startup.VersionLoggerListener.log OS Version:            6.8.0-142-generic
02-Oct-2026 15:10:19.424 INFO [main] org.apache.catalina.startup.VersionLoggerListener.log Architecture:          amd64
02-Oct-2026 15:10:19.424 INFO [main] org.apache.catalina.startup.VersionLoggerListener.log Java Home:             /opt/java/openjdk
02-Oct-2026 15:10:19.425 INFO [main] org.apache.catalina.startup.VersionLoggerListener.log JVM Version:           11.0.31+11
02-Oct-2026 15:10:19.425 INFO [main] org.apache.catalina.startup.VersionLoggerListener.log JVM Vendor:            Eclipse Adoptium
02-Oct-2026 15:10:19.425 INFO [main] org.apache.catalina.startup.VersionLoggerListener.log CATALINA_BASE:         /usr/local/tomcat
02-Oct-2026 15:10:19.425 INFO [main] org.apache.catalina.startup.VersionLoggerListener.log CATALINA_HOME:         /usr/local/tomcat
02-Oct-2026 15:10:19.449 INFO [main] org.apache.catalina.startup.VersionLoggerListener.log Command line argument: --add-opens=java.base/java.lang=ALL-UNNAMED
02-Oct-2026 15:10:19.450 INFO [main] org.apache.catalina.startup.VersionLoggerListener.log Command line argument: --add-opens=java.base/java.lang.invoke=ALL-UNNAMED
02-Oct-2026 15:10:19.451 INFO [main] org.apache.catalina.startup.VersionLoggerListener.log Command line argument: --add-opens=java.base/java.lang.reflect=ALL-UNNAMED
02-Oct-2026 15:10:19.451 INFO [main] org.apache.catalina.startup.VersionLoggerListener.log Command line argument: --add-opens=java.base/java.io=ALL-UNNAMED
02-Oct-2026 15:10:19.451 INFO [main] org.apache.catalina.startup.VersionLoggerListener.log Command line argument: --add-opens=java.base/java.util=ALL-UNNAMED
02-Oct-2026 15:10:19.452 INFO [main] org.apache.catalina.startup.VersionLoggerListener.log Command line argument: --add-opens=java.base/java.util.concurrent=ALL-UNNAMED
02-Oct-2026 15:10:19.452 INFO [main] org.apache.catalina.startup.VersionLoggerListener.log Command line argument: --add-opens=java.rmi/sun.rmi.transport=ALL-UNNAMED
02-Oct-2026 15:10:19.452 INFO [main] org.apache.catalina.startup.VersionLoggerListener.log Command line argument: -Djava.util.logging.config.file=/usr/local/tomcat/conf/logging.properties
02-Oct-2026 15:10:19.454 INFO [main] org.apache.catalina.startup.VersionLoggerListener.log Command line argument: -Djava.util.logging.manager=org.apache.juli.ClassLoaderLogManager
02-Oct-2026 15:10:19.454 INFO [main] org.apache.catalina.startup.VersionLoggerListener.log Command line argument: -Djdk.tls.ephemeralDHKeySize=2048
02-Oct-2026 15:10:19.454 INFO [main] org.apache.catalina.startup.VersionLoggerListener.log Command line argument: -Djava.protocol.handler.pkgs=org.apache.catalina.webresources
02-Oct-2026 15:10:19.454 INFO [main] org.apache.catalina.startup.VersionLoggerListener.log Command line argument: -Dsun.io.useCanonCaches=false
02-Oct-2026 15:10:19.454 INFO [main] org.apache.catalina.startup.VersionLoggerListener.log Command line argument: -Dorg.apache.catalina.security.SecurityListener.UMASK=0022
02-Oct-2026 15:10:19.454 INFO [main] org.apache.catalina.startup.VersionLoggerListener.log Command line argument: -Dignore.endorsed.dirs=
02-Oct-2026 15:10:19.454 INFO [main] org.apache.catalina.startup.VersionLoggerListener.log Command line argument: -Dcatalina.base=/usr/local/tomcat
02-Oct-2026 15:10:19.454 INFO [main] org.apache.catalina.startup.VersionLoggerListener.log Command line argument: -Dcatalina.home=/usr/local/tomcat
02-Oct-2026 15:10:19.455 INFO [main] org.apache.catalina.startup.VersionLoggerListener.log Command line argument: -Djava.io.tmpdir=/usr/local/tomcat/temp
02-Oct-2026 15:10:19.462 INFO [main] org.apache.catalina.core.AprLifecycleListener.lifecycleEvent Loaded Apache Tomcat Native library [1.3.7] using APR version [1.7.0].
02-Oct-2026 15:10:19.463 INFO [main] org.apache.catalina.core.AprLifecycleListener.lifecycleEvent APR capabilities: IPv6 [true], sendfile [true], accept filters [false], random [true], UDS [true].
02-Oct-2026 15:10:19.463 INFO [main] org.apache.catalina.core.AprLifecycleListener.lifecycleEvent APR/OpenSSL configuration: useAprConnector [false], useOpenSSL [true]
02-Oct-2026 15:10:19.468 INFO [main] org.apache.catalina.core.AprLifecycleListener.initializeSSL OpenSSL successfully initialized [OpenSSL 3.0.2 15 Mar 2022]
02-Oct-2026 15:10:19.941 INFO [main] org.apache.coyote.AbstractProtocol.init Initializing ProtocolHandler ["http-nio-8080"]
02-Oct-2026 15:10:19.979 INFO [main] org.apache.catalina.startup.Catalina.load Server initialization in [883] milliseconds
02-Oct-2026 15:10:20.122 INFO [main] org.apache.catalina.core.StandardService.startInternal Starting service [Catalina]
02-Oct-2026 15:10:20.123 INFO [main] org.apache.catalina.core.StandardEngine.startInternal Starting Servlet engine: [Apache Tomcat/9.0.117]
02-Oct-2026 15:10:20.148 INFO [main] org.apache.catalina.startup.HostConfig.deployDescriptor Deploying deployment descriptor [/usr/local/tomcat/conf/Catalina/localhost/ROOT.xml]
02-Oct-2026 15:10:20.250 INFO [main] org.apache.catalina.startup.ExpandWar.expand An expanded directory [/usr/local/tomcat/webapps/ROOT] was found with a last modified time that did not match the associated WAR. It will be deleted.
02-Oct-2026 15:10:23.690 INFO [main] org.apache.jasper.servlet.TldScanner.scanJars At least one JAR was scanned for TLDs yet contained no TLDs. Enable debug logging for this logger for a complete list of JARs that were scanned but no TLDs were found in them. Skipping unneeded JARs during scanning can improve startup time and JSP compilation time.
02-Oct-2026 15:10:33.409 INFO [main] com.google.inject.internal.MessageProcessor.visit An exception was caught and reported. Message: liquibase.exception.ValidationFailedException: Validation Failed:
     1 change sets check sum
          db.changelog.xml::28.09.19-14:41::seva was: 8:ae7efd3d3719eb53bf071cbf1df3005f but is now: 8:283838fa16a90af9f0255c3366ff535d

	java.lang.RuntimeException: liquibase.exception.ValidationFailedException: Validation Failed:
     1 change sets check sum
          db.changelog.xml::28.09.19-14:41::seva was: 8:ae7efd3d3719eb53bf071cbf1df3005f but is now: 8:283838fa16a90af9f0255c3366ff535d

		at com.hmdm.guice.module.AbstractLiquibaseModule.configure(AbstractLiquibaseModule.java:78)
		at com.google.inject.AbstractModule.configure(AbstractModule.java:61)
		at com.google.inject.spi.Elements$RecordingBinder.install(Elements.java:344)
		at com.google.inject.spi.Elements.getElements(Elements.java:103)
		at com.google.inject.internal.InjectorShell$Builder.build(InjectorShell.java:137)
		at com.google.inject.internal.InternalInjectorCreator.build(InternalInjectorCreator.java:103)
		at com.google.inject.Guice.createInjector(Guice.java:87)
		at com.hmdm.guice.Initializer.getInjector(Initializer.java:62)
		at com.google.inject.servlet.GuiceServletContextListener.contextInitialized(GuiceServletContextListener.java:45)
		at com.hmdm.guice.Initializer.contextInitialized(Initializer.java:126)
		at org.apache.catalina.core.StandardContext.listenerStart(StandardContext.java:4047)
		at org.apache.catalina.core.StandardContext.startInternal(StandardContext.java:4489)
		at org.apache.catalina.util.LifecycleBase.start(LifecycleBase.java:164)
		at org.apache.catalina.core.ContainerBase.addChildInternal(ContainerBase.java:597)
		at org.apache.catalina.core.ContainerBase.addChild(ContainerBase.java:569)
		at org.apache.catalina.core.StandardHost.addChild(StandardHost.java:608)
		at org.apache.catalina.startup.HostConfig.deployDescriptor(HostConfig.java:677)
		at org.apache.catalina.startup.HostConfig$DeployDescriptor.run(HostConfig.java:1836)
		at java.base/java.util.concurrent.Executors$RunnableAdapter.call(Executors.java:515)
		at java.base/java.util.concurrent.FutureTask.run(FutureTask.java:264)
		at org.apache.tomcat.util.threads.InlineExecutorService.execute(InlineExecutorService.java:82)
		at java.base/java.util.concurrent.AbstractExecutorService.submit(AbstractExecutorService.java:118)
		at org.apache.catalina.startup.HostConfig.deployDescriptors(HostConfig.java:572)
		at org.apache.catalina.startup.HostConfig.deployApps(HostConfig.java:463)
		at org.apache.catalina.startup.HostConfig.start(HostConfig.java:1576)
		at org.apache.catalina.startup.HostConfig.lifecycleEvent(HostConfig.java:309)
		at org.apache.catalina.util.LifecycleBase.fireLifecycleEvent(LifecycleBase.java:109)
		at org.apache.catalina.util.LifecycleBase.setStateInternal(LifecycleBase.java:389)
		at org.apache.catalina.util.LifecycleBase.setState(LifecycleBase.java:336)
		at org.apache.catalina.core.ContainerBase.startInternal(ContainerBase.java:774)
		at org.apache.catalina.core.StandardHost.startInternal(StandardHost.java:726)
		at org.apache.catalina.util.LifecycleBase.start(LifecycleBase.java:164)
		at org.apache.catalina.core.ContainerBase$StartChild.call(ContainerBase.java:1201)
		at org.apache.catalina.core.ContainerBase$StartChild.call(ContainerBase.java:1191)
		at java.base/java.util.concurrent.FutureTask.run(FutureTask.java:264)
		at org.apache.tomcat.util.threads.InlineExecutorService.execute(InlineExecutorService.java:82)
		at java.base/java.util.concurrent.AbstractExecutorService.submit(AbstractExecutorService.java:140)
		at org.apache.catalina.core.ContainerBase.startInternal(ContainerBase.java:747)
		at org.apache.catalina.core.StandardEngine.startInternal(StandardEngine.java:209)
		at org.apache.catalina.util.LifecycleBase.start(LifecycleBase.java:164)
		at org.apache.catalina.core.StandardService.startInternal(StandardService.java:410)
		at org.apache.catalina.util.LifecycleBase.start(LifecycleBase.java:164)
		at org.apache.catalina.core.StandardServer.startInternal(StandardServer.java:872)
		at org.apache.catalina.util.LifecycleBase.start(LifecycleBase.java:164)
		at org.apache.catalina.startup.Catalina.start(Catalina.java:736)
		at java.base/jdk.internal.reflect.NativeMethodAccessorImpl.invoke0(Native Method)
		at java.base/jdk.internal.reflect.NativeMethodAccessorImpl.invoke(NativeMethodAccessorImpl.java:62)
		at java.base/jdk.internal.reflect.DelegatingMethodAccessorImpl.invoke(DelegatingMethodAccessorImpl.java:43)
		at java.base/java.lang.reflect.Method.invoke(Method.java:566)
		at org.apache.catalina.startup.Bootstrap.start(Bootstrap.java:342)
		at org.apache.catalina.startup.Bootstrap.main(Bootstrap.java:473)
	Caused by: liquibase.exception.ValidationFailedException: Validation Failed:
     1 change sets check sum
          db.changelog.xml::28.09.19-14:41::seva was: 8:ae7efd3d3719eb53bf071cbf1df3005f but is now: 8:283838fa16a90af9f0255c3366ff535d

		at liquibase.changelog.DatabaseChangeLog.validate(DatabaseChangeLog.java:276)
		at liquibase.Liquibase.update(Liquibase.java:198)
		at liquibase.Liquibase.update(Liquibase.java:179)
		at liquibase.Liquibase.update(Liquibase.java:175)
		at liquibase.Liquibase.update(Liquibase.java:168)
		at com.hmdm.guice.module.AbstractLiquibaseModule.configure(AbstractLiquibaseModule.java:75)
		... 50 more
02-Oct-2026 15:10:34.014 INFO [main] nonapi.io.github.classgraph.classloaderhandler.lifecycle.ServletLifeCycleListener.contextInitialized Servlet context initialized
02-Oct-2026 15:10:34.014 SEVERE [main] org.apache.catalina.core.StandardContext.startInternal One or more listeners failed to start. Full details will be found in the appropriate container log file
02-Oct-2026 15:10:34.048 SEVERE [main] org.apache.catalina.core.StandardContext.startInternal Context [] startup failed due to previous errors
02-Oct-2026 15:10:34.062 INFO [main] nonapi.io.github.classgraph.classloaderhandler.lifecycle.ServletLifeCycleListener.contextDestroyed Servlet context destroyed -- closing any remaning open ClassGraph ScanResult instances
02-Oct-2026 15:10:34.069 WARNING [main] org.apache.catalina.loader.WebappClassLoaderBase.clearReferencesJdbc The web application [ROOT] registered the JDBC driver [org.postgresql.Driver] but failed to unregister it when the web application was stopped. To prevent a memory leak, the JDBC Driver has been forcibly unregistered.
02-Oct-2026 15:10:34.081 INFO [main] org.apache.catalina.startup.HostConfig.deployDescriptor Deployment of deployment descriptor [/usr/local/tomcat/conf/Catalina/localhost/ROOT.xml] has finished in [13,931] ms
02-Oct-2026 15:10:34.085 INFO [main] org.apache.coyote.AbstractProtocol.start Starting ProtocolHandler ["http-nio-8080"]
02-Oct-2026 15:10:34.112 INFO [main] org.apache.catalina.startup.Catalina.start Server startup in [14131] milliseconds
02-Oct-2026 15:14:01.645 INFO [main] org.apache.catalina.startup.VersionLoggerListener.log Server version name:   Apache Tomcat/9.0.117
02-Oct-2026 15:14:01.650 INFO [main] org.apache.catalina.startup.VersionLoggerListener.log Server built:          Mar 30 2026 18:21:16 UTC
02-Oct-2026 15:14:01.651 INFO [main] org.apache.catalina.startup.VersionLoggerListener.log Server version number: 9.0.117.0
02-Oct-2026 15:14:01.651 INFO [main] org.apache.catalina.startup.VersionLoggerListener.log OS Name:               Linux
02-Oct-2026 15:14:01.652 INFO [main] org.apache.catalina.startup.VersionLoggerListener.log OS Version:            6.8.0-142-generic
02-Oct-2026 15:14:01.652 INFO [main] org.apache.catalina.startup.VersionLoggerListener.log Architecture:          amd64
02-Oct-2026 15:14:01.653 INFO [main] org.apache.catalina.startup.VersionLoggerListener.log Java Home:             /opt/java/openjdk
02-Oct-2026 15:14:01.653 INFO [main] org.apache.catalina.startup.VersionLoggerListener.log JVM Version:           11.0.31+11
02-Oct-2026 15:14:01.654 INFO [main] org.apache.catalina.startup.VersionLoggerListener.log JVM Vendor:            Eclipse Adoptium
02-Oct-2026 15:14:01.654 INFO [main] org.apache.catalina.startup.VersionLoggerListener.log CATALINA_BASE:         /usr/local/tomcat
02-Oct-2026 15:14:01.654 INFO [main] org.apache.catalina.startup.VersionLoggerListener.log CATALINA_HOME:         /usr/local/tomcat
02-Oct-2026 15:14:01.674 INFO [main] org.apache.catalina.startup.VersionLoggerListener.log Command line argument: --add-opens=java.base/java.lang=ALL-UNNAMED
02-Oct-2026 15:14:01.674 INFO [main] org.apache.catalina.startup.VersionLoggerListener.log Command line argument: --add-opens=java.base/java.lang.invoke=ALL-UNNAMED
02-Oct-2026 15:14:01.674 INFO [main] org.apache.catalina.startup.VersionLoggerListener.log Command line argument: --add-opens=java.base/java.lang.reflect=ALL-UNNAMED
02-Oct-2026 15:14:01.675 INFO [main] org.apache.catalina.startup.VersionLoggerListener.log Command line argument: --add-opens=java.base/java.io=ALL-UNNAMED
02-Oct-2026 15:14:01.675 INFO [main] org.apache.catalina.startup.VersionLoggerListener.log Command line argument: --add-opens=java.base/java.util=ALL-UNNAMED
02-Oct-2026 15:14:01.675 INFO [main] org.apache.catalina.startup.VersionLoggerListener.log Command line argument: --add-opens=java.base/java.util.concurrent=ALL-UNNAMED
02-Oct-2026 15:14:01.675 INFO [main] org.apache.catalina.startup.VersionLoggerListener.log Command line argument: --add-opens=java.rmi/sun.rmi.transport=ALL-UNNAMED
02-Oct-2026 15:14:01.676 INFO [main] org.apache.catalina.startup.VersionLoggerListener.log Command line argument: -Djava.util.logging.config.file=/usr/local/tomcat/conf/logging.properties
02-Oct-2026 15:14:01.676 INFO [main] org.apache.catalina.startup.VersionLoggerListener.log Command line argument: -Djava.util.logging.manager=org.apache.juli.ClassLoaderLogManager
02-Oct-2026 15:14:01.677 INFO [main] org.apache.catalina.startup.VersionLoggerListener.log Command line argument: -Djdk.tls.ephemeralDHKeySize=2048
02-Oct-2026 15:14:01.678 INFO [main] org.apache.catalina.startup.VersionLoggerListener.log Command line argument: -Djava.protocol.handler.pkgs=org.apache.catalina.webresources
02-Oct-2026 15:14:01.678 INFO [main] org.apache.catalina.startup.VersionLoggerListener.log Command line argument: -Dsun.io.useCanonCaches=false
02-Oct-2026 15:14:01.678 INFO [main] org.apache.catalina.startup.VersionLoggerListener.log Command line argument: -Dorg.apache.catalina.security.SecurityListener.UMASK=0022
02-Oct-2026 15:14:01.678 INFO [main] org.apache.catalina.startup.VersionLoggerListener.log Command line argument: -Dignore.endorsed.dirs=
02-Oct-2026 15:14:01.679 INFO [main] org.apache.catalina.startup.VersionLoggerListener.log Command line argument: -Dcatalina.base=/usr/local/tomcat
02-Oct-2026 15:14:01.679 INFO [main] org.apache.catalina.startup.VersionLoggerListener.log Command line argument: -Dcatalina.home=/usr/local/tomcat
02-Oct-2026 15:14:01.679 INFO [main] org.apache.catalina.startup.VersionLoggerListener.log Command line argument: -Djava.io.tmpdir=/usr/local/tomcat/temp
02-Oct-2026 15:14:01.684 INFO [main] org.apache.catalina.core.AprLifecycleListener.lifecycleEvent Loaded Apache Tomcat Native library [1.3.7] using APR version [1.7.0].
02-Oct-2026 15:14:01.685 INFO [main] org.apache.catalina.core.AprLifecycleListener.lifecycleEvent APR capabilities: IPv6 [true], sendfile [true], accept filters [false], random [true], UDS [true].
02-Oct-2026 15:14:01.685 INFO [main] org.apache.catalina.core.AprLifecycleListener.lifecycleEvent APR/OpenSSL configuration: useAprConnector [false], useOpenSSL [true]
02-Oct-2026 15:14:01.690 INFO [main] org.apache.catalina.core.AprLifecycleListener.initializeSSL OpenSSL successfully initialized [OpenSSL 3.0.2 15 Mar 2022]
02-Oct-2026 15:14:02.177 INFO [main] org.apache.coyote.AbstractProtocol.init Initializing ProtocolHandler ["http-nio-8080"]
02-Oct-2026 15:14:02.217 INFO [main] org.apache.catalina.startup.Catalina.load Server initialization in [951] milliseconds
02-Oct-2026 15:14:02.348 INFO [main] org.apache.catalina.core.StandardService.startInternal Starting service [Catalina]
02-Oct-2026 15:14:02.352 INFO [main] org.apache.catalina.core.StandardEngine.startInternal Starting Servlet engine: [Apache Tomcat/9.0.117]
02-Oct-2026 15:14:02.366 INFO [main] org.apache.catalina.startup.HostConfig.deployDescriptor Deploying deployment descriptor [/usr/local/tomcat/conf/Catalina/localhost/ROOT.xml]
02-Oct-2026 15:14:05.176 INFO [main] org.apache.jasper.servlet.TldScanner.scanJars At least one JAR was scanned for TLDs yet contained no TLDs. Enable debug logging for this logger for a complete list of JARs that were scanned but no TLDs were found in them. Skipping unneeded JARs during scanning can improve startup time and JSP compilation time.
02-Oct-2026 15:14:13.744 INFO [main] nonapi.io.github.classgraph.classloaderhandler.lifecycle.ServletLifeCycleListener.contextInitialized Servlet context initialized
02-Oct-2026 15:14:19.124 INFO [main] org.apache.catalina.startup.HostConfig.deployDescriptor Deployment of deployment descriptor [/usr/local/tomcat/conf/Catalina/localhost/ROOT.xml] has finished in [16,756] ms
02-Oct-2026 15:14:19.142 INFO [main] org.apache.coyote.AbstractProtocol.start Starting ProtocolHandler ["http-nio-8080"]
02-Oct-2026 15:14:19.209 INFO [main] org.apache.catalina.startup.Catalina.start Server startup in [16990] milliseconds
02-Oct-2026 15:38:55.915 INFO [main] org.apache.catalina.startup.VersionLoggerListener.log Server version name:   Apache Tomcat/9.0.117
02-Oct-2026 15:38:55.919 INFO [main] org.apache.catalina.startup.VersionLoggerListener.log Server built:          Mar 30 2026 18:21:16 UTC
02-Oct-2026 15:38:55.921 INFO [main] org.apache.catalina.startup.VersionLoggerListener.log Server version number: 9.0.117.0
02-Oct-2026 15:38:55.922 INFO [main] org.apache.catalina.startup.VersionLoggerListener.log OS Name:               Linux
02-Oct-2026 15:38:55.922 INFO [main] org.apache.catalina.startup.VersionLoggerListener.log OS Version:            6.8.0-142-generic
02-Oct-2026 15:38:55.922 INFO [main] org.apache.catalina.startup.VersionLoggerListener.log Architecture:          amd64
02-Oct-2026 15:38:55.923 INFO [main] org.apache.catalina.startup.VersionLoggerListener.log Java Home:             /opt/java/openjdk
02-Oct-2026 15:38:55.923 INFO [main] org.apache.catalina.startup.VersionLoggerListener.log JVM Version:           11.0.31+11
02-Oct-2026 15:38:55.923 INFO [main] org.apache.catalina.startup.VersionLoggerListener.log JVM Vendor:            Eclipse Adoptium
02-Oct-2026 15:38:55.924 INFO [main] org.apache.catalina.startup.VersionLoggerListener.log CATALINA_BASE:         /usr/local/tomcat
02-Oct-2026 15:38:55.924 INFO [main] org.apache.catalina.startup.VersionLoggerListener.log CATALINA_HOME:         /usr/local/tomcat
02-Oct-2026 15:38:55.945 INFO [main] org.apache.catalina.startup.VersionLoggerListener.log Command line argument: --add-opens=java.base/java.lang=ALL-UNNAMED
02-Oct-2026 15:38:55.945 INFO [main] org.apache.catalina.startup.VersionLoggerListener.log Command line argument: --add-opens=java.base/java.lang.invoke=ALL-UNNAMED
02-Oct-2026 15:38:55.945 INFO [main] org.apache.catalina.startup.VersionLoggerListener.log Command line argument: --add-opens=java.base/java.lang.reflect=ALL-UNNAMED
02-Oct-2026 15:38:55.945 INFO [main] org.apache.catalina.startup.VersionLoggerListener.log Command line argument: --add-opens=java.base/java.io=ALL-UNNAMED
02-Oct-2026 15:38:55.945 INFO [main] org.apache.catalina.startup.VersionLoggerListener.log Command line argument: --add-opens=java.base/java.util=ALL-UNNAMED
02-Oct-2026 15:38:55.945 INFO [main] org.apache.catalina.startup.VersionLoggerListener.log Command line argument: --add-opens=java.base/java.util.concurrent=ALL-UNNAMED
02-Oct-2026 15:38:55.945 INFO [main] org.apache.catalina.startup.VersionLoggerListener.log Command line argument: --add-opens=java.rmi/sun.rmi.transport=ALL-UNNAMED
02-Oct-2026 15:38:55.945 INFO [main] org.apache.catalina.startup.VersionLoggerListener.log Command line argument: -Djava.util.logging.config.file=/usr/local/tomcat/conf/logging.properties
02-Oct-2026 15:38:55.945 INFO [main] org.apache.catalina.startup.VersionLoggerListener.log Command line argument: -Djava.util.logging.manager=org.apache.juli.ClassLoaderLogManager
02-Oct-2026 15:38:55.946 INFO [main] org.apache.catalina.startup.VersionLoggerListener.log Command line argument: -Djdk.tls.ephemeralDHKeySize=2048
02-Oct-2026 15:38:55.946 INFO [main] org.apache.catalina.startup.VersionLoggerListener.log Command line argument: -Djava.protocol.handler.pkgs=org.apache.catalina.webresources
02-Oct-2026 15:38:55.946 INFO [main] org.apache.catalina.startup.VersionLoggerListener.log Command line argument: -Dsun.io.useCanonCaches=false
02-Oct-2026 15:38:55.946 INFO [main] org.apache.catalina.startup.VersionLoggerListener.log Command line argument: -Dorg.apache.catalina.security.SecurityListener.UMASK=0022
02-Oct-2026 15:38:55.946 INFO [main] org.apache.catalina.startup.VersionLoggerListener.log Command line argument: -Dignore.endorsed.dirs=
02-Oct-2026 15:38:55.946 INFO [main] org.apache.catalina.startup.VersionLoggerListener.log Command line argument: -Dcatalina.base=/usr/local/tomcat
02-Oct-2026 15:38:55.946 INFO [main] org.apache.catalina.startup.VersionLoggerListener.log Command line argument: -Dcatalina.home=/usr/local/tomcat
02-Oct-2026 15:38:55.946 INFO [main] org.apache.catalina.startup.VersionLoggerListener.log Command line argument: -Djava.io.tmpdir=/usr/local/tomcat/temp
02-Oct-2026 15:38:55.954 INFO [main] org.apache.catalina.core.AprLifecycleListener.lifecycleEvent Loaded Apache Tomcat Native library [1.3.7] using APR version [1.7.0].
02-Oct-2026 15:38:55.955 INFO [main] org.apache.catalina.core.AprLifecycleListener.lifecycleEvent APR capabilities: IPv6 [true], sendfile [true], accept filters [false], random [true], UDS [true].
02-Oct-2026 15:38:55.955 INFO [main] org.apache.catalina.core.AprLifecycleListener.lifecycleEvent APR/OpenSSL configuration: useAprConnector [false], useOpenSSL [true]
02-Oct-2026 15:38:55.959 INFO [main] org.apache.catalina.core.AprLifecycleListener.initializeSSL OpenSSL successfully initialized [OpenSSL 3.0.2 15 Mar 2022]
02-Oct-2026 15:38:56.465 INFO [main] org.apache.coyote.AbstractProtocol.init Initializing ProtocolHandler ["http-nio-8080"]
02-Oct-2026 15:38:56.546 INFO [main] org.apache.catalina.startup.Catalina.load Server initialization in [1224] milliseconds
02-Oct-2026 15:38:56.733 INFO [main] org.apache.catalina.core.StandardService.startInternal Starting service [Catalina]
02-Oct-2026 15:38:56.735 INFO [main] org.apache.catalina.core.StandardEngine.startInternal Starting Servlet engine: [Apache Tomcat/9.0.117]
02-Oct-2026 15:38:56.751 INFO [main] org.apache.catalina.startup.HostConfig.deployDescriptor Deploying deployment descriptor [/usr/local/tomcat/conf/Catalina/localhost/ROOT.xml]
02-Oct-2026 15:39:00.779 INFO [main] org.apache.jasper.servlet.TldScanner.scanJars At least one JAR was scanned for TLDs yet contained no TLDs. Enable debug logging for this logger for a complete list of JARs that were scanned but no TLDs were found in them. Skipping unneeded JARs during scanning can improve startup time and JSP compilation time.
02-Oct-2026 15:39:09.307 INFO [main] nonapi.io.github.classgraph.classloaderhandler.lifecycle.ServletLifeCycleListener.contextInitialized Servlet context initialized
02-Oct-2026 15:39:13.471 INFO [main] org.apache.catalina.startup.HostConfig.deployDescriptor Deployment of deployment descriptor [/usr/local/tomcat/conf/Catalina/localhost/ROOT.xml] has finished in [16,715] ms
02-Oct-2026 15:39:13.477 INFO [main] org.apache.coyote.AbstractProtocol.start Starting ProtocolHandler ["http-nio-8080"]
02-Oct-2026 15:39:13.492 INFO [main] org.apache.catalina.startup.Catalina.start Server startup in [16945] milliseconds
02-Oct-2026 16:17:53.684 INFO [main] org.apache.catalina.startup.VersionLoggerListener.log Server version name:   Apache Tomcat/9.0.117
02-Oct-2026 16:17:53.688 INFO [main] org.apache.catalina.startup.VersionLoggerListener.log Server built:          Mar 30 2026 18:21:16 UTC
02-Oct-2026 16:17:53.689 INFO [main] org.apache.catalina.startup.VersionLoggerListener.log Server version number: 9.0.117.0
02-Oct-2026 16:17:53.689 INFO [main] org.apache.catalina.startup.VersionLoggerListener.log OS Name:               Linux
02-Oct-2026 16:17:53.690 INFO [main] org.apache.catalina.startup.VersionLoggerListener.log OS Version:            6.8.0-142-generic
02-Oct-2026 16:17:53.690 INFO [main] org.apache.catalina.startup.VersionLoggerListener.log Architecture:          amd64
02-Oct-2026 16:17:53.690 INFO [main] org.apache.catalina.startup.VersionLoggerListener.log Java Home:             /opt/java/openjdk
02-Oct-2026 16:17:53.691 INFO [main] org.apache.catalina.startup.VersionLoggerListener.log JVM Version:           11.0.31+11
02-Oct-2026 16:17:53.691 INFO [main] org.apache.catalina.startup.VersionLoggerListener.log JVM Vendor:            Eclipse Adoptium
02-Oct-2026 16:17:53.691 INFO [main] org.apache.catalina.startup.VersionLoggerListener.log CATALINA_BASE:         /usr/local/tomcat
02-Oct-2026 16:17:53.692 INFO [main] org.apache.catalina.startup.VersionLoggerListener.log CATALINA_HOME:         /usr/local/tomcat
02-Oct-2026 16:17:53.708 INFO [main] org.apache.catalina.startup.VersionLoggerListener.log Command line argument: --add-opens=java.base/java.lang=ALL-UNNAMED
02-Oct-2026 16:17:53.708 INFO [main] org.apache.catalina.startup.VersionLoggerListener.log Command line argument: --add-opens=java.base/java.lang.invoke=ALL-UNNAMED
02-Oct-2026 16:17:53.708 INFO [main] org.apache.catalina.startup.VersionLoggerListener.log Command line argument: --add-opens=java.base/java.lang.reflect=ALL-UNNAMED
02-Oct-2026 16:17:53.709 INFO [main] org.apache.catalina.startup.VersionLoggerListener.log Command line argument: --add-opens=java.base/java.io=ALL-UNNAMED
02-Oct-2026 16:17:53.709 INFO [main] org.apache.catalina.startup.VersionLoggerListener.log Command line argument: --add-opens=java.base/java.util=ALL-UNNAMED
02-Oct-2026 16:17:53.709 INFO [main] org.apache.catalina.startup.VersionLoggerListener.log Command line argument: --add-opens=java.base/java.util.concurrent=ALL-UNNAMED
02-Oct-2026 16:17:53.709 INFO [main] org.apache.catalina.startup.VersionLoggerListener.log Command line argument: --add-opens=java.rmi/sun.rmi.transport=ALL-UNNAMED
02-Oct-2026 16:17:53.709 INFO [main] org.apache.catalina.startup.VersionLoggerListener.log Command line argument: -Djava.util.logging.config.file=/usr/local/tomcat/conf/logging.properties
02-Oct-2026 16:17:53.710 INFO [main] org.apache.catalina.startup.VersionLoggerListener.log Command line argument: -Djava.util.logging.manager=org.apache.juli.ClassLoaderLogManager
02-Oct-2026 16:17:53.711 INFO [main] org.apache.catalina.startup.VersionLoggerListener.log Command line argument: -Djdk.tls.ephemeralDHKeySize=2048
02-Oct-2026 16:17:53.711 INFO [main] org.apache.catalina.startup.VersionLoggerListener.log Command line argument: -Djava.protocol.handler.pkgs=org.apache.catalina.webresources
02-Oct-2026 16:17:53.711 INFO [main] org.apache.catalina.startup.VersionLoggerListener.log Command line argument: -Dsun.io.useCanonCaches=false
02-Oct-2026 16:17:53.712 INFO [main] org.apache.catalina.startup.VersionLoggerListener.log Command line argument: -Dorg.apache.catalina.security.SecurityListener.UMASK=0022
02-Oct-2026 16:17:53.712 INFO [main] org.apache.catalina.startup.VersionLoggerListener.log Command line argument: -Dignore.endorsed.dirs=
02-Oct-2026 16:17:53.712 INFO [main] org.apache.catalina.startup.VersionLoggerListener.log Command line argument: -Dcatalina.base=/usr/local/tomcat
02-Oct-2026 16:17:53.712 INFO [main] org.apache.catalina.startup.VersionLoggerListener.log Command line argument: -Dcatalina.home=/usr/local/tomcat
02-Oct-2026 16:17:53.712 INFO [main] org.apache.catalina.startup.VersionLoggerListener.log Command line argument: -Djava.io.tmpdir=/usr/local/tomcat/temp
02-Oct-2026 16:17:53.719 INFO [main] org.apache.catalina.core.AprLifecycleListener.lifecycleEvent Loaded Apache Tomcat Native library [1.3.7] using APR version [1.7.0].
02-Oct-2026 16:17:53.720 INFO [main] org.apache.catalina.core.AprLifecycleListener.lifecycleEvent APR capabilities: IPv6 [true], sendfile [true], accept filters [false], random [true], UDS [true].
02-Oct-2026 16:17:53.720 INFO [main] org.apache.catalina.core.AprLifecycleListener.lifecycleEvent APR/OpenSSL configuration: useAprConnector [false], useOpenSSL [true]
02-Oct-2026 16:17:53.726 INFO [main] org.apache.catalina.core.AprLifecycleListener.initializeSSL OpenSSL successfully initialized [OpenSSL 3.0.2 15 Mar 2022]
02-Oct-2026 16:17:54.189 INFO [main] org.apache.coyote.AbstractProtocol.init Initializing ProtocolHandler ["http-nio-8080"]
02-Oct-2026 16:17:54.229 INFO [main] org.apache.catalina.startup.Catalina.load Server initialization in [866] milliseconds
02-Oct-2026 16:17:54.327 INFO [main] org.apache.catalina.core.StandardService.startInternal Starting service [Catalina]
02-Oct-2026 16:17:54.330 INFO [main] org.apache.catalina.core.StandardEngine.startInternal Starting Servlet engine: [Apache Tomcat/9.0.117]
02-Oct-2026 16:17:54.342 INFO [main] org.apache.catalina.startup.HostConfig.deployDescriptor Deploying deployment descriptor [/usr/local/tomcat/conf/Catalina/localhost/ROOT.xml]
02-Oct-2026 16:17:54.391 INFO [main] org.apache.catalina.startup.ExpandWar.expand An expanded directory [/usr/local/tomcat/webapps/ROOT] was found with a last modified time that did not match the associated WAR. It will be deleted.
02-Oct-2026 16:17:57.785 INFO [main] org.apache.jasper.servlet.TldScanner.scanJars At least one JAR was scanned for TLDs yet contained no TLDs. Enable debug logging for this logger for a complete list of JARs that were scanned but no TLDs were found in them. Skipping unneeded JARs during scanning can improve startup time and JSP compilation time.
02-Oct-2026 16:18:09.550 INFO [main] nonapi.io.github.classgraph.classloaderhandler.lifecycle.ServletLifeCycleListener.contextInitialized Servlet context initialized
02-Oct-2026 16:18:12.951 INFO [main] org.apache.catalina.startup.HostConfig.deployDescriptor Deployment of deployment descriptor [/usr/local/tomcat/conf/Catalina/localhost/ROOT.xml] has finished in [18,607] ms
02-Oct-2026 16:18:12.957 INFO [main] org.apache.coyote.AbstractProtocol.start Starting ProtocolHandler ["http-nio-8080"]
02-Oct-2026 16:18:12.978 INFO [main] org.apache.catalina.startup.Catalina.start Server startup in [18748] milliseconds
02-Oct-2026 16:21:37.546 INFO [main] org.apache.catalina.startup.VersionLoggerListener.log Server version name:   Apache Tomcat/9.0.117
02-Oct-2026 16:21:37.553 INFO [main] org.apache.catalina.startup.VersionLoggerListener.log Server built:          Mar 30 2026 18:21:16 UTC
02-Oct-2026 16:21:37.553 INFO [main] org.apache.catalina.startup.VersionLoggerListener.log Server version number: 9.0.117.0
02-Oct-2026 16:21:37.553 INFO [main] org.apache.catalina.startup.VersionLoggerListener.log OS Name:               Linux
02-Oct-2026 16:21:37.554 INFO [main] org.apache.catalina.startup.VersionLoggerListener.log OS Version:            6.8.0-142-generic
02-Oct-2026 16:21:37.554 INFO [main] org.apache.catalina.startup.VersionLoggerListener.log Architecture:          amd64
02-Oct-2026 16:21:37.554 INFO [main] org.apache.catalina.startup.VersionLoggerListener.log Java Home:             /opt/java/openjdk
02-Oct-2026 16:21:37.554 INFO [main] org.apache.catalina.startup.VersionLoggerListener.log JVM Version:           11.0.31+11
02-Oct-2026 16:21:37.555 INFO [main] org.apache.catalina.startup.VersionLoggerListener.log JVM Vendor:            Eclipse Adoptium
02-Oct-2026 16:21:37.555 INFO [main] org.apache.catalina.startup.VersionLoggerListener.log CATALINA_BASE:         /usr/local/tomcat
02-Oct-2026 16:21:37.555 INFO [main] org.apache.catalina.startup.VersionLoggerListener.log CATALINA_HOME:         /usr/local/tomcat
02-Oct-2026 16:21:37.570 INFO [main] org.apache.catalina.startup.VersionLoggerListener.log Command line argument: --add-opens=java.base/java.lang=ALL-UNNAMED
02-Oct-2026 16:21:37.570 INFO [main] org.apache.catalina.startup.VersionLoggerListener.log Command line argument: --add-opens=java.base/java.lang.invoke=ALL-UNNAMED
02-Oct-2026 16:21:37.571 INFO [main] org.apache.catalina.startup.VersionLoggerListener.log Command line argument: --add-opens=java.base/java.lang.reflect=ALL-UNNAMED
02-Oct-2026 16:21:37.571 INFO [main] org.apache.catalina.startup.VersionLoggerListener.log Command line argument: --add-opens=java.base/java.io=ALL-UNNAMED
02-Oct-2026 16:21:37.571 INFO [main] org.apache.catalina.startup.VersionLoggerListener.log Command line argument: --add-opens=java.base/java.util=ALL-UNNAMED
02-Oct-2026 16:21:37.572 INFO [main] org.apache.catalina.startup.VersionLoggerListener.log Command line argument: --add-opens=java.base/java.util.concurrent=ALL-UNNAMED
02-Oct-2026 16:21:37.572 INFO [main] org.apache.catalina.startup.VersionLoggerListener.log Command line argument: --add-opens=java.rmi/sun.rmi.transport=ALL-UNNAMED
02-Oct-2026 16:21:37.572 INFO [main] org.apache.catalina.startup.VersionLoggerListener.log Command line argument: -Djava.util.logging.config.file=/usr/local/tomcat/conf/logging.properties
02-Oct-2026 16:21:37.572 INFO [main] org.apache.catalina.startup.VersionLoggerListener.log Command line argument: -Djava.util.logging.manager=org.apache.juli.ClassLoaderLogManager
02-Oct-2026 16:21:37.573 INFO [main] org.apache.catalina.startup.VersionLoggerListener.log Command line argument: -Djdk.tls.ephemeralDHKeySize=2048
02-Oct-2026 16:21:37.573 INFO [main] org.apache.catalina.startup.VersionLoggerListener.log Command line argument: -Djava.protocol.handler.pkgs=org.apache.catalina.webresources
02-Oct-2026 16:21:37.573 INFO [main] org.apache.catalina.startup.VersionLoggerListener.log Command line argument: -Dsun.io.useCanonCaches=false
02-Oct-2026 16:21:37.573 INFO [main] org.apache.catalina.startup.VersionLoggerListener.log Command line argument: -Dorg.apache.catalina.security.SecurityListener.UMASK=0022
02-Oct-2026 16:21:37.573 INFO [main] org.apache.catalina.startup.VersionLoggerListener.log Command line argument: -Dignore.endorsed.dirs=
02-Oct-2026 16:21:37.573 INFO [main] org.apache.catalina.startup.VersionLoggerListener.log Command line argument: -Dcatalina.base=/usr/local/tomcat
02-Oct-2026 16:21:37.573 INFO [main] org.apache.catalina.startup.VersionLoggerListener.log Command line argument: -Dcatalina.home=/usr/local/tomcat
02-Oct-2026 16:21:37.573 INFO [main] org.apache.catalina.startup.VersionLoggerListener.log Command line argument: -Djava.io.tmpdir=/usr/local/tomcat/temp
02-Oct-2026 16:21:37.579 INFO [main] org.apache.catalina.core.AprLifecycleListener.lifecycleEvent Loaded Apache Tomcat Native library [1.3.7] using APR version [1.7.0].
02-Oct-2026 16:21:37.579 INFO [main] org.apache.catalina.core.AprLifecycleListener.lifecycleEvent APR capabilities: IPv6 [true], sendfile [true], accept filters [false], random [true], UDS [true].
02-Oct-2026 16:21:37.582 INFO [main] org.apache.catalina.core.AprLifecycleListener.lifecycleEvent APR/OpenSSL configuration: useAprConnector [false], useOpenSSL [true]
02-Oct-2026 16:21:37.587 INFO [main] org.apache.catalina.core.AprLifecycleListener.initializeSSL OpenSSL successfully initialized [OpenSSL 3.0.2 15 Mar 2022]
02-Oct-2026 16:21:38.102 INFO [main] org.apache.coyote.AbstractProtocol.init Initializing ProtocolHandler ["http-nio-8080"]
02-Oct-2026 16:21:38.139 INFO [main] org.apache.catalina.startup.Catalina.load Server initialization in [871] milliseconds
02-Oct-2026 16:21:38.240 INFO [main] org.apache.catalina.core.StandardService.startInternal Starting service [Catalina]
02-Oct-2026 16:21:38.241 INFO [main] org.apache.catalina.core.StandardEngine.startInternal Starting Servlet engine: [Apache Tomcat/9.0.117]
02-Oct-2026 16:21:38.252 INFO [main] org.apache.catalina.startup.HostConfig.deployDescriptor Deploying deployment descriptor [/usr/local/tomcat/conf/Catalina/localhost/ROOT.xml]
02-Oct-2026 16:21:41.199 INFO [main] org.apache.jasper.servlet.TldScanner.scanJars At least one JAR was scanned for TLDs yet contained no TLDs. Enable debug logging for this logger for a complete list of JARs that were scanned but no TLDs were found in them. Skipping unneeded JARs during scanning can improve startup time and JSP compilation time.
02-Oct-2026 16:21:52.615 INFO [main] nonapi.io.github.classgraph.classloaderhandler.lifecycle.ServletLifeCycleListener.contextInitialized Servlet context initialized
02-Oct-2026 16:21:56.640 INFO [main] org.apache.catalina.startup.HostConfig.deployDescriptor Deployment of deployment descriptor [/usr/local/tomcat/conf/Catalina/localhost/ROOT.xml] has finished in [18,387] ms
02-Oct-2026 16:21:56.648 INFO [main] org.apache.coyote.AbstractProtocol.start Starting ProtocolHandler ["http-nio-8080"]
02-Oct-2026 16:21:56.704 INFO [main] org.apache.catalina.startup.Catalina.start Server startup in [18563] milliseconds
02-Oct-2026 16:23:35.386 INFO [http-nio-8080-exec-10] org.apache.coyote.http11.Http11Processor.service Error parsing HTTP request header
 Note: further occurrences of HTTP request parsing errors will be logged at DEBUG level.
	java.lang.IllegalArgumentException: Invalid character found in method name [0x160x030x010x070x060x010x000x070x020x030x03^_>0xa80xeb0xd20xb2ee0xb10x9cG0x100xe50xbd0x89 ]. HTTP method names must be tokens
		at org.apache.coyote.http11.Http11InputBuffer.parseRequestLine(Http11InputBuffer.java:402)
		at org.apache.coyote.http11.Http11Processor.service(Http11Processor.java:271)
		at org.apache.coyote.AbstractProcessorLight.process(AbstractProcessorLight.java:63)
		at org.apache.coyote.AbstractProtocol$ConnectionHandler.process(AbstractProtocol.java:939)
		at org.apache.tomcat.util.net.NioEndpoint$SocketProcessor.doRun(NioEndpoint.java:1854)
		at org.apache.tomcat.util.net.SocketProcessorBase.run(SocketProcessorBase.java:52)
		at org.apache.tomcat.util.threads.ThreadPoolExecutor.runWorker(ThreadPoolExecutor.java:973)
		at org.apache.tomcat.util.threads.ThreadPoolExecutor$Worker.run(ThreadPoolExecutor.java:491)
		at org.apache.tomcat.util.threads.TaskThread$WrappingRunnable.run(TaskThread.java:63)
		at java.base/java.lang.Thread.run(Thread.java:829)
02-Oct-2026 16:35:50.182 INFO [main] org.apache.catalina.startup.VersionLoggerListener.log Server version name:   Apache Tomcat/9.0.117
02-Oct-2026 16:35:50.187 INFO [main] org.apache.catalina.startup.VersionLoggerListener.log Server built:          Mar 30 2026 18:21:16 UTC
02-Oct-2026 16:35:50.188 INFO [main] org.apache.catalina.startup.VersionLoggerListener.log Server version number: 9.0.117.0
02-Oct-2026 16:35:50.189 INFO [main] org.apache.catalina.startup.VersionLoggerListener.log OS Name:               Linux
02-Oct-2026 16:35:50.189 INFO [main] org.apache.catalina.startup.VersionLoggerListener.log OS Version:            6.8.0-142-generic
02-Oct-2026 16:35:50.189 INFO [main] org.apache.catalina.startup.VersionLoggerListener.log Architecture:          amd64
02-Oct-2026 16:35:50.189 INFO [main] org.apache.catalina.startup.VersionLoggerListener.log Java Home:             /opt/java/openjdk
02-Oct-2026 16:35:50.189 INFO [main] org.apache.catalina.startup.VersionLoggerListener.log JVM Version:           11.0.31+11
02-Oct-2026 16:35:50.189 INFO [main] org.apache.catalina.startup.VersionLoggerListener.log JVM Vendor:            Eclipse Adoptium
02-Oct-2026 16:35:50.189 INFO [main] org.apache.catalina.startup.VersionLoggerListener.log CATALINA_BASE:         /usr/local/tomcat
02-Oct-2026 16:35:50.189 INFO [main] org.apache.catalina.startup.VersionLoggerListener.log CATALINA_HOME:         /usr/local/tomcat
02-Oct-2026 16:35:50.210 INFO [main] org.apache.catalina.startup.VersionLoggerListener.log Command line argument: --add-opens=java.base/java.lang=ALL-UNNAMED
02-Oct-2026 16:35:50.210 INFO [main] org.apache.catalina.startup.VersionLoggerListener.log Command line argument: --add-opens=java.base/java.lang.invoke=ALL-UNNAMED
02-Oct-2026 16:35:50.210 INFO [main] org.apache.catalina.startup.VersionLoggerListener.log Command line argument: --add-opens=java.base/java.lang.reflect=ALL-UNNAMED
02-Oct-2026 16:35:50.210 INFO [main] org.apache.catalina.startup.VersionLoggerListener.log Command line argument: --add-opens=java.base/java.io=ALL-UNNAMED
02-Oct-2026 16:35:50.211 INFO [main] org.apache.catalina.startup.VersionLoggerListener.log Command line argument: --add-opens=java.base/java.util=ALL-UNNAMED
02-Oct-2026 16:35:50.211 INFO [main] org.apache.catalina.startup.VersionLoggerListener.log Command line argument: --add-opens=java.base/java.util.concurrent=ALL-UNNAMED
02-Oct-2026 16:35:50.211 INFO [main] org.apache.catalina.startup.VersionLoggerListener.log Command line argument: --add-opens=java.rmi/sun.rmi.transport=ALL-UNNAMED
02-Oct-2026 16:35:50.211 INFO [main] org.apache.catalina.startup.VersionLoggerListener.log Command line argument: -Djava.util.logging.config.file=/usr/local/tomcat/conf/logging.properties
02-Oct-2026 16:35:50.211 INFO [main] org.apache.catalina.startup.VersionLoggerListener.log Command line argument: -Djava.util.logging.manager=org.apache.juli.ClassLoaderLogManager
02-Oct-2026 16:35:50.211 INFO [main] org.apache.catalina.startup.VersionLoggerListener.log Command line argument: -Djdk.tls.ephemeralDHKeySize=2048
02-Oct-2026 16:35:50.211 INFO [main] org.apache.catalina.startup.VersionLoggerListener.log Command line argument: -Djava.protocol.handler.pkgs=org.apache.catalina.webresources
02-Oct-2026 16:35:50.211 INFO [main] org.apache.catalina.startup.VersionLoggerListener.log Command line argument: -Dsun.io.useCanonCaches=false
02-Oct-2026 16:35:50.211 INFO [main] org.apache.catalina.startup.VersionLoggerListener.log Command line argument: -Dorg.apache.catalina.security.SecurityListener.UMASK=0022
02-Oct-2026 16:35:50.212 INFO [main] org.apache.catalina.startup.VersionLoggerListener.log Command line argument: -Dignore.endorsed.dirs=
02-Oct-2026 16:35:50.216 INFO [main] org.apache.catalina.startup.VersionLoggerListener.log Command line argument: -Dcatalina.base=/usr/local/tomcat
02-Oct-2026 16:35:50.216 INFO [main] org.apache.catalina.startup.VersionLoggerListener.log Command line argument: -Dcatalina.home=/usr/local/tomcat
02-Oct-2026 16:35:50.216 INFO [main] org.apache.catalina.startup.VersionLoggerListener.log Command line argument: -Djava.io.tmpdir=/usr/local/tomcat/temp
02-Oct-2026 16:35:50.224 INFO [main] org.apache.catalina.core.AprLifecycleListener.lifecycleEvent Loaded Apache Tomcat Native library [1.3.7] using APR version [1.7.0].
02-Oct-2026 16:35:50.225 INFO [main] org.apache.catalina.core.AprLifecycleListener.lifecycleEvent APR capabilities: IPv6 [true], sendfile [true], accept filters [false], random [true], UDS [true].
02-Oct-2026 16:35:50.225 INFO [main] org.apache.catalina.core.AprLifecycleListener.lifecycleEvent APR/OpenSSL configuration: useAprConnector [false], useOpenSSL [true]
02-Oct-2026 16:35:50.230 INFO [main] org.apache.catalina.core.AprLifecycleListener.initializeSSL OpenSSL successfully initialized [OpenSSL 3.0.2 15 Mar 2022]
02-Oct-2026 16:35:50.732 INFO [main] org.apache.coyote.AbstractProtocol.init Initializing ProtocolHandler ["http-nio-8080"]
02-Oct-2026 16:35:50.780 INFO [main] org.apache.catalina.startup.Catalina.load Server initialization in [1010] milliseconds
02-Oct-2026 16:35:51.054 INFO [main] org.apache.catalina.core.StandardService.startInternal Starting service [Catalina]
02-Oct-2026 16:35:51.055 INFO [main] org.apache.catalina.core.StandardEngine.startInternal Starting Servlet engine: [Apache Tomcat/9.0.117]
02-Oct-2026 16:35:51.066 INFO [main] org.apache.catalina.startup.HostConfig.deployDescriptor Deploying deployment descriptor [/usr/local/tomcat/conf/Catalina/localhost/ROOT.xml]
02-Oct-2026 16:35:54.921 INFO [main] org.apache.jasper.servlet.TldScanner.scanJars At least one JAR was scanned for TLDs yet contained no TLDs. Enable debug logging for this logger for a complete list of JARs that were scanned but no TLDs were found in them. Skipping unneeded JARs during scanning can improve startup time and JSP compilation time.
02-Oct-2026 16:36:02.470 INFO [main] nonapi.io.github.classgraph.classloaderhandler.lifecycle.ServletLifeCycleListener.contextInitialized Servlet context initialized
02-Oct-2026 16:36:05.911 INFO [main] org.apache.catalina.startup.HostConfig.deployDescriptor Deployment of deployment descriptor [/usr/local/tomcat/conf/Catalina/localhost/ROOT.xml] has finished in [14,843] ms
02-Oct-2026 16:36:05.917 INFO [main] org.apache.coyote.AbstractProtocol.start Starting ProtocolHandler ["http-nio-8080"]
02-Oct-2026 16:36:05.933 INFO [main] org.apache.catalina.startup.Catalina.start Server startup in [15150] milliseconds
02-Oct-2026 16:39:09.172 INFO [main] org.apache.catalina.startup.VersionLoggerListener.log Server version name:   Apache Tomcat/9.0.117
02-Oct-2026 16:39:09.179 INFO [main] org.apache.catalina.startup.VersionLoggerListener.log Server built:          Mar 30 2026 18:21:16 UTC
02-Oct-2026 16:39:09.180 INFO [main] org.apache.catalina.startup.VersionLoggerListener.log Server version number: 9.0.117.0
02-Oct-2026 16:39:09.181 INFO [main] org.apache.catalina.startup.VersionLoggerListener.log OS Name:               Linux
02-Oct-2026 16:39:09.181 INFO [main] org.apache.catalina.startup.VersionLoggerListener.log OS Version:            6.8.0-142-generic
02-Oct-2026 16:39:09.181 INFO [main] org.apache.catalina.startup.VersionLoggerListener.log Architecture:          amd64
02-Oct-2026 16:39:09.182 INFO [main] org.apache.catalina.startup.VersionLoggerListener.log Java Home:             /opt/java/openjdk
02-Oct-2026 16:39:09.182 INFO [main] org.apache.catalina.startup.VersionLoggerListener.log JVM Version:           11.0.31+11
02-Oct-2026 16:39:09.182 INFO [main] org.apache.catalina.startup.VersionLoggerListener.log JVM Vendor:            Eclipse Adoptium
02-Oct-2026 16:39:09.183 INFO [main] org.apache.catalina.startup.VersionLoggerListener.log CATALINA_BASE:         /usr/local/tomcat
02-Oct-2026 16:39:09.183 INFO [main] org.apache.catalina.startup.VersionLoggerListener.log CATALINA_HOME:         /usr/local/tomcat
02-Oct-2026 16:39:09.199 INFO [main] org.apache.catalina.startup.VersionLoggerListener.log Command line argument: --add-opens=java.base/java.lang=ALL-UNNAMED
02-Oct-2026 16:39:09.199 INFO [main] org.apache.catalina.startup.VersionLoggerListener.log Command line argument: --add-opens=java.base/java.lang.invoke=ALL-UNNAMED
02-Oct-2026 16:39:09.200 INFO [main] org.apache.catalina.startup.VersionLoggerListener.log Command line argument: --add-opens=java.base/java.lang.reflect=ALL-UNNAMED
02-Oct-2026 16:39:09.200 INFO [main] org.apache.catalina.startup.VersionLoggerListener.log Command line argument: --add-opens=java.base/java.io=ALL-UNNAMED
02-Oct-2026 16:39:09.200 INFO [main] org.apache.catalina.startup.VersionLoggerListener.log Command line argument: --add-opens=java.base/java.util=ALL-UNNAMED
02-Oct-2026 16:39:09.200 INFO [main] org.apache.catalina.startup.VersionLoggerListener.log Command line argument: --add-opens=java.base/java.util.concurrent=ALL-UNNAMED
02-Oct-2026 16:39:09.200 INFO [main] org.apache.catalina.startup.VersionLoggerListener.log Command line argument: --add-opens=java.rmi/sun.rmi.transport=ALL-UNNAMED
02-Oct-2026 16:39:09.200 INFO [main] org.apache.catalina.startup.VersionLoggerListener.log Command line argument: -Djava.util.logging.config.file=/usr/local/tomcat/conf/logging.properties
02-Oct-2026 16:39:09.200 INFO [main] org.apache.catalina.startup.VersionLoggerListener.log Command line argument: -Djava.util.logging.manager=org.apache.juli.ClassLoaderLogManager
02-Oct-2026 16:39:09.200 INFO [main] org.apache.catalina.startup.VersionLoggerListener.log Command line argument: -Djdk.tls.ephemeralDHKeySize=2048
02-Oct-2026 16:39:09.200 INFO [main] org.apache.catalina.startup.VersionLoggerListener.log Command line argument: -Djava.protocol.handler.pkgs=org.apache.catalina.webresources
02-Oct-2026 16:39:09.200 INFO [main] org.apache.catalina.startup.VersionLoggerListener.log Command line argument: -Dsun.io.useCanonCaches=false
02-Oct-2026 16:39:09.200 INFO [main] org.apache.catalina.startup.VersionLoggerListener.log Command line argument: -Dorg.apache.catalina.security.SecurityListener.UMASK=0022
02-Oct-2026 16:39:09.201 INFO [main] org.apache.catalina.startup.VersionLoggerListener.log Command line argument: -Dignore.endorsed.dirs=
02-Oct-2026 16:39:09.202 INFO [main] org.apache.catalina.startup.VersionLoggerListener.log Command line argument: -Dcatalina.base=/usr/local/tomcat
02-Oct-2026 16:39:09.202 INFO [main] org.apache.catalina.startup.VersionLoggerListener.log Command line argument: -Dcatalina.home=/usr/local/tomcat
02-Oct-2026 16:39:09.202 INFO [main] org.apache.catalina.startup.VersionLoggerListener.log Command line argument: -Djava.io.tmpdir=/usr/local/tomcat/temp
02-Oct-2026 16:39:09.212 INFO [main] org.apache.catalina.core.AprLifecycleListener.lifecycleEvent Loaded Apache Tomcat Native library [1.3.7] using APR version [1.7.0].
02-Oct-2026 16:39:09.212 INFO [main] org.apache.catalina.core.AprLifecycleListener.lifecycleEvent APR capabilities: IPv6 [true], sendfile [true], accept filters [false], random [true], UDS [true].
02-Oct-2026 16:39:09.212 INFO [main] org.apache.catalina.core.AprLifecycleListener.lifecycleEvent APR/OpenSSL configuration: useAprConnector [false], useOpenSSL [true]
02-Oct-2026 16:39:09.222 INFO [main] org.apache.catalina.core.AprLifecycleListener.initializeSSL OpenSSL successfully initialized [OpenSSL 3.0.2 15 Mar 2022]
02-Oct-2026 16:39:09.653 INFO [main] org.apache.coyote.AbstractProtocol.init Initializing ProtocolHandler ["http-nio-8080"]
02-Oct-2026 16:39:09.694 INFO [main] org.apache.catalina.startup.Catalina.load Server initialization in [796] milliseconds
02-Oct-2026 16:39:09.778 INFO [main] org.apache.catalina.core.StandardService.startInternal Starting service [Catalina]
02-Oct-2026 16:39:09.779 INFO [main] org.apache.catalina.core.StandardEngine.startInternal Starting Servlet engine: [Apache Tomcat/9.0.117]
02-Oct-2026 16:39:09.786 INFO [main] org.apache.catalina.startup.HostConfig.deployDescriptor Deploying deployment descriptor [/usr/local/tomcat/conf/Catalina/localhost/ROOT.xml]
02-Oct-2026 16:39:12.381 INFO [main] org.apache.jasper.servlet.TldScanner.scanJars At least one JAR was scanned for TLDs yet contained no TLDs. Enable debug logging for this logger for a complete list of JARs that were scanned but no TLDs were found in them. Skipping unneeded JARs during scanning can improve startup time and JSP compilation time.
02-Oct-2026 16:39:19.766 INFO [main] nonapi.io.github.classgraph.classloaderhandler.lifecycle.ServletLifeCycleListener.contextInitialized Servlet context initialized
02-Oct-2026 16:39:23.845 INFO [main] org.apache.catalina.startup.HostConfig.deployDescriptor Deployment of deployment descriptor [/usr/local/tomcat/conf/Catalina/localhost/ROOT.xml] has finished in [14,057] ms
02-Oct-2026 16:39:23.849 INFO [main] org.apache.coyote.AbstractProtocol.start Starting ProtocolHandler ["http-nio-8080"]
02-Oct-2026 16:39:23.867 INFO [main] org.apache.catalina.startup.Catalina.start Server startup in [14172] milliseconds
02-Oct-2026 16:40:32.074 INFO [main] org.apache.catalina.startup.VersionLoggerListener.log Server version name:   Apache Tomcat/9.0.117
02-Oct-2026 16:40:32.079 INFO [main] org.apache.catalina.startup.VersionLoggerListener.log Server built:          Mar 30 2026 18:21:16 UTC
02-Oct-2026 16:40:32.079 INFO [main] org.apache.catalina.startup.VersionLoggerListener.log Server version number: 9.0.117.0
02-Oct-2026 16:40:32.079 INFO [main] org.apache.catalina.startup.VersionLoggerListener.log OS Name:               Linux
02-Oct-2026 16:40:32.079 INFO [main] org.apache.catalina.startup.VersionLoggerListener.log OS Version:            6.8.0-142-generic
02-Oct-2026 16:40:32.079 INFO [main] org.apache.catalina.startup.VersionLoggerListener.log Architecture:          amd64
02-Oct-2026 16:40:32.079 INFO [main] org.apache.catalina.startup.VersionLoggerListener.log Java Home:             /opt/java/openjdk
02-Oct-2026 16:40:32.079 INFO [main] org.apache.catalina.startup.VersionLoggerListener.log JVM Version:           11.0.31+11
02-Oct-2026 16:40:32.080 INFO [main] org.apache.catalina.startup.VersionLoggerListener.log JVM Vendor:            Eclipse Adoptium
02-Oct-2026 16:40:32.081 INFO [main] org.apache.catalina.startup.VersionLoggerListener.log CATALINA_BASE:         /usr/local/tomcat
02-Oct-2026 16:40:32.081 INFO [main] org.apache.catalina.startup.VersionLoggerListener.log CATALINA_HOME:         /usr/local/tomcat
02-Oct-2026 16:40:32.105 INFO [main] org.apache.catalina.startup.VersionLoggerListener.log Command line argument: --add-opens=java.base/java.lang=ALL-UNNAMED
02-Oct-2026 16:40:32.105 INFO [main] org.apache.catalina.startup.VersionLoggerListener.log Command line argument: --add-opens=java.base/java.lang.invoke=ALL-UNNAMED
02-Oct-2026 16:40:32.105 INFO [main] org.apache.catalina.startup.VersionLoggerListener.log Command line argument: --add-opens=java.base/java.lang.reflect=ALL-UNNAMED
02-Oct-2026 16:40:32.105 INFO [main] org.apache.catalina.startup.VersionLoggerListener.log Command line argument: --add-opens=java.base/java.io=ALL-UNNAMED
02-Oct-2026 16:40:32.105 INFO [main] org.apache.catalina.startup.VersionLoggerListener.log Command line argument: --add-opens=java.base/java.util=ALL-UNNAMED
02-Oct-2026 16:40:32.105 INFO [main] org.apache.catalina.startup.VersionLoggerListener.log Command line argument: --add-opens=java.base/java.util.concurrent=ALL-UNNAMED
02-Oct-2026 16:40:32.106 INFO [main] org.apache.catalina.startup.VersionLoggerListener.log Command line argument: --add-opens=java.rmi/sun.rmi.transport=ALL-UNNAMED
02-Oct-2026 16:40:32.106 INFO [main] org.apache.catalina.startup.VersionLoggerListener.log Command line argument: -Djava.util.logging.config.file=/usr/local/tomcat/conf/logging.properties
02-Oct-2026 16:40:32.106 INFO [main] org.apache.catalina.startup.VersionLoggerListener.log Command line argument: -Djava.util.logging.manager=org.apache.juli.ClassLoaderLogManager
02-Oct-2026 16:40:32.106 INFO [main] org.apache.catalina.startup.VersionLoggerListener.log Command line argument: -Djdk.tls.ephemeralDHKeySize=2048
02-Oct-2026 16:40:32.106 INFO [main] org.apache.catalina.startup.VersionLoggerListener.log Command line argument: -Djava.protocol.handler.pkgs=org.apache.catalina.webresources
02-Oct-2026 16:40:32.106 INFO [main] org.apache.catalina.startup.VersionLoggerListener.log Command line argument: -Dsun.io.useCanonCaches=false
02-Oct-2026 16:40:32.106 INFO [main] org.apache.catalina.startup.VersionLoggerListener.log Command line argument: -Dorg.apache.catalina.security.SecurityListener.UMASK=0022
02-Oct-2026 16:40:32.106 INFO [main] org.apache.catalina.startup.VersionLoggerListener.log Command line argument: -Dignore.endorsed.dirs=
02-Oct-2026 16:40:32.106 INFO [main] org.apache.catalina.startup.VersionLoggerListener.log Command line argument: -Dcatalina.base=/usr/local/tomcat
02-Oct-2026 16:40:32.107 INFO [main] org.apache.catalina.startup.VersionLoggerListener.log Command line argument: -Dcatalina.home=/usr/local/tomcat
02-Oct-2026 16:40:32.107 INFO [main] org.apache.catalina.startup.VersionLoggerListener.log Command line argument: -Djava.io.tmpdir=/usr/local/tomcat/temp
02-Oct-2026 16:40:32.112 INFO [main] org.apache.catalina.core.AprLifecycleListener.lifecycleEvent Loaded Apache Tomcat Native library [1.3.7] using APR version [1.7.0].
02-Oct-2026 16:40:32.112 INFO [main] org.apache.catalina.core.AprLifecycleListener.lifecycleEvent APR capabilities: IPv6 [true], sendfile [true], accept filters [false], random [true], UDS [true].
02-Oct-2026 16:40:32.112 INFO [main] org.apache.catalina.core.AprLifecycleListener.lifecycleEvent APR/OpenSSL configuration: useAprConnector [false], useOpenSSL [true]
02-Oct-2026 16:40:32.116 INFO [main] org.apache.catalina.core.AprLifecycleListener.initializeSSL OpenSSL successfully initialized [OpenSSL 3.0.2 15 Mar 2022]
02-Oct-2026 16:40:32.539 INFO [main] org.apache.coyote.AbstractProtocol.init Initializing ProtocolHandler ["http-nio-8080"]
02-Oct-2026 16:40:32.561 INFO [main] org.apache.catalina.startup.Catalina.load Server initialization in [764] milliseconds
02-Oct-2026 16:40:32.631 INFO [main] org.apache.catalina.core.StandardService.startInternal Starting service [Catalina]
02-Oct-2026 16:40:32.632 INFO [main] org.apache.catalina.core.StandardEngine.startInternal Starting Servlet engine: [Apache Tomcat/9.0.117]
02-Oct-2026 16:40:32.654 INFO [main] org.apache.catalina.startup.HostConfig.deployDescriptor Deploying deployment descriptor [/usr/local/tomcat/conf/Catalina/localhost/ROOT.xml]
02-Oct-2026 16:40:35.132 INFO [main] org.apache.jasper.servlet.TldScanner.scanJars At least one JAR was scanned for TLDs yet contained no TLDs. Enable debug logging for this logger for a complete list of JARs that were scanned but no TLDs were found in them. Skipping unneeded JARs during scanning can improve startup time and JSP compilation time.
02-Oct-2026 16:40:42.899 INFO [main] nonapi.io.github.classgraph.classloaderhandler.lifecycle.ServletLifeCycleListener.contextInitialized Servlet context initialized
02-Oct-2026 16:40:46.282 INFO [main] org.apache.catalina.startup.HostConfig.deployDescriptor Deployment of deployment descriptor [/usr/local/tomcat/conf/Catalina/localhost/ROOT.xml] has finished in [13,622] ms
02-Oct-2026 16:40:46.291 INFO [main] org.apache.coyote.AbstractProtocol.start Starting ProtocolHandler ["http-nio-8080"]
02-Oct-2026 16:40:46.325 INFO [main] org.apache.catalina.startup.Catalina.start Server startup in [13762] milliseconds
02-Oct-2026 16:43:39.226 INFO [main] org.apache.catalina.startup.VersionLoggerListener.log Server version name:   Apache Tomcat/9.0.117
02-Oct-2026 16:43:39.239 INFO [main] org.apache.catalina.startup.VersionLoggerListener.log Server built:          Mar 30 2026 18:21:16 UTC
02-Oct-2026 16:43:39.240 INFO [main] org.apache.catalina.startup.VersionLoggerListener.log Server version number: 9.0.117.0
02-Oct-2026 16:43:39.241 INFO [main] org.apache.catalina.startup.VersionLoggerListener.log OS Name:               Linux
02-Oct-2026 16:43:39.241 INFO [main] org.apache.catalina.startup.VersionLoggerListener.log OS Version:            6.8.0-142-generic
02-Oct-2026 16:43:39.242 INFO [main] org.apache.catalina.startup.VersionLoggerListener.log Architecture:          amd64
02-Oct-2026 16:43:39.242 INFO [main] org.apache.catalina.startup.VersionLoggerListener.log Java Home:             /opt/java/openjdk
02-Oct-2026 16:43:39.243 INFO [main] org.apache.catalina.startup.VersionLoggerListener.log JVM Version:           11.0.31+11
02-Oct-2026 16:43:39.243 INFO [main] org.apache.catalina.startup.VersionLoggerListener.log JVM Vendor:            Eclipse Adoptium
02-Oct-2026 16:43:39.243 INFO [main] org.apache.catalina.startup.VersionLoggerListener.log CATALINA_BASE:         /usr/local/tomcat
02-Oct-2026 16:43:39.245 INFO [main] org.apache.catalina.startup.VersionLoggerListener.log CATALINA_HOME:         /usr/local/tomcat
02-Oct-2026 16:43:39.262 INFO [main] org.apache.catalina.startup.VersionLoggerListener.log Command line argument: --add-opens=java.base/java.lang=ALL-UNNAMED
02-Oct-2026 16:43:39.263 INFO [main] org.apache.catalina.startup.VersionLoggerListener.log Command line argument: --add-opens=java.base/java.lang.invoke=ALL-UNNAMED
02-Oct-2026 16:43:39.263 INFO [main] org.apache.catalina.startup.VersionLoggerListener.log Command line argument: --add-opens=java.base/java.lang.reflect=ALL-UNNAMED
02-Oct-2026 16:43:39.263 INFO [main] org.apache.catalina.startup.VersionLoggerListener.log Command line argument: --add-opens=java.base/java.io=ALL-UNNAMED
02-Oct-2026 16:43:39.263 INFO [main] org.apache.catalina.startup.VersionLoggerListener.log Command line argument: --add-opens=java.base/java.util=ALL-UNNAMED
02-Oct-2026 16:43:39.264 INFO [main] org.apache.catalina.startup.VersionLoggerListener.log Command line argument: --add-opens=java.base/java.util.concurrent=ALL-UNNAMED
02-Oct-2026 16:43:39.264 INFO [main] org.apache.catalina.startup.VersionLoggerListener.log Command line argument: --add-opens=java.rmi/sun.rmi.transport=ALL-UNNAMED
02-Oct-2026 16:43:39.264 INFO [main] org.apache.catalina.startup.VersionLoggerListener.log Command line argument: -Djava.util.logging.config.file=/usr/local/tomcat/conf/logging.properties
02-Oct-2026 16:43:39.264 INFO [main] org.apache.catalina.startup.VersionLoggerListener.log Command line argument: -Djava.util.logging.manager=org.apache.juli.ClassLoaderLogManager
02-Oct-2026 16:43:39.264 INFO [main] org.apache.catalina.startup.VersionLoggerListener.log Command line argument: -Djdk.tls.ephemeralDHKeySize=2048
02-Oct-2026 16:43:39.264 INFO [main] org.apache.catalina.startup.VersionLoggerListener.log Command line argument: -Djava.protocol.handler.pkgs=org.apache.catalina.webresources
02-Oct-2026 16:43:39.264 INFO [main] org.apache.catalina.startup.VersionLoggerListener.log Command line argument: -Dsun.io.useCanonCaches=false
02-Oct-2026 16:43:39.264 INFO [main] org.apache.catalina.startup.VersionLoggerListener.log Command line argument: -Dorg.apache.catalina.security.SecurityListener.UMASK=0022
02-Oct-2026 16:43:39.264 INFO [main] org.apache.catalina.startup.VersionLoggerListener.log Command line argument: -Dignore.endorsed.dirs=
02-Oct-2026 16:43:39.264 INFO [main] org.apache.catalina.startup.VersionLoggerListener.log Command line argument: -Dcatalina.base=/usr/local/tomcat
02-Oct-2026 16:43:39.264 INFO [main] org.apache.catalina.startup.VersionLoggerListener.log Command line argument: -Dcatalina.home=/usr/local/tomcat
02-Oct-2026 16:43:39.265 INFO [main] org.apache.catalina.startup.VersionLoggerListener.log Command line argument: -Djava.io.tmpdir=/usr/local/tomcat/temp
02-Oct-2026 16:43:39.273 INFO [main] org.apache.catalina.core.AprLifecycleListener.lifecycleEvent Loaded Apache Tomcat Native library [1.3.7] using APR version [1.7.0].
02-Oct-2026 16:43:39.273 INFO [main] org.apache.catalina.core.AprLifecycleListener.lifecycleEvent APR capabilities: IPv6 [true], sendfile [true], accept filters [false], random [true], UDS [true].
02-Oct-2026 16:43:39.274 INFO [main] org.apache.catalina.core.AprLifecycleListener.lifecycleEvent APR/OpenSSL configuration: useAprConnector [false], useOpenSSL [true]
02-Oct-2026 16:43:39.279 INFO [main] org.apache.catalina.core.AprLifecycleListener.initializeSSL OpenSSL successfully initialized [OpenSSL 3.0.2 15 Mar 2022]
02-Oct-2026 16:43:39.783 INFO [main] org.apache.coyote.AbstractProtocol.init Initializing ProtocolHandler ["http-nio-8080"]
02-Oct-2026 16:43:39.812 INFO [main] org.apache.catalina.startup.Catalina.load Server initialization in [914] milliseconds
02-Oct-2026 16:43:39.902 INFO [main] org.apache.catalina.core.StandardService.startInternal Starting service [Catalina]
02-Oct-2026 16:43:39.902 INFO [main] org.apache.catalina.core.StandardEngine.startInternal Starting Servlet engine: [Apache Tomcat/9.0.117]
02-Oct-2026 16:43:39.911 INFO [main] org.apache.catalina.startup.HostConfig.deployDescriptor Deploying deployment descriptor [/usr/local/tomcat/conf/Catalina/localhost/ROOT.xml]
02-Oct-2026 16:43:39.948 INFO [main] org.apache.catalina.startup.ExpandWar.expand An expanded directory [/usr/local/tomcat/webapps/ROOT] was found with a last modified time that did not match the associated WAR. It will be deleted.
02-Oct-2026 16:43:43.121 INFO [main] org.apache.jasper.servlet.TldScanner.scanJars At least one JAR was scanned for TLDs yet contained no TLDs. Enable debug logging for this logger for a complete list of JARs that were scanned but no TLDs were found in them. Skipping unneeded JARs during scanning can improve startup time and JSP compilation time.
02-Oct-2026 16:43:50.651 INFO [main] nonapi.io.github.classgraph.classloaderhandler.lifecycle.ServletLifeCycleListener.contextInitialized Servlet context initialized
02-Oct-2026 16:43:54.380 INFO [main] org.apache.catalina.startup.HostConfig.deployDescriptor Deployment of deployment descriptor [/usr/local/tomcat/conf/Catalina/localhost/ROOT.xml] has finished in [14,467] ms
02-Oct-2026 16:43:54.387 INFO [main] org.apache.coyote.AbstractProtocol.start Starting ProtocolHandler ["http-nio-8080"]
02-Oct-2026 16:43:54.443 INFO [main] org.apache.catalina.startup.Catalina.start Server startup in [14630] milliseconds
02-Oct-2026 16:45:41.753 INFO [main] org.apache.catalina.startup.VersionLoggerListener.log Server version name:   Apache Tomcat/9.0.117
02-Oct-2026 16:45:41.758 INFO [main] org.apache.catalina.startup.VersionLoggerListener.log Server built:          Mar 30 2026 18:21:16 UTC
02-Oct-2026 16:45:41.760 INFO [main] org.apache.catalina.startup.VersionLoggerListener.log Server version number: 9.0.117.0
02-Oct-2026 16:45:41.760 INFO [main] org.apache.catalina.startup.VersionLoggerListener.log OS Name:               Linux
02-Oct-2026 16:45:41.760 INFO [main] org.apache.catalina.startup.VersionLoggerListener.log OS Version:            6.8.0-142-generic
02-Oct-2026 16:45:41.760 INFO [main] org.apache.catalina.startup.VersionLoggerListener.log Architecture:          amd64
02-Oct-2026 16:45:41.760 INFO [main] org.apache.catalina.startup.VersionLoggerListener.log Java Home:             /opt/java/openjdk
02-Oct-2026 16:45:41.760 INFO [main] org.apache.catalina.startup.VersionLoggerListener.log JVM Version:           11.0.31+11
02-Oct-2026 16:45:41.760 INFO [main] org.apache.catalina.startup.VersionLoggerListener.log JVM Vendor:            Eclipse Adoptium
02-Oct-2026 16:45:41.761 INFO [main] org.apache.catalina.startup.VersionLoggerListener.log CATALINA_BASE:         /usr/local/tomcat
02-Oct-2026 16:45:41.762 INFO [main] org.apache.catalina.startup.VersionLoggerListener.log CATALINA_HOME:         /usr/local/tomcat
02-Oct-2026 16:45:41.780 INFO [main] org.apache.catalina.startup.VersionLoggerListener.log Command line argument: --add-opens=java.base/java.lang=ALL-UNNAMED
02-Oct-2026 16:45:41.781 INFO [main] org.apache.catalina.startup.VersionLoggerListener.log Command line argument: --add-opens=java.base/java.lang.invoke=ALL-UNNAMED
02-Oct-2026 16:45:41.781 INFO [main] org.apache.catalina.startup.VersionLoggerListener.log Command line argument: --add-opens=java.base/java.lang.reflect=ALL-UNNAMED
02-Oct-2026 16:45:41.781 INFO [main] org.apache.catalina.startup.VersionLoggerListener.log Command line argument: --add-opens=java.base/java.io=ALL-UNNAMED
02-Oct-2026 16:45:41.781 INFO [main] org.apache.catalina.startup.VersionLoggerListener.log Command line argument: --add-opens=java.base/java.util=ALL-UNNAMED
02-Oct-2026 16:45:41.781 INFO [main] org.apache.catalina.startup.VersionLoggerListener.log Command line argument: --add-opens=java.base/java.util.concurrent=ALL-UNNAMED
02-Oct-2026 16:45:41.781 INFO [main] org.apache.catalina.startup.VersionLoggerListener.log Command line argument: --add-opens=java.rmi/sun.rmi.transport=ALL-UNNAMED
02-Oct-2026 16:45:41.781 INFO [main] org.apache.catalina.startup.VersionLoggerListener.log Command line argument: -Djava.util.logging.config.file=/usr/local/tomcat/conf/logging.properties
02-Oct-2026 16:45:41.781 INFO [main] org.apache.catalina.startup.VersionLoggerListener.log Command line argument: -Djava.util.logging.manager=org.apache.juli.ClassLoaderLogManager
02-Oct-2026 16:45:41.782 INFO [main] org.apache.catalina.startup.VersionLoggerListener.log Command line argument: -Djdk.tls.ephemeralDHKeySize=2048
02-Oct-2026 16:45:41.782 INFO [main] org.apache.catalina.startup.VersionLoggerListener.log Command line argument: -Djava.protocol.handler.pkgs=org.apache.catalina.webresources
02-Oct-2026 16:45:41.783 INFO [main] org.apache.catalina.startup.VersionLoggerListener.log Command line argument: -Dsun.io.useCanonCaches=false
02-Oct-2026 16:45:41.785 INFO [main] org.apache.catalina.startup.VersionLoggerListener.log Command line argument: -Dorg.apache.catalina.security.SecurityListener.UMASK=0022
02-Oct-2026 16:45:41.786 INFO [main] org.apache.catalina.startup.VersionLoggerListener.log Command line argument: -Dignore.endorsed.dirs=
02-Oct-2026 16:45:41.786 INFO [main] org.apache.catalina.startup.VersionLoggerListener.log Command line argument: -Dcatalina.base=/usr/local/tomcat
02-Oct-2026 16:45:41.786 INFO [main] org.apache.catalina.startup.VersionLoggerListener.log Command line argument: -Dcatalina.home=/usr/local/tomcat
02-Oct-2026 16:45:41.787 INFO [main] org.apache.catalina.startup.VersionLoggerListener.log Command line argument: -Djava.io.tmpdir=/usr/local/tomcat/temp
02-Oct-2026 16:45:41.792 INFO [main] org.apache.catalina.core.AprLifecycleListener.lifecycleEvent Loaded Apache Tomcat Native library [1.3.7] using APR version [1.7.0].
02-Oct-2026 16:45:41.792 INFO [main] org.apache.catalina.core.AprLifecycleListener.lifecycleEvent APR capabilities: IPv6 [true], sendfile [true], accept filters [false], random [true], UDS [true].
02-Oct-2026 16:45:41.792 INFO [main] org.apache.catalina.core.AprLifecycleListener.lifecycleEvent APR/OpenSSL configuration: useAprConnector [false], useOpenSSL [true]
02-Oct-2026 16:45:41.796 INFO [main] org.apache.catalina.core.AprLifecycleListener.initializeSSL OpenSSL successfully initialized [OpenSSL 3.0.2 15 Mar 2022]
02-Oct-2026 16:45:42.249 INFO [main] org.apache.coyote.AbstractProtocol.init Initializing ProtocolHandler ["http-nio-8080"]
02-Oct-2026 16:45:42.293 INFO [main] org.apache.catalina.startup.Catalina.load Server initialization in [870] milliseconds
02-Oct-2026 16:45:42.398 INFO [main] org.apache.catalina.core.StandardService.startInternal Starting service [Catalina]
02-Oct-2026 16:45:42.400 INFO [main] org.apache.catalina.core.StandardEngine.startInternal Starting Servlet engine: [Apache Tomcat/9.0.117]
02-Oct-2026 16:45:42.423 INFO [main] org.apache.catalina.startup.HostConfig.deployDescriptor Deploying deployment descriptor [/usr/local/tomcat/conf/Catalina/localhost/ROOT.xml]
02-Oct-2026 16:45:45.215 INFO [main] org.apache.jasper.servlet.TldScanner.scanJars At least one JAR was scanned for TLDs yet contained no TLDs. Enable debug logging for this logger for a complete list of JARs that were scanned but no TLDs were found in them. Skipping unneeded JARs during scanning can improve startup time and JSP compilation time.
02-Oct-2026 16:45:53.478 INFO [main] nonapi.io.github.classgraph.classloaderhandler.lifecycle.ServletLifeCycleListener.contextInitialized Servlet context initialized
02-Oct-2026 16:45:57.405 INFO [main] org.apache.catalina.startup.HostConfig.deployDescriptor Deployment of deployment descriptor [/usr/local/tomcat/conf/Catalina/localhost/ROOT.xml] has finished in [14,980] ms
02-Oct-2026 16:45:57.411 INFO [main] org.apache.coyote.AbstractProtocol.start Starting ProtocolHandler ["http-nio-8080"]
02-Oct-2026 16:45:57.440 INFO [main] org.apache.catalina.startup.Catalina.start Server startup in [15146] milliseconds
02-Oct-2026 16:49:36.492 INFO [main] org.apache.catalina.startup.VersionLoggerListener.log Server version name:   Apache Tomcat/9.0.117
02-Oct-2026 16:49:36.499 INFO [main] org.apache.catalina.startup.VersionLoggerListener.log Server built:          Mar 30 2026 18:21:16 UTC
02-Oct-2026 16:49:36.499 INFO [main] org.apache.catalina.startup.VersionLoggerListener.log Server version number: 9.0.117.0
02-Oct-2026 16:49:36.500 INFO [main] org.apache.catalina.startup.VersionLoggerListener.log OS Name:               Linux
02-Oct-2026 16:49:36.500 INFO [main] org.apache.catalina.startup.VersionLoggerListener.log OS Version:            6.8.0-142-generic
02-Oct-2026 16:49:36.500 INFO [main] org.apache.catalina.startup.VersionLoggerListener.log Architecture:          amd64
02-Oct-2026 16:49:36.500 INFO [main] org.apache.catalina.startup.VersionLoggerListener.log Java Home:             /opt/java/openjdk
02-Oct-2026 16:49:36.500 INFO [main] org.apache.catalina.startup.VersionLoggerListener.log JVM Version:           11.0.31+11
02-Oct-2026 16:49:36.500 INFO [main] org.apache.catalina.startup.VersionLoggerListener.log JVM Vendor:            Eclipse Adoptium
02-Oct-2026 16:49:36.500 INFO [main] org.apache.catalina.startup.VersionLoggerListener.log CATALINA_BASE:         /usr/local/tomcat
02-Oct-2026 16:49:36.500 INFO [main] org.apache.catalina.startup.VersionLoggerListener.log CATALINA_HOME:         /usr/local/tomcat
02-Oct-2026 16:49:36.520 INFO [main] org.apache.catalina.startup.VersionLoggerListener.log Command line argument: --add-opens=java.base/java.lang=ALL-UNNAMED
02-Oct-2026 16:49:36.523 INFO [main] org.apache.catalina.startup.VersionLoggerListener.log Command line argument: --add-opens=java.base/java.lang.invoke=ALL-UNNAMED
02-Oct-2026 16:49:36.523 INFO [main] org.apache.catalina.startup.VersionLoggerListener.log Command line argument: --add-opens=java.base/java.lang.reflect=ALL-UNNAMED
02-Oct-2026 16:49:36.523 INFO [main] org.apache.catalina.startup.VersionLoggerListener.log Command line argument: --add-opens=java.base/java.io=ALL-UNNAMED
02-Oct-2026 16:49:36.524 INFO [main] org.apache.catalina.startup.VersionLoggerListener.log Command line argument: --add-opens=java.base/java.util=ALL-UNNAMED
02-Oct-2026 16:49:36.524 INFO [main] org.apache.catalina.startup.VersionLoggerListener.log Command line argument: --add-opens=java.base/java.util.concurrent=ALL-UNNAMED
02-Oct-2026 16:49:36.524 INFO [main] org.apache.catalina.startup.VersionLoggerListener.log Command line argument: --add-opens=java.rmi/sun.rmi.transport=ALL-UNNAMED
02-Oct-2026 16:49:36.524 INFO [main] org.apache.catalina.startup.VersionLoggerListener.log Command line argument: -Djava.util.logging.config.file=/usr/local/tomcat/conf/logging.properties
02-Oct-2026 16:49:36.524 INFO [main] org.apache.catalina.startup.VersionLoggerListener.log Command line argument: -Djava.util.logging.manager=org.apache.juli.ClassLoaderLogManager
02-Oct-2026 16:49:36.524 INFO [main] org.apache.catalina.startup.VersionLoggerListener.log Command line argument: -Djdk.tls.ephemeralDHKeySize=2048
02-Oct-2026 16:49:36.524 INFO [main] org.apache.catalina.startup.VersionLoggerListener.log Command line argument: -Djava.protocol.handler.pkgs=org.apache.catalina.webresources
02-Oct-2026 16:49:36.524 INFO [main] org.apache.catalina.startup.VersionLoggerListener.log Command line argument: -Dsun.io.useCanonCaches=false
02-Oct-2026 16:49:36.524 INFO [main] org.apache.catalina.startup.VersionLoggerListener.log Command line argument: -Dorg.apache.catalina.security.SecurityListener.UMASK=0022
02-Oct-2026 16:49:36.524 INFO [main] org.apache.catalina.startup.VersionLoggerListener.log Command line argument: -Dignore.endorsed.dirs=
02-Oct-2026 16:49:36.525 INFO [main] org.apache.catalina.startup.VersionLoggerListener.log Command line argument: -Dcatalina.base=/usr/local/tomcat
02-Oct-2026 16:49:36.525 INFO [main] org.apache.catalina.startup.VersionLoggerListener.log Command line argument: -Dcatalina.home=/usr/local/tomcat
02-Oct-2026 16:49:36.527 INFO [main] org.apache.catalina.startup.VersionLoggerListener.log Command line argument: -Djava.io.tmpdir=/usr/local/tomcat/temp
02-Oct-2026 16:49:36.533 INFO [main] org.apache.catalina.core.AprLifecycleListener.lifecycleEvent Loaded Apache Tomcat Native library [1.3.7] using APR version [1.7.0].
02-Oct-2026 16:49:36.535 INFO [main] org.apache.catalina.core.AprLifecycleListener.lifecycleEvent APR capabilities: IPv6 [true], sendfile [true], accept filters [false], random [true], UDS [true].
02-Oct-2026 16:49:36.535 INFO [main] org.apache.catalina.core.AprLifecycleListener.lifecycleEvent APR/OpenSSL configuration: useAprConnector [false], useOpenSSL [true]
02-Oct-2026 16:49:36.543 INFO [main] org.apache.catalina.core.AprLifecycleListener.initializeSSL OpenSSL successfully initialized [OpenSSL 3.0.2 15 Mar 2022]
02-Oct-2026 16:49:36.951 INFO [main] org.apache.coyote.AbstractProtocol.init Initializing ProtocolHandler ["http-nio-8080"]
02-Oct-2026 16:49:36.992 INFO [main] org.apache.catalina.startup.Catalina.load Server initialization in [731] milliseconds
02-Oct-2026 16:49:37.105 INFO [main] org.apache.catalina.core.StandardService.startInternal Starting service [Catalina]
02-Oct-2026 16:49:37.105 INFO [main] org.apache.catalina.core.StandardEngine.startInternal Starting Servlet engine: [Apache Tomcat/9.0.117]
02-Oct-2026 16:49:37.115 INFO [main] org.apache.catalina.startup.HostConfig.deployDescriptor Deploying deployment descriptor [/usr/local/tomcat/conf/Catalina/localhost/ROOT.xml]
02-Oct-2026 16:49:37.175 INFO [main] org.apache.catalina.startup.ExpandWar.expand An expanded directory [/usr/local/tomcat/webapps/ROOT] was found with a last modified time that did not match the associated WAR. It will be deleted.
02-Oct-2026 16:49:40.107 INFO [main] org.apache.jasper.servlet.TldScanner.scanJars At least one JAR was scanned for TLDs yet contained no TLDs. Enable debug logging for this logger for a complete list of JARs that were scanned but no TLDs were found in them. Skipping unneeded JARs during scanning can improve startup time and JSP compilation time.
02-Oct-2026 16:49:49.047 INFO [main] nonapi.io.github.classgraph.classloaderhandler.lifecycle.ServletLifeCycleListener.contextInitialized Servlet context initialized
02-Oct-2026 16:49:53.004 INFO [main] org.apache.catalina.startup.HostConfig.deployDescriptor Deployment of deployment descriptor [/usr/local/tomcat/conf/Catalina/localhost/ROOT.xml] has finished in [15,888] ms
02-Oct-2026 16:49:53.010 INFO [main] org.apache.coyote.AbstractProtocol.start Starting ProtocolHandler ["http-nio-8080"]
02-Oct-2026 16:49:53.024 INFO [main] org.apache.catalina.startup.Catalina.start Server startup in [16030] milliseconds
02-Oct-2026 17:00:49.704 INFO [main] org.apache.catalina.startup.VersionLoggerListener.log Server version name:   Apache Tomcat/9.0.117
02-Oct-2026 17:00:49.708 INFO [main] org.apache.catalina.startup.VersionLoggerListener.log Server built:          Mar 30 2026 18:21:16 UTC
02-Oct-2026 17:00:49.710 INFO [main] org.apache.catalina.startup.VersionLoggerListener.log Server version number: 9.0.117.0
02-Oct-2026 17:00:49.710 INFO [main] org.apache.catalina.startup.VersionLoggerListener.log OS Name:               Linux
02-Oct-2026 17:00:49.711 INFO [main] org.apache.catalina.startup.VersionLoggerListener.log OS Version:            6.8.0-142-generic
02-Oct-2026 17:00:49.711 INFO [main] org.apache.catalina.startup.VersionLoggerListener.log Architecture:          amd64
02-Oct-2026 17:00:49.711 INFO [main] org.apache.catalina.startup.VersionLoggerListener.log Java Home:             /opt/java/openjdk
02-Oct-2026 17:00:49.711 INFO [main] org.apache.catalina.startup.VersionLoggerListener.log JVM Version:           11.0.31+11
02-Oct-2026 17:00:49.711 INFO [main] org.apache.catalina.startup.VersionLoggerListener.log JVM Vendor:            Eclipse Adoptium
02-Oct-2026 17:00:49.712 INFO [main] org.apache.catalina.startup.VersionLoggerListener.log CATALINA_BASE:         /usr/local/tomcat
02-Oct-2026 17:00:49.712 INFO [main] org.apache.catalina.startup.VersionLoggerListener.log CATALINA_HOME:         /usr/local/tomcat
02-Oct-2026 17:00:49.745 INFO [main] org.apache.catalina.startup.VersionLoggerListener.log Command line argument: --add-opens=java.base/java.lang=ALL-UNNAMED
02-Oct-2026 17:00:49.745 INFO [main] org.apache.catalina.startup.VersionLoggerListener.log Command line argument: --add-opens=java.base/java.lang.invoke=ALL-UNNAMED
02-Oct-2026 17:00:49.745 INFO [main] org.apache.catalina.startup.VersionLoggerListener.log Command line argument: --add-opens=java.base/java.lang.reflect=ALL-UNNAMED
02-Oct-2026 17:00:49.745 INFO [main] org.apache.catalina.startup.VersionLoggerListener.log Command line argument: --add-opens=java.base/java.io=ALL-UNNAMED
02-Oct-2026 17:00:49.745 INFO [main] org.apache.catalina.startup.VersionLoggerListener.log Command line argument: --add-opens=java.base/java.util=ALL-UNNAMED
02-Oct-2026 17:00:49.746 INFO [main] org.apache.catalina.startup.VersionLoggerListener.log Command line argument: --add-opens=java.base/java.util.concurrent=ALL-UNNAMED
02-Oct-2026 17:00:49.746 INFO [main] org.apache.catalina.startup.VersionLoggerListener.log Command line argument: --add-opens=java.rmi/sun.rmi.transport=ALL-UNNAMED
02-Oct-2026 17:00:49.746 INFO [main] org.apache.catalina.startup.VersionLoggerListener.log Command line argument: -Djava.util.logging.config.file=/usr/local/tomcat/conf/logging.properties
02-Oct-2026 17:00:49.746 INFO [main] org.apache.catalina.startup.VersionLoggerListener.log Command line argument: -Djava.util.logging.manager=org.apache.juli.ClassLoaderLogManager
02-Oct-2026 17:00:49.746 INFO [main] org.apache.catalina.startup.VersionLoggerListener.log Command line argument: -Djdk.tls.ephemeralDHKeySize=2048
02-Oct-2026 17:00:49.746 INFO [main] org.apache.catalina.startup.VersionLoggerListener.log Command line argument: -Djava.protocol.handler.pkgs=org.apache.catalina.webresources
02-Oct-2026 17:00:49.747 INFO [main] org.apache.catalina.startup.VersionLoggerListener.log Command line argument: -Dsun.io.useCanonCaches=false
02-Oct-2026 17:00:49.747 INFO [main] org.apache.catalina.startup.VersionLoggerListener.log Command line argument: -Dorg.apache.catalina.security.SecurityListener.UMASK=0022
02-Oct-2026 17:00:49.749 INFO [main] org.apache.catalina.startup.VersionLoggerListener.log Command line argument: -Dignore.endorsed.dirs=
02-Oct-2026 17:00:49.749 INFO [main] org.apache.catalina.startup.VersionLoggerListener.log Command line argument: -Dcatalina.base=/usr/local/tomcat
02-Oct-2026 17:00:49.749 INFO [main] org.apache.catalina.startup.VersionLoggerListener.log Command line argument: -Dcatalina.home=/usr/local/tomcat
02-Oct-2026 17:00:49.749 INFO [main] org.apache.catalina.startup.VersionLoggerListener.log Command line argument: -Djava.io.tmpdir=/usr/local/tomcat/temp
02-Oct-2026 17:00:49.754 INFO [main] org.apache.catalina.core.AprLifecycleListener.lifecycleEvent Loaded Apache Tomcat Native library [1.3.7] using APR version [1.7.0].
02-Oct-2026 17:00:49.755 INFO [main] org.apache.catalina.core.AprLifecycleListener.lifecycleEvent APR capabilities: IPv6 [true], sendfile [true], accept filters [false], random [true], UDS [true].
02-Oct-2026 17:00:49.755 INFO [main] org.apache.catalina.core.AprLifecycleListener.lifecycleEvent APR/OpenSSL configuration: useAprConnector [false], useOpenSSL [true]
02-Oct-2026 17:00:49.760 INFO [main] org.apache.catalina.core.AprLifecycleListener.initializeSSL OpenSSL successfully initialized [OpenSSL 3.0.2 15 Mar 2022]
02-Oct-2026 17:00:50.204 INFO [main] org.apache.coyote.AbstractProtocol.init Initializing ProtocolHandler ["http-nio-8080"]
02-Oct-2026 17:00:50.257 INFO [main] org.apache.catalina.startup.Catalina.load Server initialization in [877] milliseconds
02-Oct-2026 17:00:50.370 INFO [main] org.apache.catalina.core.StandardService.startInternal Starting service [Catalina]
02-Oct-2026 17:00:50.370 INFO [main] org.apache.catalina.core.StandardEngine.startInternal Starting Servlet engine: [Apache Tomcat/9.0.117]
02-Oct-2026 17:00:50.393 INFO [main] org.apache.catalina.startup.HostConfig.deployDescriptor Deploying deployment descriptor [/usr/local/tomcat/conf/Catalina/localhost/ROOT.xml]
02-Oct-2026 17:00:53.578 INFO [main] org.apache.jasper.servlet.TldScanner.scanJars At least one JAR was scanned for TLDs yet contained no TLDs. Enable debug logging for this logger for a complete list of JARs that were scanned but no TLDs were found in them. Skipping unneeded JARs during scanning can improve startup time and JSP compilation time.
02-Oct-2026 17:01:01.788 INFO [main] nonapi.io.github.classgraph.classloaderhandler.lifecycle.ServletLifeCycleListener.contextInitialized Servlet context initialized
02-Oct-2026 17:01:05.321 INFO [main] org.apache.catalina.startup.HostConfig.deployDescriptor Deployment of deployment descriptor [/usr/local/tomcat/conf/Catalina/localhost/ROOT.xml] has finished in [14,926] ms
02-Oct-2026 17:01:05.326 INFO [main] org.apache.coyote.AbstractProtocol.start Starting ProtocolHandler ["http-nio-8080"]
02-Oct-2026 17:01:05.348 INFO [main] org.apache.catalina.startup.Catalina.start Server startup in [15090] milliseconds
