09-Oct-2026 09:20:56.409 INFO [main] org.apache.catalina.startup.VersionLoggerListener.log Server version name:   Apache Tomcat/9.0.117
09-Oct-2026 09:20:56.421 INFO [main] org.apache.catalina.startup.VersionLoggerListener.log Server built:          Mar 30 2026 18:21:16 UTC
09-Oct-2026 09:20:56.424 INFO [main] org.apache.catalina.startup.VersionLoggerListener.log Server version number: 9.0.117.0
09-Oct-2026 09:20:56.424 INFO [main] org.apache.catalina.startup.VersionLoggerListener.log OS Name:               Linux
09-Oct-2026 09:20:56.424 INFO [main] org.apache.catalina.startup.VersionLoggerListener.log OS Version:            6.8.0-142-generic
09-Oct-2026 09:20:56.425 INFO [main] org.apache.catalina.startup.VersionLoggerListener.log Architecture:          amd64
09-Oct-2026 09:20:56.425 INFO [main] org.apache.catalina.startup.VersionLoggerListener.log Java Home:             /opt/java/openjdk
09-Oct-2026 09:20:56.427 INFO [main] org.apache.catalina.startup.VersionLoggerListener.log JVM Version:           11.0.31+11
09-Oct-2026 09:20:56.427 INFO [main] org.apache.catalina.startup.VersionLoggerListener.log JVM Vendor:            Eclipse Adoptium
09-Oct-2026 09:20:56.430 INFO [main] org.apache.catalina.startup.VersionLoggerListener.log CATALINA_BASE:         /usr/local/tomcat
09-Oct-2026 09:20:56.432 INFO [main] org.apache.catalina.startup.VersionLoggerListener.log CATALINA_HOME:         /usr/local/tomcat
09-Oct-2026 09:20:56.455 INFO [main] org.apache.catalina.startup.VersionLoggerListener.log Command line argument: --add-opens=java.base/java.lang=ALL-UNNAMED
09-Oct-2026 09:20:56.456 INFO [main] org.apache.catalina.startup.VersionLoggerListener.log Command line argument: --add-opens=java.base/java.lang.invoke=ALL-UNNAMED
09-Oct-2026 09:20:56.458 INFO [main] org.apache.catalina.startup.VersionLoggerListener.log Command line argument: --add-opens=java.base/java.lang.reflect=ALL-UNNAMED
09-Oct-2026 09:20:56.459 INFO [main] org.apache.catalina.startup.VersionLoggerListener.log Command line argument: --add-opens=java.base/java.io=ALL-UNNAMED
09-Oct-2026 09:20:56.459 INFO [main] org.apache.catalina.startup.VersionLoggerListener.log Command line argument: --add-opens=java.base/java.util=ALL-UNNAMED
09-Oct-2026 09:20:56.459 INFO [main] org.apache.catalina.startup.VersionLoggerListener.log Command line argument: --add-opens=java.base/java.util.concurrent=ALL-UNNAMED
09-Oct-2026 09:20:56.460 INFO [main] org.apache.catalina.startup.VersionLoggerListener.log Command line argument: --add-opens=java.rmi/sun.rmi.transport=ALL-UNNAMED
09-Oct-2026 09:20:56.462 INFO [main] org.apache.catalina.startup.VersionLoggerListener.log Command line argument: -Djava.util.logging.config.file=/usr/local/tomcat/conf/logging.properties
09-Oct-2026 09:20:56.464 INFO [main] org.apache.catalina.startup.VersionLoggerListener.log Command line argument: -Djava.util.logging.manager=org.apache.juli.ClassLoaderLogManager
09-Oct-2026 09:20:56.465 INFO [main] org.apache.catalina.startup.VersionLoggerListener.log Command line argument: -Djdk.tls.ephemeralDHKeySize=2048
09-Oct-2026 09:20:56.465 INFO [main] org.apache.catalina.startup.VersionLoggerListener.log Command line argument: -Djava.protocol.handler.pkgs=org.apache.catalina.webresources
09-Oct-2026 09:20:56.465 INFO [main] org.apache.catalina.startup.VersionLoggerListener.log Command line argument: -Dsun.io.useCanonCaches=false
09-Oct-2026 09:20:56.465 INFO [main] org.apache.catalina.startup.VersionLoggerListener.log Command line argument: -Dorg.apache.catalina.security.SecurityListener.UMASK=0022
09-Oct-2026 09:20:56.466 INFO [main] org.apache.catalina.startup.VersionLoggerListener.log Command line argument: -Dignore.endorsed.dirs=
09-Oct-2026 09:20:56.466 INFO [main] org.apache.catalina.startup.VersionLoggerListener.log Command line argument: -Dcatalina.base=/usr/local/tomcat
09-Oct-2026 09:20:56.466 INFO [main] org.apache.catalina.startup.VersionLoggerListener.log Command line argument: -Dcatalina.home=/usr/local/tomcat
09-Oct-2026 09:20:56.466 INFO [main] org.apache.catalina.startup.VersionLoggerListener.log Command line argument: -Djava.io.tmpdir=/usr/local/tomcat/temp
09-Oct-2026 09:20:56.480 INFO [main] org.apache.catalina.core.AprLifecycleListener.lifecycleEvent Loaded Apache Tomcat Native library [1.3.7] using APR version [1.7.0].
09-Oct-2026 09:20:56.483 INFO [main] org.apache.catalina.core.AprLifecycleListener.lifecycleEvent APR capabilities: IPv6 [true], sendfile [true], accept filters [false], random [true], UDS [true].
09-Oct-2026 09:20:56.483 INFO [main] org.apache.catalina.core.AprLifecycleListener.lifecycleEvent APR/OpenSSL configuration: useAprConnector [false], useOpenSSL [true]
09-Oct-2026 09:20:56.494 INFO [main] org.apache.catalina.core.AprLifecycleListener.initializeSSL OpenSSL successfully initialized [OpenSSL 3.0.2 15 Mar 2022]
09-Oct-2026 09:20:57.434 INFO [main] org.apache.coyote.AbstractProtocol.init Initializing ProtocolHandler ["http-nio-8080"]
09-Oct-2026 09:20:57.501 INFO [main] org.apache.catalina.startup.Catalina.load Server initialization in [1829] milliseconds
09-Oct-2026 09:20:57.693 INFO [main] org.apache.catalina.core.StandardService.startInternal Starting service [Catalina]
09-Oct-2026 09:20:57.698 INFO [main] org.apache.catalina.core.StandardEngine.startInternal Starting Servlet engine: [Apache Tomcat/9.0.117]
09-Oct-2026 09:20:57.740 INFO [main] org.apache.catalina.startup.HostConfig.deployDescriptor Deploying deployment descriptor [/usr/local/tomcat/conf/Catalina/localhost/ROOT.xml]
09-Oct-2026 09:21:03.933 INFO [main] org.apache.jasper.servlet.TldScanner.scanJars At least one JAR was scanned for TLDs yet contained no TLDs. Enable debug logging for this logger for a complete list of JARs that were scanned but no TLDs were found in them. Skipping unneeded JARs during scanning can improve startup time and JSP compilation time.
09-Oct-2026 09:21:19.045 INFO [main] nonapi.io.github.classgraph.classloaderhandler.lifecycle.ServletLifeCycleListener.contextInitialized Servlet context initialized
09-Oct-2026 09:21:22.928 INFO [main] org.apache.catalina.startup.HostConfig.deployDescriptor Deployment of deployment descriptor [/usr/local/tomcat/conf/Catalina/localhost/ROOT.xml] has finished in [25,186] ms
09-Oct-2026 09:21:22.934 INFO [main] org.apache.coyote.AbstractProtocol.start Starting ProtocolHandler ["http-nio-8080"]
09-Oct-2026 09:21:22.957 INFO [main] org.apache.catalina.startup.Catalina.start Server startup in [25455] milliseconds
09-Oct-2026 09:24:23.620 INFO [main] org.apache.catalina.startup.VersionLoggerListener.log Server version name:   Apache Tomcat/9.0.117
09-Oct-2026 09:24:23.628 INFO [main] org.apache.catalina.startup.VersionLoggerListener.log Server built:          Mar 30 2026 18:21:16 UTC
09-Oct-2026 09:24:23.630 INFO [main] org.apache.catalina.startup.VersionLoggerListener.log Server version number: 9.0.117.0
09-Oct-2026 09:24:23.631 INFO [main] org.apache.catalina.startup.VersionLoggerListener.log OS Name:               Linux
09-Oct-2026 09:24:23.631 INFO [main] org.apache.catalina.startup.VersionLoggerListener.log OS Version:            6.8.0-142-generic
09-Oct-2026 09:24:23.632 INFO [main] org.apache.catalina.startup.VersionLoggerListener.log Architecture:          amd64
09-Oct-2026 09:24:23.632 INFO [main] org.apache.catalina.startup.VersionLoggerListener.log Java Home:             /opt/java/openjdk
09-Oct-2026 09:24:23.632 INFO [main] org.apache.catalina.startup.VersionLoggerListener.log JVM Version:           11.0.31+11
09-Oct-2026 09:24:23.632 INFO [main] org.apache.catalina.startup.VersionLoggerListener.log JVM Vendor:            Eclipse Adoptium
09-Oct-2026 09:24:23.632 INFO [main] org.apache.catalina.startup.VersionLoggerListener.log CATALINA_BASE:         /usr/local/tomcat
09-Oct-2026 09:24:23.632 INFO [main] org.apache.catalina.startup.VersionLoggerListener.log CATALINA_HOME:         /usr/local/tomcat
09-Oct-2026 09:24:23.648 INFO [main] org.apache.catalina.startup.VersionLoggerListener.log Command line argument: --add-opens=java.base/java.lang=ALL-UNNAMED
09-Oct-2026 09:24:23.649 INFO [main] org.apache.catalina.startup.VersionLoggerListener.log Command line argument: --add-opens=java.base/java.lang.invoke=ALL-UNNAMED
09-Oct-2026 09:24:23.649 INFO [main] org.apache.catalina.startup.VersionLoggerListener.log Command line argument: --add-opens=java.base/java.lang.reflect=ALL-UNNAMED
09-Oct-2026 09:24:23.649 INFO [main] org.apache.catalina.startup.VersionLoggerListener.log Command line argument: --add-opens=java.base/java.io=ALL-UNNAMED
09-Oct-2026 09:24:23.649 INFO [main] org.apache.catalina.startup.VersionLoggerListener.log Command line argument: --add-opens=java.base/java.util=ALL-UNNAMED
09-Oct-2026 09:24:23.650 INFO [main] org.apache.catalina.startup.VersionLoggerListener.log Command line argument: --add-opens=java.base/java.util.concurrent=ALL-UNNAMED
09-Oct-2026 09:24:23.650 INFO [main] org.apache.catalina.startup.VersionLoggerListener.log Command line argument: --add-opens=java.rmi/sun.rmi.transport=ALL-UNNAMED
09-Oct-2026 09:24:23.651 INFO [main] org.apache.catalina.startup.VersionLoggerListener.log Command line argument: -Djava.util.logging.config.file=/usr/local/tomcat/conf/logging.properties
09-Oct-2026 09:24:23.651 INFO [main] org.apache.catalina.startup.VersionLoggerListener.log Command line argument: -Djava.util.logging.manager=org.apache.juli.ClassLoaderLogManager
09-Oct-2026 09:24:23.652 INFO [main] org.apache.catalina.startup.VersionLoggerListener.log Command line argument: -Djdk.tls.ephemeralDHKeySize=2048
09-Oct-2026 09:24:23.652 INFO [main] org.apache.catalina.startup.VersionLoggerListener.log Command line argument: -Djava.protocol.handler.pkgs=org.apache.catalina.webresources
09-Oct-2026 09:24:23.652 INFO [main] org.apache.catalina.startup.VersionLoggerListener.log Command line argument: -Dsun.io.useCanonCaches=false
09-Oct-2026 09:24:23.652 INFO [main] org.apache.catalina.startup.VersionLoggerListener.log Command line argument: -Dorg.apache.catalina.security.SecurityListener.UMASK=0022
09-Oct-2026 09:24:23.652 INFO [main] org.apache.catalina.startup.VersionLoggerListener.log Command line argument: -Dignore.endorsed.dirs=
09-Oct-2026 09:24:23.653 INFO [main] org.apache.catalina.startup.VersionLoggerListener.log Command line argument: -Dcatalina.base=/usr/local/tomcat
09-Oct-2026 09:24:23.653 INFO [main] org.apache.catalina.startup.VersionLoggerListener.log Command line argument: -Dcatalina.home=/usr/local/tomcat
09-Oct-2026 09:24:23.654 INFO [main] org.apache.catalina.startup.VersionLoggerListener.log Command line argument: -Djava.io.tmpdir=/usr/local/tomcat/temp
09-Oct-2026 09:24:23.659 INFO [main] org.apache.catalina.core.AprLifecycleListener.lifecycleEvent Loaded Apache Tomcat Native library [1.3.7] using APR version [1.7.0].
09-Oct-2026 09:24:23.660 INFO [main] org.apache.catalina.core.AprLifecycleListener.lifecycleEvent APR capabilities: IPv6 [true], sendfile [true], accept filters [false], random [true], UDS [true].
09-Oct-2026 09:24:23.661 INFO [main] org.apache.catalina.core.AprLifecycleListener.lifecycleEvent APR/OpenSSL configuration: useAprConnector [false], useOpenSSL [true]
09-Oct-2026 09:24:23.668 INFO [main] org.apache.catalina.core.AprLifecycleListener.initializeSSL OpenSSL successfully initialized [OpenSSL 3.0.2 15 Mar 2022]
09-Oct-2026 09:24:24.153 INFO [main] org.apache.coyote.AbstractProtocol.init Initializing ProtocolHandler ["http-nio-8080"]
09-Oct-2026 09:24:24.177 INFO [main] org.apache.catalina.startup.Catalina.load Server initialization in [761] milliseconds
09-Oct-2026 09:24:24.255 INFO [main] org.apache.catalina.core.StandardService.startInternal Starting service [Catalina]
09-Oct-2026 09:24:24.255 INFO [main] org.apache.catalina.core.StandardEngine.startInternal Starting Servlet engine: [Apache Tomcat/9.0.117]
09-Oct-2026 09:24:24.269 INFO [main] org.apache.catalina.startup.HostConfig.deployDescriptor Deploying deployment descriptor [/usr/local/tomcat/conf/Catalina/localhost/ROOT.xml]
09-Oct-2026 09:24:27.388 INFO [main] org.apache.jasper.servlet.TldScanner.scanJars At least one JAR was scanned for TLDs yet contained no TLDs. Enable debug logging for this logger for a complete list of JARs that were scanned but no TLDs were found in them. Skipping unneeded JARs during scanning can improve startup time and JSP compilation time.
09-Oct-2026 09:24:34.699 INFO [main] nonapi.io.github.classgraph.classloaderhandler.lifecycle.ServletLifeCycleListener.contextInitialized Servlet context initialized
09-Oct-2026 09:24:38.006 INFO [main] org.apache.catalina.startup.HostConfig.deployDescriptor Deployment of deployment descriptor [/usr/local/tomcat/conf/Catalina/localhost/ROOT.xml] has finished in [13,735] ms
09-Oct-2026 09:24:38.012 INFO [main] org.apache.coyote.AbstractProtocol.start Starting ProtocolHandler ["http-nio-8080"]
09-Oct-2026 09:24:38.032 INFO [main] org.apache.catalina.startup.Catalina.start Server startup in [13854] milliseconds
09-Oct-2026 10:25:22.134 SEVERE [http-nio-8080-exec-8] org.glassfish.jersey.server.ServerRuntime$Responder.writeResponse An I/O error has occurred while writing a response message entity to the container output stream.
	org.glassfish.jersey.server.internal.process.MappableException: org.apache.catalina.connector.ClientAbortException: java.io.IOException: Broken pipe
		at org.glassfish.jersey.server.internal.MappableExceptionWrapperInterceptor.aroundWriteTo(MappableExceptionWrapperInterceptor.java:92)
		at org.glassfish.jersey.message.internal.WriterInterceptorExecutor.proceed(WriterInterceptorExecutor.java:162)
		at org.glassfish.jersey.message.internal.MessageBodyFactory.writeTo(MessageBodyFactory.java:1130)
		at org.glassfish.jersey.server.ServerRuntime$Responder.writeResponse(ServerRuntime.java:711)
		at org.glassfish.jersey.server.ServerRuntime$Responder.processResponse(ServerRuntime.java:444)
		at org.glassfish.jersey.server.ServerRuntime$Responder.process(ServerRuntime.java:434)
		at org.glassfish.jersey.server.ServerRuntime$2.run(ServerRuntime.java:329)
		at org.glassfish.jersey.internal.Errors$1.call(Errors.java:271)
		at org.glassfish.jersey.internal.Errors$1.call(Errors.java:267)
		at org.glassfish.jersey.internal.Errors.process(Errors.java:315)
		at org.glassfish.jersey.internal.Errors.process(Errors.java:297)
		at org.glassfish.jersey.internal.Errors.process(Errors.java:267)
		at org.glassfish.jersey.process.internal.RequestScope.runInScope(RequestScope.java:317)
		at org.glassfish.jersey.server.ServerRuntime.process(ServerRuntime.java:305)
		at org.glassfish.jersey.server.ApplicationHandler.handle(ApplicationHandler.java:1154)
		at org.glassfish.jersey.servlet.WebComponent.serviceImpl(WebComponent.java:473)
		at org.glassfish.jersey.servlet.ServletContainer.serviceImpl(ServletContainer.java:408)
		at org.glassfish.jersey.servlet.ServletContainer.doFilter(ServletContainer.java:583)
		at org.glassfish.jersey.servlet.ServletContainer.doFilter(ServletContainer.java:524)
		at org.glassfish.jersey.servlet.ServletContainer.doFilter(ServletContainer.java:461)
		at org.apache.catalina.core.ApplicationFilterChain.internalDoFilter(ApplicationFilterChain.java:166)
		at org.apache.catalina.core.ApplicationFilterChain.doFilter(ApplicationFilterChain.java:142)
		at com.google.inject.servlet.FilterChainInvocation.doFilter(FilterChainInvocation.java:89)
		at com.hmdm.plugins.audit.rest.filter.AuditFilter.doFilter(AuditFilter.java:145)
		at com.google.inject.servlet.FilterChainInvocation.doFilter(FilterChainInvocation.java:82)
		at com.hmdm.rest.filter.PrivateIPFilter.doFilter(PrivateIPFilter.java:65)
		at com.google.inject.servlet.FilterChainInvocation.doFilter(FilterChainInvocation.java:82)
		at com.hmdm.rest.filter.AuthFilter.doFilter(AuthFilter.java:116)
		at com.google.inject.servlet.FilterChainInvocation.doFilter(FilterChainInvocation.java:82)
		at com.hmdm.security.jwt.JWTFilter.doFilter(JWTFilter.java:120)
		at com.google.inject.servlet.FilterChainInvocation.doFilter(FilterChainInvocation.java:82)
		at com.hmdm.rest.filter.HstsFilter.doFilter(HstsFilter.java:57)
		at com.google.inject.servlet.FilterChainInvocation.doFilter(FilterChainInvocation.java:82)
		at com.hmdm.rest.filter.ApiOriginFilter.doFilter(ApiOriginFilter.java:52)
		at com.google.inject.servlet.FilterChainInvocation.doFilter(FilterChainInvocation.java:82)
		at com.google.inject.servlet.ManagedFilterPipeline.dispatch(ManagedFilterPipeline.java:121)
		at com.google.inject.servlet.GuiceFilter.doFilter(GuiceFilter.java:133)
		at org.apache.catalina.core.ApplicationFilterChain.internalDoFilter(ApplicationFilterChain.java:166)
		at org.apache.catalina.core.ApplicationFilterChain.doFilter(ApplicationFilterChain.java:142)
		at org.apache.catalina.core.StandardWrapperValve.invoke(StandardWrapperValve.java:166)
		at org.apache.catalina.core.StandardContextValve.invoke(StandardContextValve.java:88)
		at org.apache.catalina.authenticator.AuthenticatorBase.invoke(AuthenticatorBase.java:491)
		at org.apache.catalina.core.StandardHostValve.invoke(StandardHostValve.java:127)
		at org.apache.catalina.valves.ErrorReportValve.invoke(ErrorReportValve.java:83)
		at org.apache.catalina.valves.AbstractAccessLogValve.invoke(AbstractAccessLogValve.java:643)
		at org.apache.catalina.core.StandardEngineValve.invoke(StandardEngineValve.java:72)
		at org.apache.catalina.connector.CoyoteAdapter.service(CoyoteAdapter.java:344)
		at org.apache.coyote.http11.Http11Processor.service(Http11Processor.java:398)
		at org.apache.coyote.AbstractProcessorLight.process(AbstractProcessorLight.java:63)
		at org.apache.coyote.AbstractProtocol$ConnectionHandler.process(AbstractProtocol.java:939)
		at org.apache.tomcat.util.net.NioEndpoint$SocketProcessor.doRun(NioEndpoint.java:1854)
		at org.apache.tomcat.util.net.SocketProcessorBase.run(SocketProcessorBase.java:52)
		at org.apache.tomcat.util.threads.ThreadPoolExecutor.runWorker(ThreadPoolExecutor.java:973)
		at org.apache.tomcat.util.threads.ThreadPoolExecutor$Worker.run(ThreadPoolExecutor.java:491)
		at org.apache.tomcat.util.threads.TaskThread$WrappingRunnable.run(TaskThread.java:63)
		at java.base/java.lang.Thread.run(Thread.java:829)
	Caused by: org.apache.catalina.connector.ClientAbortException: java.io.IOException: Broken pipe
		at org.apache.catalina.connector.OutputBuffer.realWriteBytes(OutputBuffer.java:340)
		at org.apache.catalina.connector.OutputBuffer.flushByteBuffer(OutputBuffer.java:775)
		at org.apache.catalina.connector.OutputBuffer.append(OutputBuffer.java:672)
		at org.apache.catalina.connector.OutputBuffer.writeBytes(OutputBuffer.java:375)
		at org.apache.catalina.connector.OutputBuffer.write(OutputBuffer.java:353)
		at org.apache.catalina.connector.CoyoteOutputStream.write(CoyoteOutputStream.java:99)
		at org.glassfish.jersey.servlet.internal.ResponseWriter$NonCloseableOutputStreamWrapper.write(ResponseWriter.java:325)
		at org.glassfish.jersey.message.internal.CommittingOutputStream.write(CommittingOutputStream.java:229)
		at org.glassfish.jersey.message.internal.WriterInterceptorExecutor$UnCloseableOutputStream.write(WriterInterceptorExecutor.java:299)
		at com.fasterxml.jackson.core.json.UTF8JsonGenerator._flushBuffer(UTF8JsonGenerator.java:2136)
		at com.fasterxml.jackson.core.json.UTF8JsonGenerator.flush(UTF8JsonGenerator.java:1150)
		at com.fasterxml.jackson.databind.ObjectWriter.writeValue(ObjectWriter.java:923)
		at com.fasterxml.jackson.jaxrs.base.ProviderBase.writeTo(ProviderBase.java:618)
		at org.glassfish.jersey.message.internal.WriterInterceptorExecutor$TerminalWriterInterceptor.invokeWriteTo(WriterInterceptorExecutor.java:265)
		at org.glassfish.jersey.message.internal.WriterInterceptorExecutor$TerminalWriterInterceptor.aroundWriteTo(WriterInterceptorExecutor.java:250)
		at org.glassfish.jersey.message.internal.WriterInterceptorExecutor.proceed(WriterInterceptorExecutor.java:162)
		at org.glassfish.jersey.server.internal.JsonWithPaddingInterceptor.aroundWriteTo(JsonWithPaddingInterceptor.java:106)
		at org.glassfish.jersey.message.internal.WriterInterceptorExecutor.proceed(WriterInterceptorExecutor.java:162)
		at org.glassfish.jersey.server.internal.MappableExceptionWrapperInterceptor.aroundWriteTo(MappableExceptionWrapperInterceptor.java:86)
		... 55 more
	Caused by: java.io.IOException: Broken pipe
		at java.base/sun.nio.ch.FileDispatcherImpl.write0(Native Method)
		at java.base/sun.nio.ch.SocketDispatcher.write(SocketDispatcher.java:47)
		at java.base/sun.nio.ch.IOUtil.writeFromNativeBuffer(IOUtil.java:113)
		at java.base/sun.nio.ch.IOUtil.write(IOUtil.java:79)
		at java.base/sun.nio.ch.IOUtil.write(IOUtil.java:50)
		at java.base/sun.nio.ch.SocketChannelImpl.write(SocketChannelImpl.java:462)
		at org.apache.tomcat.util.net.NioChannel.write(NioChannel.java:146)
		at org.apache.tomcat.util.net.NioEndpoint$NioSocketWrapper.doWrite(NioEndpoint.java:1490)
		at org.apache.tomcat.util.net.SocketWrapperBase.doWrite(SocketWrapperBase.java:773)
		at org.apache.tomcat.util.net.SocketWrapperBase.writeBlocking(SocketWrapperBase.java:613)
		at org.apache.tomcat.util.net.SocketWrapperBase.write(SocketWrapperBase.java:561)
		at org.apache.coyote.http11.Http11OutputBuffer$SocketOutputBuffer.doWrite(Http11OutputBuffer.java:548)
		at org.apache.coyote.http11.filters.ChunkedOutputFilter.doWrite(ChunkedOutputFilter.java:109)
		at org.apache.coyote.http11.Http11OutputBuffer.doWrite(Http11OutputBuffer.java:193)
		at org.apache.coyote.Response.doWrite(Response.java:614)
		at org.apache.catalina.connector.OutputBuffer.realWriteBytes(OutputBuffer.java:328)
		... 73 more
09-Oct-2026 10:43:41.474 INFO [main] org.apache.catalina.startup.VersionLoggerListener.log Server version name:   Apache Tomcat/9.0.117
09-Oct-2026 10:43:41.512 INFO [main] org.apache.catalina.startup.VersionLoggerListener.log Server built:          Mar 30 2026 18:21:16 UTC
09-Oct-2026 10:43:41.512 INFO [main] org.apache.catalina.startup.VersionLoggerListener.log Server version number: 9.0.117.0
09-Oct-2026 10:43:41.512 INFO [main] org.apache.catalina.startup.VersionLoggerListener.log OS Name:               Linux
09-Oct-2026 10:43:41.514 INFO [main] org.apache.catalina.startup.VersionLoggerListener.log OS Version:            6.8.0-142-generic
09-Oct-2026 10:43:41.514 INFO [main] org.apache.catalina.startup.VersionLoggerListener.log Architecture:          amd64
09-Oct-2026 10:43:41.515 INFO [main] org.apache.catalina.startup.VersionLoggerListener.log Java Home:             /opt/java/openjdk
09-Oct-2026 10:43:41.516 INFO [main] org.apache.catalina.startup.VersionLoggerListener.log JVM Version:           11.0.31+11
09-Oct-2026 10:43:41.518 INFO [main] org.apache.catalina.startup.VersionLoggerListener.log JVM Vendor:            Eclipse Adoptium
09-Oct-2026 10:43:41.520 INFO [main] org.apache.catalina.startup.VersionLoggerListener.log CATALINA_BASE:         /usr/local/tomcat
09-Oct-2026 10:43:41.522 INFO [main] org.apache.catalina.startup.VersionLoggerListener.log CATALINA_HOME:         /usr/local/tomcat
09-Oct-2026 10:43:41.888 INFO [main] org.apache.catalina.startup.VersionLoggerListener.log Command line argument: --add-opens=java.base/java.lang=ALL-UNNAMED
09-Oct-2026 10:43:41.889 INFO [main] org.apache.catalina.startup.VersionLoggerListener.log Command line argument: --add-opens=java.base/java.lang.invoke=ALL-UNNAMED
09-Oct-2026 10:43:41.889 INFO [main] org.apache.catalina.startup.VersionLoggerListener.log Command line argument: --add-opens=java.base/java.lang.reflect=ALL-UNNAMED
09-Oct-2026 10:43:41.889 INFO [main] org.apache.catalina.startup.VersionLoggerListener.log Command line argument: --add-opens=java.base/java.io=ALL-UNNAMED
09-Oct-2026 10:43:41.890 INFO [main] org.apache.catalina.startup.VersionLoggerListener.log Command line argument: --add-opens=java.base/java.util=ALL-UNNAMED
09-Oct-2026 10:43:41.890 INFO [main] org.apache.catalina.startup.VersionLoggerListener.log Command line argument: --add-opens=java.base/java.util.concurrent=ALL-UNNAMED
09-Oct-2026 10:43:41.892 INFO [main] org.apache.catalina.startup.VersionLoggerListener.log Command line argument: --add-opens=java.rmi/sun.rmi.transport=ALL-UNNAMED
09-Oct-2026 10:43:41.892 INFO [main] org.apache.catalina.startup.VersionLoggerListener.log Command line argument: -Djava.util.logging.config.file=/usr/local/tomcat/conf/logging.properties
09-Oct-2026 10:43:41.893 INFO [main] org.apache.catalina.startup.VersionLoggerListener.log Command line argument: -Djava.util.logging.manager=org.apache.juli.ClassLoaderLogManager
09-Oct-2026 10:43:41.893 INFO [main] org.apache.catalina.startup.VersionLoggerListener.log Command line argument: -Djdk.tls.ephemeralDHKeySize=2048
09-Oct-2026 10:43:41.895 INFO [main] org.apache.catalina.startup.VersionLoggerListener.log Command line argument: -Djava.protocol.handler.pkgs=org.apache.catalina.webresources
09-Oct-2026 10:43:41.896 INFO [main] org.apache.catalina.startup.VersionLoggerListener.log Command line argument: -Dsun.io.useCanonCaches=false
09-Oct-2026 10:43:41.896 INFO [main] org.apache.catalina.startup.VersionLoggerListener.log Command line argument: -Dorg.apache.catalina.security.SecurityListener.UMASK=0022
09-Oct-2026 10:43:41.896 INFO [main] org.apache.catalina.startup.VersionLoggerListener.log Command line argument: -Dignore.endorsed.dirs=
09-Oct-2026 10:43:41.897 INFO [main] org.apache.catalina.startup.VersionLoggerListener.log Command line argument: -Dcatalina.base=/usr/local/tomcat
09-Oct-2026 10:43:41.897 INFO [main] org.apache.catalina.startup.VersionLoggerListener.log Command line argument: -Dcatalina.home=/usr/local/tomcat
09-Oct-2026 10:43:41.898 INFO [main] org.apache.catalina.startup.VersionLoggerListener.log Command line argument: -Djava.io.tmpdir=/usr/local/tomcat/temp
09-Oct-2026 10:43:42.170 INFO [main] org.apache.catalina.core.AprLifecycleListener.lifecycleEvent Loaded Apache Tomcat Native library [1.3.7] using APR version [1.7.0].
09-Oct-2026 10:43:42.171 INFO [main] org.apache.catalina.core.AprLifecycleListener.lifecycleEvent APR capabilities: IPv6 [true], sendfile [true], accept filters [false], random [true], UDS [true].
09-Oct-2026 10:43:42.171 INFO [main] org.apache.catalina.core.AprLifecycleListener.lifecycleEvent APR/OpenSSL configuration: useAprConnector [false], useOpenSSL [true]
09-Oct-2026 10:43:42.190 INFO [main] org.apache.catalina.core.AprLifecycleListener.initializeSSL OpenSSL successfully initialized [OpenSSL 3.0.2 15 Mar 2022]
09-Oct-2026 10:43:44.887 INFO [main] org.apache.coyote.AbstractProtocol.init Initializing ProtocolHandler ["http-nio-8080"]
09-Oct-2026 10:43:45.116 INFO [main] org.apache.catalina.startup.Catalina.load Server initialization in [8276] milliseconds
09-Oct-2026 10:43:45.420 INFO [main] org.apache.catalina.core.StandardService.startInternal Starting service [Catalina]
09-Oct-2026 10:43:45.427 INFO [main] org.apache.catalina.core.StandardEngine.startInternal Starting Servlet engine: [Apache Tomcat/9.0.117]
09-Oct-2026 10:43:45.465 INFO [main] org.apache.catalina.startup.HostConfig.deployDescriptor Deploying deployment descriptor [/usr/local/tomcat/conf/Catalina/localhost/ROOT.xml]
09-Oct-2026 10:43:59.702 INFO [main] org.apache.jasper.servlet.TldScanner.scanJars At least one JAR was scanned for TLDs yet contained no TLDs. Enable debug logging for this logger for a complete list of JARs that were scanned but no TLDs were found in them. Skipping unneeded JARs during scanning can improve startup time and JSP compilation time.
09-Oct-2026 10:44:18.820 INFO [main] nonapi.io.github.classgraph.classloaderhandler.lifecycle.ServletLifeCycleListener.contextInitialized Servlet context initialized
09-Oct-2026 10:44:20.119 SEVERE [main] org.apache.catalina.core.StandardContext.startInternal One or more Filters failed to start. Full details will be found in the appropriate container log file
09-Oct-2026 10:44:20.120 SEVERE [main] org.apache.catalina.core.StandardContext.startInternal Context [] startup failed due to previous errors
09-Oct-2026 10:44:20.141 INFO [main] nonapi.io.github.classgraph.classloaderhandler.lifecycle.ServletLifeCycleListener.contextDestroyed Servlet context destroyed -- closing any remaning open ClassGraph ScanResult instances
09-Oct-2026 10:44:20.153 WARNING [main] org.apache.catalina.loader.WebappClassLoaderBase.clearReferencesJdbc The web application [ROOT] registered the JDBC driver [org.postgresql.Driver] but failed to unregister it when the web application was stopped. To prevent a memory leak, the JDBC Driver has been forcibly unregistered.
09-Oct-2026 10:44:20.157 WARNING [main] org.apache.catalina.loader.WebappClassLoaderBase.clearReferencesThreads The web application [ROOT] appears to have started a thread named [pool-2-thread-1] but has failed to stop it. This is very likely to create a memory leak. Stack trace of thread:
 java.base@11.0.31/jdk.internal.misc.Unsafe.park(Native Method)
 java.base@11.0.31/java.util.concurrent.locks.LockSupport.park(LockSupport.java:194)
 java.base@11.0.31/java.util.concurrent.locks.AbstractQueuedSynchronizer$ConditionObject.await(AbstractQueuedSynchronizer.java:2081)
 java.base@11.0.31/java.util.concurrent.ScheduledThreadPoolExecutor$DelayedWorkQueue.take(ScheduledThreadPoolExecutor.java:1177)
 java.base@11.0.31/java.util.concurrent.ScheduledThreadPoolExecutor$DelayedWorkQueue.take(ScheduledThreadPoolExecutor.java:899)
 java.base@11.0.31/java.util.concurrent.ThreadPoolExecutor.getTask(ThreadPoolExecutor.java:1054)
 java.base@11.0.31/java.util.concurrent.ThreadPoolExecutor.runWorker(ThreadPoolExecutor.java:1114)
 java.base@11.0.31/java.util.concurrent.ThreadPoolExecutor$Worker.run(ThreadPoolExecutor.java:628)
 java.base@11.0.31/java.lang.Thread.run(Thread.java:829)
09-Oct-2026 10:44:20.160 WARNING [main] org.apache.catalina.loader.WebappClassLoaderBase.clearReferencesThreads The web application [ROOT] appears to have started a thread named [pool-4-thread-1] but has failed to stop it. This is very likely to create a memory leak. Stack trace of thread:
 java.base@11.0.31/jdk.internal.misc.Unsafe.park(Native Method)
 java.base@11.0.31/java.util.concurrent.locks.LockSupport.parkNanos(LockSupport.java:234)
 java.base@11.0.31/java.util.concurrent.locks.AbstractQueuedSynchronizer$ConditionObject.awaitNanos(AbstractQueuedSynchronizer.java:2123)
 java.base@11.0.31/java.util.concurrent.ScheduledThreadPoolExecutor$DelayedWorkQueue.take(ScheduledThreadPoolExecutor.java:1182)
 java.base@11.0.31/java.util.concurrent.ScheduledThreadPoolExecutor$DelayedWorkQueue.take(ScheduledThreadPoolExecutor.java:899)
 java.base@11.0.31/java.util.concurrent.ThreadPoolExecutor.getTask(ThreadPoolExecutor.java:1054)
 java.base@11.0.31/java.util.concurrent.ThreadPoolExecutor.runWorker(ThreadPoolExecutor.java:1114)
 java.base@11.0.31/java.util.concurrent.ThreadPoolExecutor$Worker.run(ThreadPoolExecutor.java:628)
 java.base@11.0.31/java.lang.Thread.run(Thread.java:829)
09-Oct-2026 10:44:20.160 WARNING [main] org.apache.catalina.loader.WebappClassLoaderBase.clearReferencesThreads The web application [ROOT] appears to have started a thread named [ActiveMQ Broker[localhost] Scheduler] but has failed to stop it. This is very likely to create a memory leak. Stack trace of thread:
 java.base@11.0.31/java.lang.Object.wait(Native Method)
 java.base@11.0.31/java.lang.Object.wait(Object.java:328)
 java.base@11.0.31/java.util.TimerThread.mainLoop(Timer.java:527)
 java.base@11.0.31/java.util.TimerThread.run(Timer.java:506)
09-Oct-2026 10:44:20.161 WARNING [main] org.apache.catalina.loader.WebappClassLoaderBase.clearReferencesThreads The web application [ROOT] appears to have started a thread named [ActiveMQ Transport Server Thread Handler: mqtt://0.0.0.0:31000] but has failed to stop it. This is very likely to create a memory leak. Stack trace of thread:
 java.base@11.0.31/jdk.internal.misc.Unsafe.park(Native Method)
 java.base@11.0.31/java.util.concurrent.locks.LockSupport.parkNanos(LockSupport.java:234)
 java.base@11.0.31/java.util.concurrent.locks.AbstractQueuedSynchronizer$ConditionObject.awaitNanos(AbstractQueuedSynchronizer.java:2123)
 java.base@11.0.31/java.util.concurrent.LinkedBlockingQueue.poll(LinkedBlockingQueue.java:458)
 org.apache.activemq.transport.tcp.TcpTransportServer$1.run(TcpTransportServer.java:496)
 java.base@11.0.31/java.lang.Thread.run(Thread.java:829)
09-Oct-2026 10:44:20.163 WARNING [main] org.apache.catalina.loader.WebappClassLoaderBase.clearReferencesThreads The web application [ROOT] appears to have started a thread named [ActiveMQ Transport Server: mqtt://0.0.0.0:31000] but has failed to stop it. This is very likely to create a memory leak. Stack trace of thread:
 java.base@11.0.31/java.net.PlainSocketImpl.socketAccept(Native Method)
 java.base@11.0.31/java.net.AbstractPlainSocketImpl.accept(AbstractPlainSocketImpl.java:474)
 java.base@11.0.31/java.net.ServerSocket.implAccept(ServerSocket.java:565)
 java.base@11.0.31/java.net.ServerSocket.accept(ServerSocket.java:533)
 org.apache.activemq.transport.tcp.TcpTransportServer.doRunWithServerSocket(TcpTransportServer.java:420)
 org.apache.activemq.transport.tcp.TcpTransportServer.run(TcpTransportServer.java:342)
 java.base@11.0.31/java.lang.Thread.run(Thread.java:829)
09-Oct-2026 10:44:20.163 WARNING [main] org.apache.catalina.loader.WebappClassLoaderBase.clearReferencesThreads The web application [ROOT] appears to have started a thread named [MQTT Rec: HMDMServer] but has failed to stop it. This is very likely to create a memory leak. Stack trace of thread:
 java.base@11.0.31/java.net.SocketInputStream.socketRead0(Native Method)
 java.base@11.0.31/java.net.SocketInputStream.socketRead(SocketInputStream.java:115)
 java.base@11.0.31/java.net.SocketInputStream.read(SocketInputStream.java:168)
 java.base@11.0.31/java.net.SocketInputStream.read(SocketInputStream.java:140)
 java.base@11.0.31/java.net.SocketInputStream.read(SocketInputStream.java:200)
 java.base@11.0.31/java.io.DataInputStream.readByte(DataInputStream.java:270)
 org.eclipse.paho.client.mqttv3.internal.wire.MqttInputStream.readMqttWireMessage(MqttInputStream.java:92)
 org.eclipse.paho.client.mqttv3.internal.CommsReceiver.run(CommsReceiver.java:137)
 java.base@11.0.31/java.lang.Thread.run(Thread.java:829)
09-Oct-2026 10:44:20.168 WARNING [main] org.apache.catalina.loader.WebappClassLoaderBase.clearReferencesThreads The web application [ROOT] appears to have started a thread named [MQTT Snd: HMDMServer] but has failed to stop it. This is very likely to create a memory leak. Stack trace of thread:
 java.base@11.0.31/java.lang.Object.wait(Native Method)
 java.base@11.0.31/java.lang.Object.wait(Object.java:328)
 org.eclipse.paho.client.mqttv3.internal.ClientState.get(ClientState.java:825)
 org.eclipse.paho.client.mqttv3.internal.CommsSender.run(CommsSender.java:129)
 java.base@11.0.31/java.lang.Thread.run(Thread.java:829)
09-Oct-2026 10:44:20.169 WARNING [main] org.apache.catalina.loader.WebappClassLoaderBase.clearReferencesThreads The web application [ROOT] appears to have started a thread named [ActiveMQ BrokerService[localhost] Task-1] but has failed to stop it. This is very likely to create a memory leak. Stack trace of thread:
 java.base@11.0.31/jdk.internal.misc.Unsafe.park(Native Method)
 java.base@11.0.31/java.util.concurrent.locks.LockSupport.parkNanos(LockSupport.java:234)
 java.base@11.0.31/java.util.concurrent.SynchronousQueue$TransferStack.awaitFulfill(SynchronousQueue.java:462)
 java.base@11.0.31/java.util.concurrent.SynchronousQueue$TransferStack.transfer(SynchronousQueue.java:361)
 java.base@11.0.31/java.util.concurrent.SynchronousQueue.poll(SynchronousQueue.java:937)
 java.base@11.0.31/java.util.concurrent.ThreadPoolExecutor.getTask(ThreadPoolExecutor.java:1053)
 java.base@11.0.31/java.util.concurrent.ThreadPoolExecutor.runWorker(ThreadPoolExecutor.java:1114)
 java.base@11.0.31/java.util.concurrent.ThreadPoolExecutor$Worker.run(ThreadPoolExecutor.java:628)
 java.base@11.0.31/java.lang.Thread.run(Thread.java:829)
09-Oct-2026 10:44:20.173 WARNING [main] org.apache.catalina.loader.WebappClassLoaderBase.clearReferencesThreads The web application [ROOT] appears to have started a thread named [MQTT Call: HMDMServer] but has failed to stop it. This is very likely to create a memory leak. Stack trace of thread:
 java.base@11.0.31/java.lang.Object.wait(Native Method)
 java.base@11.0.31/java.lang.Object.wait(Object.java:328)
 org.eclipse.paho.client.mqttv3.internal.CommsCallback.run(CommsCallback.java:181)
 java.base@11.0.31/java.lang.Thread.run(Thread.java:829)
09-Oct-2026 10:44:20.174 WARNING [main] org.apache.catalina.loader.WebappClassLoaderBase.clearReferencesThreads The web application [ROOT] appears to have started a thread named [ActiveMQ Transport: tcp:///172.18.0.4:43692@31000] but has failed to stop it. This is very likely to create a memory leak. Stack trace of thread:
 java.base@11.0.31/java.net.SocketInputStream.socketRead0(Native Method)
 java.base@11.0.31/java.net.SocketInputStream.socketRead(SocketInputStream.java:115)
 java.base@11.0.31/java.net.SocketInputStream.read(SocketInputStream.java:168)
 java.base@11.0.31/java.net.SocketInputStream.read(SocketInputStream.java:140)
 org.apache.activemq.transport.tcp.TcpBufferedInputStream.fill(TcpBufferedInputStream.java:50)
 org.apache.activemq.transport.tcp.TcpTransport$2.fill(TcpTransport.java:634)
 org.apache.activemq.transport.tcp.TcpBufferedInputStream.read(TcpBufferedInputStream.java:59)
 org.apache.activemq.transport.tcp.TcpTransport$2.read(TcpTransport.java:619)
 java.base@11.0.31/java.io.DataInputStream.readByte(DataInputStream.java:270)
 org.apache.activemq.transport.mqtt.MQTTWireFormat.unmarshal(MQTTWireFormat.java:86)
 org.apache.activemq.transport.tcp.TcpTransport.readCommand(TcpTransport.java:240)
 org.apache.activemq.transport.tcp.TcpTransport.doRun(TcpTransport.java:232)
 org.apache.activemq.transport.tcp.TcpTransport.run(TcpTransport.java:215)
 java.base@11.0.31/java.lang.Thread.run(Thread.java:829)
09-Oct-2026 10:44:20.176 WARNING [main] org.apache.catalina.loader.WebappClassLoaderBase.clearReferencesThreads The web application [ROOT] appears to have started a thread named [ActiveMQ BrokerService[localhost] Task-2] but has failed to stop it. This is very likely to create a memory leak. Stack trace of thread:
 java.base@11.0.31/jdk.internal.misc.Unsafe.park(Native Method)
 java.base@11.0.31/java.util.concurrent.locks.LockSupport.parkNanos(LockSupport.java:234)
 java.base@11.0.31/java.util.concurrent.SynchronousQueue$TransferStack.awaitFulfill(SynchronousQueue.java:462)
 java.base@11.0.31/java.util.concurrent.SynchronousQueue$TransferStack.transfer(SynchronousQueue.java:361)
 java.base@11.0.31/java.util.concurrent.SynchronousQueue.poll(SynchronousQueue.java:937)
 java.base@11.0.31/java.util.concurrent.ThreadPoolExecutor.getTask(ThreadPoolExecutor.java:1053)
 java.base@11.0.31/java.util.concurrent.ThreadPoolExecutor.runWorker(ThreadPoolExecutor.java:1114)
 java.base@11.0.31/java.util.concurrent.ThreadPoolExecutor$Worker.run(ThreadPoolExecutor.java:628)
 java.base@11.0.31/java.lang.Thread.run(Thread.java:829)
09-Oct-2026 10:44:20.176 WARNING [main] org.apache.catalina.loader.WebappClassLoaderBase.clearReferencesThreads The web application [ROOT] appears to have started a thread named [InactivityMonitor ReadCheck] but has failed to stop it. This is very likely to create a memory leak. Stack trace of thread:
 java.base@11.0.31/java.lang.Object.wait(Native Method)
 java.base@11.0.31/java.util.TimerThread.mainLoop(Timer.java:553)
 java.base@11.0.31/java.util.TimerThread.run(Timer.java:506)
09-Oct-2026 10:44:20.184 WARNING [main] org.apache.catalina.loader.WebappClassLoaderBase.clearReferencesThreads The web application [ROOT] appears to have started a thread named [MQTT Ping: HMDMServer] but has failed to stop it. This is very likely to create a memory leak. Stack trace of thread:
 java.base@11.0.31/java.lang.Object.wait(Native Method)
 java.base@11.0.31/java.util.TimerThread.mainLoop(Timer.java:553)
 java.base@11.0.31/java.util.TimerThread.run(Timer.java:506)
09-Oct-2026 10:44:20.184 WARNING [main] org.apache.catalina.loader.WebappClassLoaderBase.clearReferencesThreads The web application [ROOT] appears to have started a thread named [pool-2-thread-2] but has failed to stop it. This is very likely to create a memory leak. Stack trace of thread:
 java.base@11.0.31/jdk.internal.misc.Unsafe.park(Native Method)
 java.base@11.0.31/java.util.concurrent.locks.LockSupport.parkNanos(LockSupport.java:234)
 java.base@11.0.31/java.util.concurrent.locks.AbstractQueuedSynchronizer$ConditionObject.awaitNanos(AbstractQueuedSynchronizer.java:2123)
 java.base@11.0.31/java.util.concurrent.ScheduledThreadPoolExecutor$DelayedWorkQueue.take(ScheduledThreadPoolExecutor.java:1182)
 java.base@11.0.31/java.util.concurrent.ScheduledThreadPoolExecutor$DelayedWorkQueue.take(ScheduledThreadPoolExecutor.java:899)
 java.base@11.0.31/java.util.concurrent.ThreadPoolExecutor.getTask(ThreadPoolExecutor.java:1054)
 java.base@11.0.31/java.util.concurrent.ThreadPoolExecutor.runWorker(ThreadPoolExecutor.java:1114)
 java.base@11.0.31/java.util.concurrent.ThreadPoolExecutor$Worker.run(ThreadPoolExecutor.java:628)
 java.base@11.0.31/java.lang.Thread.run(Thread.java:829)
09-Oct-2026 10:44:20.192 WARNING [main] org.apache.catalina.loader.WebappClassLoaderBase.clearReferencesThreads The web application [ROOT] appears to have started a thread named [pool-5-thread-1] but has failed to stop it. This is very likely to create a memory leak. Stack trace of thread:
 java.base@11.0.31/java.net.SocketInputStream.socketRead0(Native Method)
 java.base@11.0.31/java.net.SocketInputStream.socketRead(SocketInputStream.java:115)
 java.base@11.0.31/java.net.SocketInputStream.read(SocketInputStream.java:168)
 java.base@11.0.31/java.net.SocketInputStream.read(SocketInputStream.java:140)
 org.postgresql.core.VisibleBufferedInputStream.readMore(VisibleBufferedInputStream.java:161)
 org.postgresql.core.VisibleBufferedInputStream.ensureBytes(VisibleBufferedInputStream.java:128)
 org.postgresql.core.VisibleBufferedInputStream.ensureBytes(VisibleBufferedInputStream.java:113)
 org.postgresql.core.VisibleBufferedInputStream.read(VisibleBufferedInputStream.java:73)
 org.postgresql.core.PGStream.receiveChar(PGStream.java:453)
 org.postgresql.core.v3.QueryExecutorImpl.processResults(QueryExecutorImpl.java:2119)
 org.postgresql.core.v3.QueryExecutorImpl.execute(QueryExecutorImpl.java:355)
 org.postgresql.core.v3.QueryExecutorImpl.execute(QueryExecutorImpl.java:315)
 org.postgresql.jdbc.PgConnection.executeTransactionCommand(PgConnection.java:855)
 org.postgresql.jdbc.PgConnection.commit(PgConnection.java:877)
 java.base@11.0.31/jdk.internal.reflect.NativeMethodAccessorImpl.invoke0(Native Method)
 java.base@11.0.31/jdk.internal.reflect.NativeMethodAccessorImpl.invoke(NativeMethodAccessorImpl.java:62)
 java.base@11.0.31/jdk.internal.reflect.DelegatingMethodAccessorImpl.invoke(DelegatingMethodAccessorImpl.java:43)
 java.base@11.0.31/java.lang.reflect.Method.invoke(Method.java:566)
 org.apache.ibatis.datasource.pooled.PooledConnection.invoke(PooledConnection.java:245)
 platform//com.sun.proxy.$Proxy93.commit(Unknown Source)
 org.apache.ibatis.transaction.jdbc.JdbcTransaction.commit(JdbcTransaction.java:71)
 org.apache.ibatis.executor.BaseExecutor.commit(BaseExecutor.java:244)
 org.apache.ibatis.executor.CachingExecutor.commit(CachingExecutor.java:119)
 org.apache.ibatis.session.defaults.DefaultSqlSession.commit(DefaultSqlSession.java:223)
 org.apache.ibatis.session.SqlSessionManager.commit(SqlSessionManager.java:297)
 org.mybatis.guice.transactional.TransactionalMethodInterceptor.invoke(TransactionalMethodInterceptor.java:114)
 com.google.inject.internal.InterceptorStackCallback$InterceptedMethodInvocation.proceed(InterceptorStackCallback.java:78)
 com.google.inject.internal.InterceptorStackCallback.intercept(InterceptorStackCallback.java:54)
 com.hmdm.service.DeviceStatusService$$EnhancerByGuice$$5ddb3527.recalcDeviceStatuses(<generated>)
 com.hmdm.guice.module.EventListenerModule.lambda$init$0(EventListenerModule.java:69)
 com.hmdm.guice.module.EventListenerModule$$Lambda$265/0x00000008405a5440.accept(Unknown Source)
 java.base@11.0.31/java.util.ArrayList.forEach(ArrayList.java:1541)
 com.hmdm.guice.module.EventListenerModule.lambda$init$1(EventListenerModule.java:67)
 com.hmdm.guice.module.EventListenerModule$$Lambda$263/0x00000008405a6040.run(Unknown Source)
 java.base@11.0.31/java.util.concurrent.Executors$RunnableAdapter.call(Executors.java:515)
 java.base@11.0.31/java.util.concurrent.FutureTask.run(FutureTask.java:264)
 java.base@11.0.31/java.util.concurrent.ThreadPoolExecutor.runWorker(ThreadPoolExecutor.java:1128)
 java.base@11.0.31/java.util.concurrent.ThreadPoolExecutor$Worker.run(ThreadPoolExecutor.java:628)
 java.base@11.0.31/java.lang.Thread.run(Thread.java:829)
09-Oct-2026 10:44:20.198 WARNING [main] org.apache.catalina.loader.WebappClassLoaderBase.clearReferencesThreads The web application [ROOT] appears to have started a thread named [pool-1-thread-1] but has failed to stop it. This is very likely to create a memory leak. Stack trace of thread:
 java.base@11.0.31/jdk.internal.misc.Unsafe.park(Native Method)
 java.base@11.0.31/java.util.concurrent.locks.LockSupport.park(LockSupport.java:194)
 java.base@11.0.31/java.util.concurrent.locks.AbstractQueuedSynchronizer$ConditionObject.await(AbstractQueuedSynchronizer.java:2081)
 java.base@11.0.31/java.util.concurrent.LinkedBlockingQueue.take(LinkedBlockingQueue.java:433)
 java.base@11.0.31/java.util.concurrent.ThreadPoolExecutor.getTask(ThreadPoolExecutor.java:1054)
 java.base@11.0.31/java.util.concurrent.ThreadPoolExecutor.runWorker(ThreadPoolExecutor.java:1114)
 java.base@11.0.31/java.util.concurrent.ThreadPoolExecutor$Worker.run(ThreadPoolExecutor.java:628)
 java.base@11.0.31/java.lang.Thread.run(Thread.java:829)
09-Oct-2026 10:44:20.199 WARNING [main] org.apache.catalina.loader.WebappClassLoaderBase.clearReferencesThreads The web application [ROOT] appears to have started a thread named [pool-1-thread-2] but has failed to stop it. This is very likely to create a memory leak. Stack trace of thread:
 java.base@11.0.31/jdk.internal.misc.Unsafe.park(Native Method)
 java.base@11.0.31/java.util.concurrent.locks.LockSupport.park(LockSupport.java:194)
 java.base@11.0.31/java.util.concurrent.locks.AbstractQueuedSynchronizer$ConditionObject.await(AbstractQueuedSynchronizer.java:2081)
 java.base@11.0.31/java.util.concurrent.LinkedBlockingQueue.take(LinkedBlockingQueue.java:433)
 java.base@11.0.31/java.util.concurrent.ThreadPoolExecutor.getTask(ThreadPoolExecutor.java:1054)
 java.base@11.0.31/java.util.concurrent.ThreadPoolExecutor.runWorker(ThreadPoolExecutor.java:1114)
 java.base@11.0.31/java.util.concurrent.ThreadPoolExecutor$Worker.run(ThreadPoolExecutor.java:628)
 java.base@11.0.31/java.lang.Thread.run(Thread.java:829)
09-Oct-2026 10:44:20.200 WARNING [main] org.apache.catalina.loader.WebappClassLoaderBase.clearReferencesThreads The web application [ROOT] appears to have started a thread named [pool-1-thread-3] but has failed to stop it. This is very likely to create a memory leak. Stack trace of thread:
 java.base@11.0.31/jdk.internal.misc.Unsafe.park(Native Method)
 java.base@11.0.31/java.util.concurrent.locks.LockSupport.park(LockSupport.java:194)
 java.base@11.0.31/java.util.concurrent.locks.AbstractQueuedSynchronizer$ConditionObject.await(AbstractQueuedSynchronizer.java:2081)
 java.base@11.0.31/java.util.concurrent.LinkedBlockingQueue.take(LinkedBlockingQueue.java:433)
 java.base@11.0.31/java.util.concurrent.ThreadPoolExecutor.getTask(ThreadPoolExecutor.java:1054)
 java.base@11.0.31/java.util.concurrent.ThreadPoolExecutor.runWorker(ThreadPoolExecutor.java:1114)
 java.base@11.0.31/java.util.concurrent.ThreadPoolExecutor$Worker.run(ThreadPoolExecutor.java:628)
 java.base@11.0.31/java.lang.Thread.run(Thread.java:829)
09-Oct-2026 10:44:20.201 WARNING [main] org.apache.catalina.loader.WebappClassLoaderBase.clearReferencesThreads The web application [ROOT] appears to have started a thread named [pool-1-thread-4] but has failed to stop it. This is very likely to create a memory leak. Stack trace of thread:
 java.base@11.0.31/jdk.internal.misc.Unsafe.park(Native Method)
 java.base@11.0.31/java.util.concurrent.locks.LockSupport.park(LockSupport.java:194)
 java.base@11.0.31/java.util.concurrent.locks.AbstractQueuedSynchronizer$ConditionObject.await(AbstractQueuedSynchronizer.java:2081)
 java.base@11.0.31/java.util.concurrent.LinkedBlockingQueue.take(LinkedBlockingQueue.java:433)
 java.base@11.0.31/java.util.concurrent.ThreadPoolExecutor.getTask(ThreadPoolExecutor.java:1054)
 java.base@11.0.31/java.util.concurrent.ThreadPoolExecutor.runWorker(ThreadPoolExecutor.java:1114)
 java.base@11.0.31/java.util.concurrent.ThreadPoolExecutor$Worker.run(ThreadPoolExecutor.java:628)
 java.base@11.0.31/java.lang.Thread.run(Thread.java:829)
09-Oct-2026 10:44:20.203 WARNING [main] org.apache.catalina.loader.WebappClassLoaderBase.clearReferencesThreads The web application [ROOT] appears to have started a thread named [pool-1-thread-5] but has failed to stop it. This is very likely to create a memory leak. Stack trace of thread:
 java.base@11.0.31/jdk.internal.misc.Unsafe.park(Native Method)
 java.base@11.0.31/java.util.concurrent.locks.LockSupport.park(LockSupport.java:194)
 java.base@11.0.31/java.util.concurrent.locks.AbstractQueuedSynchronizer$ConditionObject.await(AbstractQueuedSynchronizer.java:2081)
 java.base@11.0.31/java.util.concurrent.LinkedBlockingQueue.take(LinkedBlockingQueue.java:433)
 java.base@11.0.31/java.util.concurrent.ThreadPoolExecutor.getTask(ThreadPoolExecutor.java:1054)
 java.base@11.0.31/java.util.concurrent.ThreadPoolExecutor.runWorker(ThreadPoolExecutor.java:1114)
 java.base@11.0.31/java.util.concurrent.ThreadPoolExecutor$Worker.run(ThreadPoolExecutor.java:628)
 java.base@11.0.31/java.lang.Thread.run(Thread.java:829)
09-Oct-2026 10:44:20.212 SEVERE [main] org.apache.catalina.loader.WebappClassLoaderBase.checkThreadLocalMapForLeaks The web application [ROOT] created a ThreadLocal with key of type [java.lang.ThreadLocal] (value [java.lang.ThreadLocal@5adba350]) and a value of type [org.apache.ibatis.session.defaults.DefaultSqlSession] (value [org.apache.ibatis.session.defaults.DefaultSqlSession@29a8c1fb]) but failed to remove it when the web application was stopped. Threads are going to be renewed over time to try and avoid a probable memory leak.
09-Oct-2026 10:44:20.525 INFO [main] org.apache.catalina.startup.HostConfig.deployDescriptor Deployment of deployment descriptor [/usr/local/tomcat/conf/Catalina/localhost/ROOT.xml] has finished in [35,058] ms
09-Oct-2026 10:44:20.531 INFO [main] org.apache.coyote.AbstractProtocol.start Starting ProtocolHandler ["http-nio-8080"]
09-Oct-2026 10:44:20.604 INFO [main] org.apache.catalina.startup.Catalina.start Server startup in [35486] milliseconds
09-Oct-2026 10:44:23.634 INFO [pool-2-thread-2] org.apache.catalina.loader.WebappClassLoaderBase.checkStateForResourceLoading Illegal access: this web application instance has been stopped already. Could not load [com.fasterxml.jackson.annotation.JsonFilter]. The following stack trace is thrown for debugging purposes as well as to attempt to terminate the thread which caused the illegal access.
	java.lang.IllegalStateException: Illegal access: this web application instance has been stopped already. Could not load [com.fasterxml.jackson.annotation.JsonFilter]. The following stack trace is thrown for debugging purposes as well as to attempt to terminate the thread which caused the illegal access.
		at org.apache.catalina.loader.WebappClassLoaderBase.checkStateForResourceLoading(WebappClassLoaderBase.java:1370)
		at org.apache.catalina.loader.WebappClassLoaderBase.checkStateForClassLoading(WebappClassLoaderBase.java:1359)
		at org.apache.catalina.loader.WebappClassLoaderBase.loadClass(WebappClassLoaderBase.java:1193)
		at org.apache.catalina.loader.WebappClassLoaderBase.loadClass(WebappClassLoaderBase.java:1160)
		at com.fasterxml.jackson.databind.introspect.JacksonAnnotationIntrospector.findFilterId(JacksonAnnotationIntrospector.java:289)
		at com.fasterxml.jackson.databind.ser.BasicSerializerFactory.findFilterId(BasicSerializerFactory.java:1211)
		at com.fasterxml.jackson.databind.ser.BasicSerializerFactory.buildMapSerializer(BasicSerializerFactory.java:769)
		at com.fasterxml.jackson.databind.ser.BasicSerializerFactory.buildContainerSerializer(BasicSerializerFactory.java:568)
		at com.fasterxml.jackson.databind.ser.BeanSerializerFactory._createSerializer2(BeanSerializerFactory.java:196)
		at com.fasterxml.jackson.databind.ser.BeanSerializerFactory.createSerializer(BeanSerializerFactory.java:165)
		at com.fasterxml.jackson.databind.SerializerProvider._createUntypedSerializer(SerializerProvider.java:1388)
		at com.fasterxml.jackson.databind.SerializerProvider._createAndCacheUntypedSerializer(SerializerProvider.java:1336)
		at com.fasterxml.jackson.databind.SerializerProvider.findValueSerializer(SerializerProvider.java:510)
		at com.fasterxml.jackson.databind.SerializerProvider.findTypedValueSerializer(SerializerProvider.java:713)
		at com.fasterxml.jackson.databind.ser.DefaultSerializerProvider.serializeValue(DefaultSerializerProvider.java:308)
		at com.fasterxml.jackson.databind.ObjectMapper._configAndWriteValue(ObjectMapper.java:4094)
		at com.fasterxml.jackson.databind.ObjectMapper.writeValue(ObjectMapper.java:3342)
		at com.hmdm.plugins.webfilter.resolver.DnsEventImporter.run(DnsEventImporter.java:60)
		at java.base/java.util.concurrent.Executors$RunnableAdapter.call(Executors.java:515)
		at java.base/java.util.concurrent.FutureTask.runAndReset(FutureTask.java:305)
		at java.base/java.util.concurrent.ScheduledThreadPoolExecutor$ScheduledFutureTask.run(ScheduledThreadPoolExecutor.java:305)
		at java.base/java.util.concurrent.ThreadPoolExecutor.runWorker(ThreadPoolExecutor.java:1128)
		at java.base/java.util.concurrent.ThreadPoolExecutor$Worker.run(ThreadPoolExecutor.java:628)
		at java.base/java.lang.Thread.run(Thread.java:829)
09-Oct-2026 10:47:16.041 INFO [main] org.apache.catalina.startup.VersionLoggerListener.log Server version name:   Apache Tomcat/9.0.117
09-Oct-2026 10:47:16.057 INFO [main] org.apache.catalina.startup.VersionLoggerListener.log Server built:          Mar 30 2026 18:21:16 UTC
09-Oct-2026 10:47:16.064 INFO [main] org.apache.catalina.startup.VersionLoggerListener.log Server version number: 9.0.117.0
09-Oct-2026 10:47:16.064 INFO [main] org.apache.catalina.startup.VersionLoggerListener.log OS Name:               Linux
09-Oct-2026 10:47:16.064 INFO [main] org.apache.catalina.startup.VersionLoggerListener.log OS Version:            6.8.0-142-generic
09-Oct-2026 10:47:16.064 INFO [main] org.apache.catalina.startup.VersionLoggerListener.log Architecture:          amd64
09-Oct-2026 10:47:16.065 INFO [main] org.apache.catalina.startup.VersionLoggerListener.log Java Home:             /opt/java/openjdk
09-Oct-2026 10:47:16.065 INFO [main] org.apache.catalina.startup.VersionLoggerListener.log JVM Version:           11.0.31+11
09-Oct-2026 10:47:16.065 INFO [main] org.apache.catalina.startup.VersionLoggerListener.log JVM Vendor:            Eclipse Adoptium
09-Oct-2026 10:47:16.065 INFO [main] org.apache.catalina.startup.VersionLoggerListener.log CATALINA_BASE:         /usr/local/tomcat
09-Oct-2026 10:47:16.065 INFO [main] org.apache.catalina.startup.VersionLoggerListener.log CATALINA_HOME:         /usr/local/tomcat
09-Oct-2026 10:47:16.127 INFO [main] org.apache.catalina.startup.VersionLoggerListener.log Command line argument: --add-opens=java.base/java.lang=ALL-UNNAMED
09-Oct-2026 10:47:16.134 INFO [main] org.apache.catalina.startup.VersionLoggerListener.log Command line argument: --add-opens=java.base/java.lang.invoke=ALL-UNNAMED
09-Oct-2026 10:47:16.135 INFO [main] org.apache.catalina.startup.VersionLoggerListener.log Command line argument: --add-opens=java.base/java.lang.reflect=ALL-UNNAMED
09-Oct-2026 10:47:16.136 INFO [main] org.apache.catalina.startup.VersionLoggerListener.log Command line argument: --add-opens=java.base/java.io=ALL-UNNAMED
09-Oct-2026 10:47:16.138 INFO [main] org.apache.catalina.startup.VersionLoggerListener.log Command line argument: --add-opens=java.base/java.util=ALL-UNNAMED
09-Oct-2026 10:47:16.138 INFO [main] org.apache.catalina.startup.VersionLoggerListener.log Command line argument: --add-opens=java.base/java.util.concurrent=ALL-UNNAMED
09-Oct-2026 10:47:16.138 INFO [main] org.apache.catalina.startup.VersionLoggerListener.log Command line argument: --add-opens=java.rmi/sun.rmi.transport=ALL-UNNAMED
09-Oct-2026 10:47:16.138 INFO [main] org.apache.catalina.startup.VersionLoggerListener.log Command line argument: -Djava.util.logging.config.file=/usr/local/tomcat/conf/logging.properties
09-Oct-2026 10:47:16.138 INFO [main] org.apache.catalina.startup.VersionLoggerListener.log Command line argument: -Djava.util.logging.manager=org.apache.juli.ClassLoaderLogManager
09-Oct-2026 10:47:16.138 INFO [main] org.apache.catalina.startup.VersionLoggerListener.log Command line argument: -Djdk.tls.ephemeralDHKeySize=2048
09-Oct-2026 10:47:16.139 INFO [main] org.apache.catalina.startup.VersionLoggerListener.log Command line argument: -Djava.protocol.handler.pkgs=org.apache.catalina.webresources
09-Oct-2026 10:47:16.139 INFO [main] org.apache.catalina.startup.VersionLoggerListener.log Command line argument: -Dsun.io.useCanonCaches=false
09-Oct-2026 10:47:16.139 INFO [main] org.apache.catalina.startup.VersionLoggerListener.log Command line argument: -Dorg.apache.catalina.security.SecurityListener.UMASK=0022
09-Oct-2026 10:47:16.139 INFO [main] org.apache.catalina.startup.VersionLoggerListener.log Command line argument: -Dignore.endorsed.dirs=
09-Oct-2026 10:47:16.139 INFO [main] org.apache.catalina.startup.VersionLoggerListener.log Command line argument: -Dcatalina.base=/usr/local/tomcat
09-Oct-2026 10:47:16.139 INFO [main] org.apache.catalina.startup.VersionLoggerListener.log Command line argument: -Dcatalina.home=/usr/local/tomcat
09-Oct-2026 10:47:16.139 INFO [main] org.apache.catalina.startup.VersionLoggerListener.log Command line argument: -Djava.io.tmpdir=/usr/local/tomcat/temp
09-Oct-2026 10:47:16.164 INFO [main] org.apache.catalina.core.AprLifecycleListener.lifecycleEvent Loaded Apache Tomcat Native library [1.3.7] using APR version [1.7.0].
09-Oct-2026 10:47:16.168 INFO [main] org.apache.catalina.core.AprLifecycleListener.lifecycleEvent APR capabilities: IPv6 [true], sendfile [true], accept filters [false], random [true], UDS [true].
09-Oct-2026 10:47:16.170 INFO [main] org.apache.catalina.core.AprLifecycleListener.lifecycleEvent APR/OpenSSL configuration: useAprConnector [false], useOpenSSL [true]
09-Oct-2026 10:47:16.179 INFO [main] org.apache.catalina.core.AprLifecycleListener.initializeSSL OpenSSL successfully initialized [OpenSSL 3.0.2 15 Mar 2022]
09-Oct-2026 10:47:17.251 INFO [main] org.apache.coyote.AbstractProtocol.init Initializing ProtocolHandler ["http-nio-8080"]
09-Oct-2026 10:47:17.312 INFO [main] org.apache.catalina.startup.Catalina.load Server initialization in [2002] milliseconds
09-Oct-2026 10:47:17.510 INFO [main] org.apache.catalina.core.StandardService.startInternal Starting service [Catalina]
09-Oct-2026 10:47:17.513 INFO [main] org.apache.catalina.core.StandardEngine.startInternal Starting Servlet engine: [Apache Tomcat/9.0.117]
09-Oct-2026 10:47:17.539 INFO [main] org.apache.catalina.startup.HostConfig.deployDescriptor Deploying deployment descriptor [/usr/local/tomcat/conf/Catalina/localhost/ROOT.xml]
09-Oct-2026 10:47:22.855 INFO [main] org.apache.jasper.servlet.TldScanner.scanJars At least one JAR was scanned for TLDs yet contained no TLDs. Enable debug logging for this logger for a complete list of JARs that were scanned but no TLDs were found in them. Skipping unneeded JARs during scanning can improve startup time and JSP compilation time.
09-Oct-2026 10:47:36.587 INFO [main] nonapi.io.github.classgraph.classloaderhandler.lifecycle.ServletLifeCycleListener.contextInitialized Servlet context initialized
09-Oct-2026 10:47:37.784 SEVERE [main] org.apache.catalina.core.StandardContext.startInternal One or more Filters failed to start. Full details will be found in the appropriate container log file
09-Oct-2026 10:47:37.785 SEVERE [main] org.apache.catalina.core.StandardContext.startInternal Context [] startup failed due to previous errors
09-Oct-2026 10:47:37.793 INFO [main] nonapi.io.github.classgraph.classloaderhandler.lifecycle.ServletLifeCycleListener.contextDestroyed Servlet context destroyed -- closing any remaning open ClassGraph ScanResult instances
09-Oct-2026 10:47:37.799 WARNING [main] org.apache.catalina.loader.WebappClassLoaderBase.clearReferencesJdbc The web application [ROOT] registered the JDBC driver [org.postgresql.Driver] but failed to unregister it when the web application was stopped. To prevent a memory leak, the JDBC Driver has been forcibly unregistered.
09-Oct-2026 10:47:37.809 WARNING [main] org.apache.catalina.loader.WebappClassLoaderBase.clearReferencesThreads The web application [ROOT] appears to have started a thread named [pool-2-thread-1] but has failed to stop it. This is very likely to create a memory leak. Stack trace of thread:
 java.base@11.0.31/jdk.internal.misc.Unsafe.park(Native Method)
 java.base@11.0.31/java.util.concurrent.locks.LockSupport.parkNanos(LockSupport.java:234)
 java.base@11.0.31/java.util.concurrent.locks.AbstractQueuedSynchronizer$ConditionObject.awaitNanos(AbstractQueuedSynchronizer.java:2123)
 java.base@11.0.31/java.util.concurrent.ScheduledThreadPoolExecutor$DelayedWorkQueue.take(ScheduledThreadPoolExecutor.java:1182)
 java.base@11.0.31/java.util.concurrent.ScheduledThreadPoolExecutor$DelayedWorkQueue.take(ScheduledThreadPoolExecutor.java:899)
 java.base@11.0.31/java.util.concurrent.ThreadPoolExecutor.getTask(ThreadPoolExecutor.java:1054)
 java.base@11.0.31/java.util.concurrent.ThreadPoolExecutor.runWorker(ThreadPoolExecutor.java:1114)
 java.base@11.0.31/java.util.concurrent.ThreadPoolExecutor$Worker.run(ThreadPoolExecutor.java:628)
 java.base@11.0.31/java.lang.Thread.run(Thread.java:829)
09-Oct-2026 10:47:37.820 WARNING [main] org.apache.catalina.loader.WebappClassLoaderBase.clearReferencesThreads The web application [ROOT] appears to have started a thread named [pool-4-thread-1] but has failed to stop it. This is very likely to create a memory leak. Stack trace of thread:
 java.base@11.0.31/jdk.internal.misc.Unsafe.park(Native Method)
 java.base@11.0.31/java.util.concurrent.locks.LockSupport.parkNanos(LockSupport.java:234)
 java.base@11.0.31/java.util.concurrent.locks.AbstractQueuedSynchronizer$ConditionObject.awaitNanos(AbstractQueuedSynchronizer.java:2123)
 java.base@11.0.31/java.util.concurrent.ScheduledThreadPoolExecutor$DelayedWorkQueue.take(ScheduledThreadPoolExecutor.java:1182)
 java.base@11.0.31/java.util.concurrent.ScheduledThreadPoolExecutor$DelayedWorkQueue.take(ScheduledThreadPoolExecutor.java:899)
 java.base@11.0.31/java.util.concurrent.ThreadPoolExecutor.getTask(ThreadPoolExecutor.java:1054)
 java.base@11.0.31/java.util.concurrent.ThreadPoolExecutor.runWorker(ThreadPoolExecutor.java:1114)
 java.base@11.0.31/java.util.concurrent.ThreadPoolExecutor$Worker.run(ThreadPoolExecutor.java:628)
 java.base@11.0.31/java.lang.Thread.run(Thread.java:829)
09-Oct-2026 10:47:37.821 WARNING [main] org.apache.catalina.loader.WebappClassLoaderBase.clearReferencesThreads The web application [ROOT] appears to have started a thread named [ActiveMQ Broker[localhost] Scheduler] but has failed to stop it. This is very likely to create a memory leak. Stack trace of thread:
 java.base@11.0.31/java.lang.Object.wait(Native Method)
 java.base@11.0.31/java.lang.Object.wait(Object.java:328)
 java.base@11.0.31/java.util.TimerThread.mainLoop(Timer.java:527)
 java.base@11.0.31/java.util.TimerThread.run(Timer.java:506)
09-Oct-2026 10:47:37.829 WARNING [main] org.apache.catalina.loader.WebappClassLoaderBase.clearReferencesThreads The web application [ROOT] appears to have started a thread named [ActiveMQ Transport Server Thread Handler: mqtt://0.0.0.0:31000] but has failed to stop it. This is very likely to create a memory leak. Stack trace of thread:
 java.base@11.0.31/jdk.internal.misc.Unsafe.park(Native Method)
 java.base@11.0.31/java.util.concurrent.locks.LockSupport.parkNanos(LockSupport.java:234)
 java.base@11.0.31/java.util.concurrent.locks.AbstractQueuedSynchronizer$ConditionObject.awaitNanos(AbstractQueuedSynchronizer.java:2123)
 java.base@11.0.31/java.util.concurrent.LinkedBlockingQueue.poll(LinkedBlockingQueue.java:458)
 org.apache.activemq.transport.tcp.TcpTransportServer$1.run(TcpTransportServer.java:496)
 java.base@11.0.31/java.lang.Thread.run(Thread.java:829)
09-Oct-2026 10:47:37.829 WARNING [main] org.apache.catalina.loader.WebappClassLoaderBase.clearReferencesThreads The web application [ROOT] appears to have started a thread named [ActiveMQ Transport Server: mqtt://0.0.0.0:31000] but has failed to stop it. This is very likely to create a memory leak. Stack trace of thread:
 java.base@11.0.31/java.net.PlainSocketImpl.socketAccept(Native Method)
 java.base@11.0.31/java.net.AbstractPlainSocketImpl.accept(AbstractPlainSocketImpl.java:474)
 java.base@11.0.31/java.net.ServerSocket.implAccept(ServerSocket.java:565)
 java.base@11.0.31/java.net.ServerSocket.accept(ServerSocket.java:533)
 org.apache.activemq.transport.tcp.TcpTransportServer.doRunWithServerSocket(TcpTransportServer.java:420)
 org.apache.activemq.transport.tcp.TcpTransportServer.run(TcpTransportServer.java:342)
 java.base@11.0.31/java.lang.Thread.run(Thread.java:829)
09-Oct-2026 10:47:37.829 WARNING [main] org.apache.catalina.loader.WebappClassLoaderBase.clearReferencesThreads The web application [ROOT] appears to have started a thread named [MQTT Rec: HMDMServer] but has failed to stop it. This is very likely to create a memory leak. Stack trace of thread:
 java.base@11.0.31/java.net.SocketInputStream.socketRead0(Native Method)
 java.base@11.0.31/java.net.SocketInputStream.socketRead(SocketInputStream.java:115)
 java.base@11.0.31/java.net.SocketInputStream.read(SocketInputStream.java:168)
 java.base@11.0.31/java.net.SocketInputStream.read(SocketInputStream.java:140)
 java.base@11.0.31/java.net.SocketInputStream.read(SocketInputStream.java:200)
 java.base@11.0.31/java.io.DataInputStream.readByte(DataInputStream.java:270)
 org.eclipse.paho.client.mqttv3.internal.wire.MqttInputStream.readMqttWireMessage(MqttInputStream.java:92)
 org.eclipse.paho.client.mqttv3.internal.CommsReceiver.run(CommsReceiver.java:137)
 java.base@11.0.31/java.lang.Thread.run(Thread.java:829)
09-Oct-2026 10:47:37.830 WARNING [main] org.apache.catalina.loader.WebappClassLoaderBase.clearReferencesThreads The web application [ROOT] appears to have started a thread named [MQTT Snd: HMDMServer] but has failed to stop it. This is very likely to create a memory leak. Stack trace of thread:
 java.base@11.0.31/java.lang.Object.wait(Native Method)
 java.base@11.0.31/java.lang.Object.wait(Object.java:328)
 org.eclipse.paho.client.mqttv3.internal.ClientState.get(ClientState.java:825)
 org.eclipse.paho.client.mqttv3.internal.CommsSender.run(CommsSender.java:129)
 java.base@11.0.31/java.lang.Thread.run(Thread.java:829)
09-Oct-2026 10:47:37.832 WARNING [main] org.apache.catalina.loader.WebappClassLoaderBase.clearReferencesThreads The web application [ROOT] appears to have started a thread named [ActiveMQ BrokerService[localhost] Task-1] but has failed to stop it. This is very likely to create a memory leak. Stack trace of thread:
 java.base@11.0.31/jdk.internal.misc.Unsafe.park(Native Method)
 java.base@11.0.31/java.util.concurrent.locks.LockSupport.parkNanos(LockSupport.java:234)
 java.base@11.0.31/java.util.concurrent.SynchronousQueue$TransferStack.awaitFulfill(SynchronousQueue.java:462)
 java.base@11.0.31/java.util.concurrent.SynchronousQueue$TransferStack.transfer(SynchronousQueue.java:361)
 java.base@11.0.31/java.util.concurrent.SynchronousQueue.poll(SynchronousQueue.java:937)
 java.base@11.0.31/java.util.concurrent.ThreadPoolExecutor.getTask(ThreadPoolExecutor.java:1053)
 java.base@11.0.31/java.util.concurrent.ThreadPoolExecutor.runWorker(ThreadPoolExecutor.java:1114)
 java.base@11.0.31/java.util.concurrent.ThreadPoolExecutor$Worker.run(ThreadPoolExecutor.java:628)
 java.base@11.0.31/java.lang.Thread.run(Thread.java:829)
09-Oct-2026 10:47:37.842 WARNING [main] org.apache.catalina.loader.WebappClassLoaderBase.clearReferencesThreads The web application [ROOT] appears to have started a thread named [MQTT Call: HMDMServer] but has failed to stop it. This is very likely to create a memory leak. Stack trace of thread:
 java.base@11.0.31/java.lang.Object.wait(Native Method)
 java.base@11.0.31/java.lang.Object.wait(Object.java:328)
 org.eclipse.paho.client.mqttv3.internal.CommsCallback.run(CommsCallback.java:181)
 java.base@11.0.31/java.lang.Thread.run(Thread.java:829)
09-Oct-2026 10:47:37.843 WARNING [main] org.apache.catalina.loader.WebappClassLoaderBase.clearReferencesThreads The web application [ROOT] appears to have started a thread named [ActiveMQ Transport: tcp:///172.18.0.4:47072@31000] but has failed to stop it. This is very likely to create a memory leak. Stack trace of thread:
 java.base@11.0.31/java.net.SocketInputStream.socketRead0(Native Method)
 java.base@11.0.31/java.net.SocketInputStream.socketRead(SocketInputStream.java:115)
 java.base@11.0.31/java.net.SocketInputStream.read(SocketInputStream.java:168)
 java.base@11.0.31/java.net.SocketInputStream.read(SocketInputStream.java:140)
 org.apache.activemq.transport.tcp.TcpBufferedInputStream.fill(TcpBufferedInputStream.java:50)
 org.apache.activemq.transport.tcp.TcpTransport$2.fill(TcpTransport.java:634)
 org.apache.activemq.transport.tcp.TcpBufferedInputStream.read(TcpBufferedInputStream.java:59)
 org.apache.activemq.transport.tcp.TcpTransport$2.read(TcpTransport.java:619)
 java.base@11.0.31/java.io.DataInputStream.readByte(DataInputStream.java:270)
 org.apache.activemq.transport.mqtt.MQTTWireFormat.unmarshal(MQTTWireFormat.java:86)
 org.apache.activemq.transport.tcp.TcpTransport.readCommand(TcpTransport.java:240)
 org.apache.activemq.transport.tcp.TcpTransport.doRun(TcpTransport.java:232)
 org.apache.activemq.transport.tcp.TcpTransport.run(TcpTransport.java:215)
 java.base@11.0.31/java.lang.Thread.run(Thread.java:829)
09-Oct-2026 10:47:37.844 WARNING [main] org.apache.catalina.loader.WebappClassLoaderBase.clearReferencesThreads The web application [ROOT] appears to have started a thread named [ActiveMQ BrokerService[localhost] Task-2] but has failed to stop it. This is very likely to create a memory leak. Stack trace of thread:
 java.base@11.0.31/jdk.internal.misc.Unsafe.park(Native Method)
 java.base@11.0.31/java.util.concurrent.locks.LockSupport.parkNanos(LockSupport.java:234)
 java.base@11.0.31/java.util.concurrent.SynchronousQueue$TransferStack.awaitFulfill(SynchronousQueue.java:462)
 java.base@11.0.31/java.util.concurrent.SynchronousQueue$TransferStack.transfer(SynchronousQueue.java:361)
 java.base@11.0.31/java.util.concurrent.SynchronousQueue.poll(SynchronousQueue.java:937)
 java.base@11.0.31/java.util.concurrent.ThreadPoolExecutor.getTask(ThreadPoolExecutor.java:1053)
 java.base@11.0.31/java.util.concurrent.ThreadPoolExecutor.runWorker(ThreadPoolExecutor.java:1114)
 java.base@11.0.31/java.util.concurrent.ThreadPoolExecutor$Worker.run(ThreadPoolExecutor.java:628)
 java.base@11.0.31/java.lang.Thread.run(Thread.java:829)
09-Oct-2026 10:47:37.845 WARNING [main] org.apache.catalina.loader.WebappClassLoaderBase.clearReferencesThreads The web application [ROOT] appears to have started a thread named [InactivityMonitor ReadCheck] but has failed to stop it. This is very likely to create a memory leak. Stack trace of thread:
 java.base@11.0.31/java.lang.Object.wait(Native Method)
 java.base@11.0.31/java.util.TimerThread.mainLoop(Timer.java:553)
 java.base@11.0.31/java.util.TimerThread.run(Timer.java:506)
09-Oct-2026 10:47:37.852 WARNING [main] org.apache.catalina.loader.WebappClassLoaderBase.clearReferencesThreads The web application [ROOT] appears to have started a thread named [MQTT Ping: HMDMServer] but has failed to stop it. This is very likely to create a memory leak. Stack trace of thread:
 java.base@11.0.31/java.lang.Object.wait(Native Method)
 java.base@11.0.31/java.util.TimerThread.mainLoop(Timer.java:553)
 java.base@11.0.31/java.util.TimerThread.run(Timer.java:506)
09-Oct-2026 10:47:37.855 WARNING [main] org.apache.catalina.loader.WebappClassLoaderBase.clearReferencesThreads The web application [ROOT] appears to have started a thread named [pool-2-thread-2] but has failed to stop it. This is very likely to create a memory leak. Stack trace of thread:
 java.base@11.0.31/jdk.internal.misc.Unsafe.park(Native Method)
 java.base@11.0.31/java.util.concurrent.locks.LockSupport.park(LockSupport.java:194)
 java.base@11.0.31/java.util.concurrent.locks.AbstractQueuedSynchronizer$ConditionObject.await(AbstractQueuedSynchronizer.java:2081)
 java.base@11.0.31/java.util.concurrent.ScheduledThreadPoolExecutor$DelayedWorkQueue.take(ScheduledThreadPoolExecutor.java:1177)
 java.base@11.0.31/java.util.concurrent.ScheduledThreadPoolExecutor$DelayedWorkQueue.take(ScheduledThreadPoolExecutor.java:899)
 java.base@11.0.31/java.util.concurrent.ThreadPoolExecutor.getTask(ThreadPoolExecutor.java:1054)
 java.base@11.0.31/java.util.concurrent.ThreadPoolExecutor.runWorker(ThreadPoolExecutor.java:1114)
 java.base@11.0.31/java.util.concurrent.ThreadPoolExecutor$Worker.run(ThreadPoolExecutor.java:628)
 java.base@11.0.31/java.lang.Thread.run(Thread.java:829)
09-Oct-2026 10:47:37.861 WARNING [main] org.apache.catalina.loader.WebappClassLoaderBase.clearReferencesThreads The web application [ROOT] appears to have started a thread named [pool-5-thread-1] but has failed to stop it. This is very likely to create a memory leak. Stack trace of thread:
 java.base@11.0.31/jdk.internal.misc.Unsafe.park(Native Method)
 java.base@11.0.31/java.util.concurrent.locks.LockSupport.park(LockSupport.java:194)
 java.base@11.0.31/java.util.concurrent.locks.AbstractQueuedSynchronizer$ConditionObject.await(AbstractQueuedSynchronizer.java:2081)
 java.base@11.0.31/java.util.concurrent.LinkedBlockingQueue.take(LinkedBlockingQueue.java:433)
 java.base@11.0.31/java.util.concurrent.ThreadPoolExecutor.getTask(ThreadPoolExecutor.java:1054)
 java.base@11.0.31/java.util.concurrent.ThreadPoolExecutor.runWorker(ThreadPoolExecutor.java:1114)
 java.base@11.0.31/java.util.concurrent.ThreadPoolExecutor$Worker.run(ThreadPoolExecutor.java:628)
 java.base@11.0.31/java.lang.Thread.run(Thread.java:829)
09-Oct-2026 10:47:37.861 WARNING [main] org.apache.catalina.loader.WebappClassLoaderBase.clearReferencesThreads The web application [ROOT] appears to have started a thread named [pool-1-thread-1] but has failed to stop it. This is very likely to create a memory leak. Stack trace of thread:
 java.base@11.0.31/jdk.internal.misc.Unsafe.park(Native Method)
 java.base@11.0.31/java.util.concurrent.locks.LockSupport.park(LockSupport.java:194)
 java.base@11.0.31/java.util.concurrent.locks.AbstractQueuedSynchronizer$ConditionObject.await(AbstractQueuedSynchronizer.java:2081)
 java.base@11.0.31/java.util.concurrent.LinkedBlockingQueue.take(LinkedBlockingQueue.java:433)
 java.base@11.0.31/java.util.concurrent.ThreadPoolExecutor.getTask(ThreadPoolExecutor.java:1054)
 java.base@11.0.31/java.util.concurrent.ThreadPoolExecutor.runWorker(ThreadPoolExecutor.java:1114)
 java.base@11.0.31/java.util.concurrent.ThreadPoolExecutor$Worker.run(ThreadPoolExecutor.java:628)
 java.base@11.0.31/java.lang.Thread.run(Thread.java:829)
09-Oct-2026 10:47:37.861 WARNING [main] org.apache.catalina.loader.WebappClassLoaderBase.clearReferencesThreads The web application [ROOT] appears to have started a thread named [pool-1-thread-2] but has failed to stop it. This is very likely to create a memory leak. Stack trace of thread:
 java.base@11.0.31/jdk.internal.misc.Unsafe.park(Native Method)
 java.base@11.0.31/java.util.concurrent.locks.LockSupport.park(LockSupport.java:194)
 java.base@11.0.31/java.util.concurrent.locks.AbstractQueuedSynchronizer$ConditionObject.await(AbstractQueuedSynchronizer.java:2081)
 java.base@11.0.31/java.util.concurrent.LinkedBlockingQueue.take(LinkedBlockingQueue.java:433)
 java.base@11.0.31/java.util.concurrent.ThreadPoolExecutor.getTask(ThreadPoolExecutor.java:1054)
 java.base@11.0.31/java.util.concurrent.ThreadPoolExecutor.runWorker(ThreadPoolExecutor.java:1114)
 java.base@11.0.31/java.util.concurrent.ThreadPoolExecutor$Worker.run(ThreadPoolExecutor.java:628)
 java.base@11.0.31/java.lang.Thread.run(Thread.java:829)
09-Oct-2026 10:47:37.864 WARNING [main] org.apache.catalina.loader.WebappClassLoaderBase.clearReferencesThreads The web application [ROOT] appears to have started a thread named [pool-1-thread-3] but has failed to stop it. This is very likely to create a memory leak. Stack trace of thread:
 java.base@11.0.31/jdk.internal.misc.Unsafe.park(Native Method)
 java.base@11.0.31/java.util.concurrent.locks.LockSupport.park(LockSupport.java:194)
 java.base@11.0.31/java.util.concurrent.locks.AbstractQueuedSynchronizer$ConditionObject.await(AbstractQueuedSynchronizer.java:2081)
 java.base@11.0.31/java.util.concurrent.LinkedBlockingQueue.take(LinkedBlockingQueue.java:433)
 java.base@11.0.31/java.util.concurrent.ThreadPoolExecutor.getTask(ThreadPoolExecutor.java:1054)
 java.base@11.0.31/java.util.concurrent.ThreadPoolExecutor.runWorker(ThreadPoolExecutor.java:1114)
 java.base@11.0.31/java.util.concurrent.ThreadPoolExecutor$Worker.run(ThreadPoolExecutor.java:628)
 java.base@11.0.31/java.lang.Thread.run(Thread.java:829)
09-Oct-2026 10:47:37.867 WARNING [main] org.apache.catalina.loader.WebappClassLoaderBase.clearReferencesThreads The web application [ROOT] appears to have started a thread named [pool-1-thread-4] but has failed to stop it. This is very likely to create a memory leak. Stack trace of thread:
 java.base@11.0.31/jdk.internal.misc.Unsafe.park(Native Method)
 java.base@11.0.31/java.util.concurrent.locks.LockSupport.park(LockSupport.java:194)
 java.base@11.0.31/java.util.concurrent.locks.AbstractQueuedSynchronizer$ConditionObject.await(AbstractQueuedSynchronizer.java:2081)
 java.base@11.0.31/java.util.concurrent.LinkedBlockingQueue.take(LinkedBlockingQueue.java:433)
 java.base@11.0.31/java.util.concurrent.ThreadPoolExecutor.getTask(ThreadPoolExecutor.java:1054)
 java.base@11.0.31/java.util.concurrent.ThreadPoolExecutor.runWorker(ThreadPoolExecutor.java:1114)
 java.base@11.0.31/java.util.concurrent.ThreadPoolExecutor$Worker.run(ThreadPoolExecutor.java:628)
 java.base@11.0.31/java.lang.Thread.run(Thread.java:829)
09-Oct-2026 10:47:37.868 WARNING [main] org.apache.catalina.loader.WebappClassLoaderBase.clearReferencesThreads The web application [ROOT] appears to have started a thread named [pool-1-thread-5] but has failed to stop it. This is very likely to create a memory leak. Stack trace of thread:
 java.base@11.0.31/jdk.internal.misc.Unsafe.park(Native Method)
 java.base@11.0.31/java.util.concurrent.locks.LockSupport.park(LockSupport.java:194)
 java.base@11.0.31/java.util.concurrent.locks.AbstractQueuedSynchronizer$ConditionObject.await(AbstractQueuedSynchronizer.java:2081)
 java.base@11.0.31/java.util.concurrent.LinkedBlockingQueue.take(LinkedBlockingQueue.java:433)
 java.base@11.0.31/java.util.concurrent.ThreadPoolExecutor.getTask(ThreadPoolExecutor.java:1054)
 java.base@11.0.31/java.util.concurrent.ThreadPoolExecutor.runWorker(ThreadPoolExecutor.java:1114)
 java.base@11.0.31/java.util.concurrent.ThreadPoolExecutor$Worker.run(ThreadPoolExecutor.java:628)
 java.base@11.0.31/java.lang.Thread.run(Thread.java:829)
09-Oct-2026 10:47:37.901 INFO [main] org.apache.catalina.startup.HostConfig.deployDescriptor Deployment of deployment descriptor [/usr/local/tomcat/conf/Catalina/localhost/ROOT.xml] has finished in [20,354] ms
09-Oct-2026 10:47:37.914 INFO [main] org.apache.coyote.AbstractProtocol.start Starting ProtocolHandler ["http-nio-8080"]
09-Oct-2026 10:47:37.957 INFO [main] org.apache.catalina.startup.Catalina.start Server startup in [20640] milliseconds
09-Oct-2026 10:47:41.477 INFO [pool-2-thread-1] org.apache.catalina.loader.WebappClassLoaderBase.checkStateForResourceLoading Illegal access: this web application instance has been stopped already. Could not load [com.fasterxml.jackson.annotation.JsonFilter]. The following stack trace is thrown for debugging purposes as well as to attempt to terminate the thread which caused the illegal access.
	java.lang.IllegalStateException: Illegal access: this web application instance has been stopped already. Could not load [com.fasterxml.jackson.annotation.JsonFilter]. The following stack trace is thrown for debugging purposes as well as to attempt to terminate the thread which caused the illegal access.
		at org.apache.catalina.loader.WebappClassLoaderBase.checkStateForResourceLoading(WebappClassLoaderBase.java:1370)
		at org.apache.catalina.loader.WebappClassLoaderBase.checkStateForClassLoading(WebappClassLoaderBase.java:1359)
		at org.apache.catalina.loader.WebappClassLoaderBase.loadClass(WebappClassLoaderBase.java:1193)
		at org.apache.catalina.loader.WebappClassLoaderBase.loadClass(WebappClassLoaderBase.java:1160)
		at com.fasterxml.jackson.databind.introspect.JacksonAnnotationIntrospector.findFilterId(JacksonAnnotationIntrospector.java:289)
		at com.fasterxml.jackson.databind.ser.BasicSerializerFactory.findFilterId(BasicSerializerFactory.java:1211)
		at com.fasterxml.jackson.databind.ser.BasicSerializerFactory.buildMapSerializer(BasicSerializerFactory.java:769)
		at com.fasterxml.jackson.databind.ser.BasicSerializerFactory.buildContainerSerializer(BasicSerializerFactory.java:568)
		at com.fasterxml.jackson.databind.ser.BeanSerializerFactory._createSerializer2(BeanSerializerFactory.java:196)
		at com.fasterxml.jackson.databind.ser.BeanSerializerFactory.createSerializer(BeanSerializerFactory.java:165)
		at com.fasterxml.jackson.databind.SerializerProvider._createUntypedSerializer(SerializerProvider.java:1388)
		at com.fasterxml.jackson.databind.SerializerProvider._createAndCacheUntypedSerializer(SerializerProvider.java:1336)
		at com.fasterxml.jackson.databind.SerializerProvider.findValueSerializer(SerializerProvider.java:510)
		at com.fasterxml.jackson.databind.SerializerProvider.findTypedValueSerializer(SerializerProvider.java:713)
		at com.fasterxml.jackson.databind.ser.DefaultSerializerProvider.serializeValue(DefaultSerializerProvider.java:308)
		at com.fasterxml.jackson.databind.ObjectMapper._configAndWriteValue(ObjectMapper.java:4094)
		at com.fasterxml.jackson.databind.ObjectMapper.writeValue(ObjectMapper.java:3342)
		at com.hmdm.plugins.webfilter.resolver.DnsEventImporter.run(DnsEventImporter.java:60)
		at java.base/java.util.concurrent.Executors$RunnableAdapter.call(Executors.java:515)
		at java.base/java.util.concurrent.FutureTask.runAndReset(FutureTask.java:305)
		at java.base/java.util.concurrent.ScheduledThreadPoolExecutor$ScheduledFutureTask.run(ScheduledThreadPoolExecutor.java:305)
		at java.base/java.util.concurrent.ThreadPoolExecutor.runWorker(ThreadPoolExecutor.java:1128)
		at java.base/java.util.concurrent.ThreadPoolExecutor$Worker.run(ThreadPoolExecutor.java:628)
		at java.base/java.lang.Thread.run(Thread.java:829)
09-Oct-2026 10:49:45.941 INFO [main] org.apache.catalina.startup.VersionLoggerListener.log Server version name:   Apache Tomcat/9.0.117
09-Oct-2026 10:49:45.976 INFO [main] org.apache.catalina.startup.VersionLoggerListener.log Server built:          Mar 30 2026 18:21:16 UTC
09-Oct-2026 10:49:45.981 INFO [main] org.apache.catalina.startup.VersionLoggerListener.log Server version number: 9.0.117.0
09-Oct-2026 10:49:45.981 INFO [main] org.apache.catalina.startup.VersionLoggerListener.log OS Name:               Linux
09-Oct-2026 10:49:45.981 INFO [main] org.apache.catalina.startup.VersionLoggerListener.log OS Version:            6.8.0-142-generic
09-Oct-2026 10:49:45.981 INFO [main] org.apache.catalina.startup.VersionLoggerListener.log Architecture:          amd64
09-Oct-2026 10:49:45.981 INFO [main] org.apache.catalina.startup.VersionLoggerListener.log Java Home:             /opt/java/openjdk
09-Oct-2026 10:49:45.981 INFO [main] org.apache.catalina.startup.VersionLoggerListener.log JVM Version:           11.0.31+11
09-Oct-2026 10:49:45.982 INFO [main] org.apache.catalina.startup.VersionLoggerListener.log JVM Vendor:            Eclipse Adoptium
09-Oct-2026 10:49:45.982 INFO [main] org.apache.catalina.startup.VersionLoggerListener.log CATALINA_BASE:         /usr/local/tomcat
09-Oct-2026 10:49:45.982 INFO [main] org.apache.catalina.startup.VersionLoggerListener.log CATALINA_HOME:         /usr/local/tomcat
09-Oct-2026 10:49:46.039 INFO [main] org.apache.catalina.startup.VersionLoggerListener.log Command line argument: --add-opens=java.base/java.lang=ALL-UNNAMED
09-Oct-2026 10:49:46.051 INFO [main] org.apache.catalina.startup.VersionLoggerListener.log Command line argument: --add-opens=java.base/java.lang.invoke=ALL-UNNAMED
09-Oct-2026 10:49:46.056 INFO [main] org.apache.catalina.startup.VersionLoggerListener.log Command line argument: --add-opens=java.base/java.lang.reflect=ALL-UNNAMED
09-Oct-2026 10:49:46.056 INFO [main] org.apache.catalina.startup.VersionLoggerListener.log Command line argument: --add-opens=java.base/java.io=ALL-UNNAMED
09-Oct-2026 10:49:46.056 INFO [main] org.apache.catalina.startup.VersionLoggerListener.log Command line argument: --add-opens=java.base/java.util=ALL-UNNAMED
09-Oct-2026 10:49:46.056 INFO [main] org.apache.catalina.startup.VersionLoggerListener.log Command line argument: --add-opens=java.base/java.util.concurrent=ALL-UNNAMED
09-Oct-2026 10:49:46.056 INFO [main] org.apache.catalina.startup.VersionLoggerListener.log Command line argument: --add-opens=java.rmi/sun.rmi.transport=ALL-UNNAMED
09-Oct-2026 10:49:46.056 INFO [main] org.apache.catalina.startup.VersionLoggerListener.log Command line argument: -Djava.util.logging.config.file=/usr/local/tomcat/conf/logging.properties
09-Oct-2026 10:49:46.056 INFO [main] org.apache.catalina.startup.VersionLoggerListener.log Command line argument: -Djava.util.logging.manager=org.apache.juli.ClassLoaderLogManager
09-Oct-2026 10:49:46.056 INFO [main] org.apache.catalina.startup.VersionLoggerListener.log Command line argument: -Djdk.tls.ephemeralDHKeySize=2048
09-Oct-2026 10:49:46.057 INFO [main] org.apache.catalina.startup.VersionLoggerListener.log Command line argument: -Djava.protocol.handler.pkgs=org.apache.catalina.webresources
09-Oct-2026 10:49:46.057 INFO [main] org.apache.catalina.startup.VersionLoggerListener.log Command line argument: -Dsun.io.useCanonCaches=false
09-Oct-2026 10:49:46.057 INFO [main] org.apache.catalina.startup.VersionLoggerListener.log Command line argument: -Dorg.apache.catalina.security.SecurityListener.UMASK=0022
09-Oct-2026 10:49:46.057 INFO [main] org.apache.catalina.startup.VersionLoggerListener.log Command line argument: -Dignore.endorsed.dirs=
09-Oct-2026 10:49:46.057 INFO [main] org.apache.catalina.startup.VersionLoggerListener.log Command line argument: -Dcatalina.base=/usr/local/tomcat
09-Oct-2026 10:49:46.057 INFO [main] org.apache.catalina.startup.VersionLoggerListener.log Command line argument: -Dcatalina.home=/usr/local/tomcat
09-Oct-2026 10:49:46.058 INFO [main] org.apache.catalina.startup.VersionLoggerListener.log Command line argument: -Djava.io.tmpdir=/usr/local/tomcat/temp
09-Oct-2026 10:49:46.092 INFO [main] org.apache.catalina.core.AprLifecycleListener.lifecycleEvent Loaded Apache Tomcat Native library [1.3.7] using APR version [1.7.0].
09-Oct-2026 10:49:46.093 INFO [main] org.apache.catalina.core.AprLifecycleListener.lifecycleEvent APR capabilities: IPv6 [true], sendfile [true], accept filters [false], random [true], UDS [true].
09-Oct-2026 10:49:46.093 INFO [main] org.apache.catalina.core.AprLifecycleListener.lifecycleEvent APR/OpenSSL configuration: useAprConnector [false], useOpenSSL [true]
09-Oct-2026 10:49:46.120 INFO [main] org.apache.catalina.core.AprLifecycleListener.initializeSSL OpenSSL successfully initialized [OpenSSL 3.0.2 15 Mar 2022]
09-Oct-2026 10:49:47.217 INFO [main] org.apache.coyote.AbstractProtocol.init Initializing ProtocolHandler ["http-nio-8080"]
09-Oct-2026 10:49:47.294 INFO [main] org.apache.catalina.startup.Catalina.load Server initialization in [2373] milliseconds
09-Oct-2026 10:49:47.512 INFO [main] org.apache.catalina.core.StandardService.startInternal Starting service [Catalina]
09-Oct-2026 10:49:47.513 INFO [main] org.apache.catalina.core.StandardEngine.startInternal Starting Servlet engine: [Apache Tomcat/9.0.117]
09-Oct-2026 10:49:47.531 INFO [main] org.apache.catalina.startup.HostConfig.deployDescriptor Deploying deployment descriptor [/usr/local/tomcat/conf/Catalina/localhost/ROOT.xml]
09-Oct-2026 10:49:52.770 INFO [main] org.apache.jasper.servlet.TldScanner.scanJars At least one JAR was scanned for TLDs yet contained no TLDs. Enable debug logging for this logger for a complete list of JARs that were scanned but no TLDs were found in them. Skipping unneeded JARs during scanning can improve startup time and JSP compilation time.
09-Oct-2026 10:50:07.152 INFO [main] nonapi.io.github.classgraph.classloaderhandler.lifecycle.ServletLifeCycleListener.contextInitialized Servlet context initialized
09-Oct-2026 10:50:08.472 SEVERE [main] org.apache.catalina.core.StandardContext.startInternal One or more Filters failed to start. Full details will be found in the appropriate container log file
09-Oct-2026 10:50:08.474 SEVERE [main] org.apache.catalina.core.StandardContext.startInternal Context [] startup failed due to previous errors
09-Oct-2026 10:50:08.481 INFO [main] nonapi.io.github.classgraph.classloaderhandler.lifecycle.ServletLifeCycleListener.contextDestroyed Servlet context destroyed -- closing any remaning open ClassGraph ScanResult instances
09-Oct-2026 10:50:08.488 WARNING [main] org.apache.catalina.loader.WebappClassLoaderBase.clearReferencesJdbc The web application [ROOT] registered the JDBC driver [org.postgresql.Driver] but failed to unregister it when the web application was stopped. To prevent a memory leak, the JDBC Driver has been forcibly unregistered.
09-Oct-2026 10:50:08.490 WARNING [main] org.apache.catalina.loader.WebappClassLoaderBase.clearReferencesThreads The web application [ROOT] appears to have started a thread named [pool-2-thread-1] but has failed to stop it. This is very likely to create a memory leak. Stack trace of thread:
 java.base@11.0.31/jdk.internal.misc.Unsafe.park(Native Method)
 java.base@11.0.31/java.util.concurrent.locks.LockSupport.parkNanos(LockSupport.java:234)
 java.base@11.0.31/java.util.concurrent.locks.AbstractQueuedSynchronizer$ConditionObject.awaitNanos(AbstractQueuedSynchronizer.java:2123)
 java.base@11.0.31/java.util.concurrent.ScheduledThreadPoolExecutor$DelayedWorkQueue.take(ScheduledThreadPoolExecutor.java:1182)
 java.base@11.0.31/java.util.concurrent.ScheduledThreadPoolExecutor$DelayedWorkQueue.take(ScheduledThreadPoolExecutor.java:899)
 java.base@11.0.31/java.util.concurrent.ThreadPoolExecutor.getTask(ThreadPoolExecutor.java:1054)
 java.base@11.0.31/java.util.concurrent.ThreadPoolExecutor.runWorker(ThreadPoolExecutor.java:1114)
 java.base@11.0.31/java.util.concurrent.ThreadPoolExecutor$Worker.run(ThreadPoolExecutor.java:628)
 java.base@11.0.31/java.lang.Thread.run(Thread.java:829)
09-Oct-2026 10:50:08.491 WARNING [main] org.apache.catalina.loader.WebappClassLoaderBase.clearReferencesThreads The web application [ROOT] appears to have started a thread named [pool-4-thread-1] but has failed to stop it. This is very likely to create a memory leak. Stack trace of thread:
 java.base@11.0.31/jdk.internal.misc.Unsafe.park(Native Method)
 java.base@11.0.31/java.util.concurrent.locks.LockSupport.parkNanos(LockSupport.java:234)
 java.base@11.0.31/java.util.concurrent.locks.AbstractQueuedSynchronizer$ConditionObject.awaitNanos(AbstractQueuedSynchronizer.java:2123)
 java.base@11.0.31/java.util.concurrent.ScheduledThreadPoolExecutor$DelayedWorkQueue.take(ScheduledThreadPoolExecutor.java:1182)
 java.base@11.0.31/java.util.concurrent.ScheduledThreadPoolExecutor$DelayedWorkQueue.take(ScheduledThreadPoolExecutor.java:899)
 java.base@11.0.31/java.util.concurrent.ThreadPoolExecutor.getTask(ThreadPoolExecutor.java:1054)
 java.base@11.0.31/java.util.concurrent.ThreadPoolExecutor.runWorker(ThreadPoolExecutor.java:1114)
 java.base@11.0.31/java.util.concurrent.ThreadPoolExecutor$Worker.run(ThreadPoolExecutor.java:628)
 java.base@11.0.31/java.lang.Thread.run(Thread.java:829)
09-Oct-2026 10:50:08.492 WARNING [main] org.apache.catalina.loader.WebappClassLoaderBase.clearReferencesThreads The web application [ROOT] appears to have started a thread named [ActiveMQ Broker[localhost] Scheduler] but has failed to stop it. This is very likely to create a memory leak. Stack trace of thread:
 java.base@11.0.31/java.lang.Object.wait(Native Method)
 java.base@11.0.31/java.lang.Object.wait(Object.java:328)
 java.base@11.0.31/java.util.TimerThread.mainLoop(Timer.java:527)
 java.base@11.0.31/java.util.TimerThread.run(Timer.java:506)
09-Oct-2026 10:50:08.493 WARNING [main] org.apache.catalina.loader.WebappClassLoaderBase.clearReferencesThreads The web application [ROOT] appears to have started a thread named [ActiveMQ Transport Server Thread Handler: mqtt://0.0.0.0:31000] but has failed to stop it. This is very likely to create a memory leak. Stack trace of thread:
 java.base@11.0.31/jdk.internal.misc.Unsafe.park(Native Method)
 java.base@11.0.31/java.util.concurrent.locks.LockSupport.parkNanos(LockSupport.java:234)
 java.base@11.0.31/java.util.concurrent.locks.AbstractQueuedSynchronizer$ConditionObject.awaitNanos(AbstractQueuedSynchronizer.java:2123)
 java.base@11.0.31/java.util.concurrent.LinkedBlockingQueue.poll(LinkedBlockingQueue.java:458)
 org.apache.activemq.transport.tcp.TcpTransportServer$1.run(TcpTransportServer.java:496)
 java.base@11.0.31/java.lang.Thread.run(Thread.java:829)
09-Oct-2026 10:50:08.494 WARNING [main] org.apache.catalina.loader.WebappClassLoaderBase.clearReferencesThreads The web application [ROOT] appears to have started a thread named [ActiveMQ Transport Server: mqtt://0.0.0.0:31000] but has failed to stop it. This is very likely to create a memory leak. Stack trace of thread:
 java.base@11.0.31/java.net.PlainSocketImpl.socketAccept(Native Method)
 java.base@11.0.31/java.net.AbstractPlainSocketImpl.accept(AbstractPlainSocketImpl.java:474)
 java.base@11.0.31/java.net.ServerSocket.implAccept(ServerSocket.java:565)
 java.base@11.0.31/java.net.ServerSocket.accept(ServerSocket.java:533)
 org.apache.activemq.transport.tcp.TcpTransportServer.doRunWithServerSocket(TcpTransportServer.java:420)
 org.apache.activemq.transport.tcp.TcpTransportServer.run(TcpTransportServer.java:342)
 java.base@11.0.31/java.lang.Thread.run(Thread.java:829)
09-Oct-2026 10:50:08.495 WARNING [main] org.apache.catalina.loader.WebappClassLoaderBase.clearReferencesThreads The web application [ROOT] appears to have started a thread named [MQTT Rec: HMDMServer] but has failed to stop it. This is very likely to create a memory leak. Stack trace of thread:
 java.base@11.0.31/java.net.SocketInputStream.socketRead0(Native Method)
 java.base@11.0.31/java.net.SocketInputStream.socketRead(SocketInputStream.java:115)
 java.base@11.0.31/java.net.SocketInputStream.read(SocketInputStream.java:168)
 java.base@11.0.31/java.net.SocketInputStream.read(SocketInputStream.java:140)
 java.base@11.0.31/java.net.SocketInputStream.read(SocketInputStream.java:200)
 java.base@11.0.31/java.io.DataInputStream.readByte(DataInputStream.java:270)
 org.eclipse.paho.client.mqttv3.internal.wire.MqttInputStream.readMqttWireMessage(MqttInputStream.java:92)
 org.eclipse.paho.client.mqttv3.internal.CommsReceiver.run(CommsReceiver.java:137)
 java.base@11.0.31/java.lang.Thread.run(Thread.java:829)
09-Oct-2026 10:50:08.495 WARNING [main] org.apache.catalina.loader.WebappClassLoaderBase.clearReferencesThreads The web application [ROOT] appears to have started a thread named [MQTT Snd: HMDMServer] but has failed to stop it. This is very likely to create a memory leak. Stack trace of thread:
 java.base@11.0.31/java.lang.Object.wait(Native Method)
 java.base@11.0.31/java.lang.Object.wait(Object.java:328)
 org.eclipse.paho.client.mqttv3.internal.ClientState.get(ClientState.java:825)
 org.eclipse.paho.client.mqttv3.internal.CommsSender.run(CommsSender.java:129)
 java.base@11.0.31/java.lang.Thread.run(Thread.java:829)
09-Oct-2026 10:50:08.497 WARNING [main] org.apache.catalina.loader.WebappClassLoaderBase.clearReferencesThreads The web application [ROOT] appears to have started a thread named [ActiveMQ BrokerService[localhost] Task-1] but has failed to stop it. This is very likely to create a memory leak. Stack trace of thread:
 java.base@11.0.31/jdk.internal.misc.Unsafe.park(Native Method)
 java.base@11.0.31/java.util.concurrent.locks.LockSupport.parkNanos(LockSupport.java:234)
 java.base@11.0.31/java.util.concurrent.SynchronousQueue$TransferStack.awaitFulfill(SynchronousQueue.java:462)
 java.base@11.0.31/java.util.concurrent.SynchronousQueue$TransferStack.transfer(SynchronousQueue.java:361)
 java.base@11.0.31/java.util.concurrent.SynchronousQueue.poll(SynchronousQueue.java:937)
 java.base@11.0.31/java.util.concurrent.ThreadPoolExecutor.getTask(ThreadPoolExecutor.java:1053)
 java.base@11.0.31/java.util.concurrent.ThreadPoolExecutor.runWorker(ThreadPoolExecutor.java:1114)
 java.base@11.0.31/java.util.concurrent.ThreadPoolExecutor$Worker.run(ThreadPoolExecutor.java:628)
 java.base@11.0.31/java.lang.Thread.run(Thread.java:829)
09-Oct-2026 10:50:08.498 WARNING [main] org.apache.catalina.loader.WebappClassLoaderBase.clearReferencesThreads The web application [ROOT] appears to have started a thread named [ActiveMQ Transport: tcp:///172.18.0.4:36616@31000] but has failed to stop it. This is very likely to create a memory leak. Stack trace of thread:
 java.base@11.0.31/java.net.SocketInputStream.socketRead0(Native Method)
 java.base@11.0.31/java.net.SocketInputStream.socketRead(SocketInputStream.java:115)
 java.base@11.0.31/java.net.SocketInputStream.read(SocketInputStream.java:168)
 java.base@11.0.31/java.net.SocketInputStream.read(SocketInputStream.java:140)
 org.apache.activemq.transport.tcp.TcpBufferedInputStream.fill(TcpBufferedInputStream.java:50)
 org.apache.activemq.transport.tcp.TcpTransport$2.fill(TcpTransport.java:634)
 org.apache.activemq.transport.tcp.TcpBufferedInputStream.read(TcpBufferedInputStream.java:59)
 org.apache.activemq.transport.tcp.TcpTransport$2.read(TcpTransport.java:619)
 java.base@11.0.31/java.io.DataInputStream.readByte(DataInputStream.java:270)
 org.apache.activemq.transport.mqtt.MQTTWireFormat.unmarshal(MQTTWireFormat.java:86)
 org.apache.activemq.transport.tcp.TcpTransport.readCommand(TcpTransport.java:240)
 org.apache.activemq.transport.tcp.TcpTransport.doRun(TcpTransport.java:232)
 org.apache.activemq.transport.tcp.TcpTransport.run(TcpTransport.java:215)
 java.base@11.0.31/java.lang.Thread.run(Thread.java:829)
09-Oct-2026 10:50:08.500 WARNING [main] org.apache.catalina.loader.WebappClassLoaderBase.clearReferencesThreads The web application [ROOT] appears to have started a thread named [ActiveMQ BrokerService[localhost] Task-2] but has failed to stop it. This is very likely to create a memory leak. Stack trace of thread:
 java.base@11.0.31/jdk.internal.misc.Unsafe.park(Native Method)
 java.base@11.0.31/java.util.concurrent.locks.LockSupport.parkNanos(LockSupport.java:234)
 java.base@11.0.31/java.util.concurrent.SynchronousQueue$TransferStack.awaitFulfill(SynchronousQueue.java:462)
 java.base@11.0.31/java.util.concurrent.SynchronousQueue$TransferStack.transfer(SynchronousQueue.java:361)
 java.base@11.0.31/java.util.concurrent.SynchronousQueue.poll(SynchronousQueue.java:937)
 java.base@11.0.31/java.util.concurrent.ThreadPoolExecutor.getTask(ThreadPoolExecutor.java:1053)
 java.base@11.0.31/java.util.concurrent.ThreadPoolExecutor.runWorker(ThreadPoolExecutor.java:1114)
 java.base@11.0.31/java.util.concurrent.ThreadPoolExecutor$Worker.run(ThreadPoolExecutor.java:628)
 java.base@11.0.31/java.lang.Thread.run(Thread.java:829)
09-Oct-2026 10:50:08.501 WARNING [main] org.apache.catalina.loader.WebappClassLoaderBase.clearReferencesThreads The web application [ROOT] appears to have started a thread named [MQTT Call: HMDMServer] but has failed to stop it. This is very likely to create a memory leak. Stack trace of thread:
 java.base@11.0.31/java.lang.Object.wait(Native Method)
 java.base@11.0.31/java.lang.Object.wait(Object.java:328)
 org.eclipse.paho.client.mqttv3.internal.CommsCallback.run(CommsCallback.java:181)
 java.base@11.0.31/java.lang.Thread.run(Thread.java:829)
09-Oct-2026 10:50:08.502 WARNING [main] org.apache.catalina.loader.WebappClassLoaderBase.clearReferencesThreads The web application [ROOT] appears to have started a thread named [InactivityMonitor ReadCheck] but has failed to stop it. This is very likely to create a memory leak. Stack trace of thread:
 java.base@11.0.31/java.lang.Object.wait(Native Method)
 java.base@11.0.31/java.util.TimerThread.mainLoop(Timer.java:553)
 java.base@11.0.31/java.util.TimerThread.run(Timer.java:506)
09-Oct-2026 10:50:08.504 WARNING [main] org.apache.catalina.loader.WebappClassLoaderBase.clearReferencesThreads The web application [ROOT] appears to have started a thread named [MQTT Ping: HMDMServer] but has failed to stop it. This is very likely to create a memory leak. Stack trace of thread:
 java.base@11.0.31/java.lang.Object.wait(Native Method)
 java.base@11.0.31/java.util.TimerThread.mainLoop(Timer.java:553)
 java.base@11.0.31/java.util.TimerThread.run(Timer.java:506)
09-Oct-2026 10:50:08.505 WARNING [main] org.apache.catalina.loader.WebappClassLoaderBase.clearReferencesThreads The web application [ROOT] appears to have started a thread named [pool-2-thread-2] but has failed to stop it. This is very likely to create a memory leak. Stack trace of thread:
 java.base@11.0.31/jdk.internal.misc.Unsafe.park(Native Method)
 java.base@11.0.31/java.util.concurrent.locks.LockSupport.park(LockSupport.java:194)
 java.base@11.0.31/java.util.concurrent.locks.AbstractQueuedSynchronizer$ConditionObject.await(AbstractQueuedSynchronizer.java:2081)
 java.base@11.0.31/java.util.concurrent.ScheduledThreadPoolExecutor$DelayedWorkQueue.take(ScheduledThreadPoolExecutor.java:1177)
 java.base@11.0.31/java.util.concurrent.ScheduledThreadPoolExecutor$DelayedWorkQueue.take(ScheduledThreadPoolExecutor.java:899)
 java.base@11.0.31/java.util.concurrent.ThreadPoolExecutor.getTask(ThreadPoolExecutor.java:1054)
 java.base@11.0.31/java.util.concurrent.ThreadPoolExecutor.runWorker(ThreadPoolExecutor.java:1114)
 java.base@11.0.31/java.util.concurrent.ThreadPoolExecutor$Worker.run(ThreadPoolExecutor.java:628)
 java.base@11.0.31/java.lang.Thread.run(Thread.java:829)
09-Oct-2026 10:50:08.506 WARNING [main] org.apache.catalina.loader.WebappClassLoaderBase.clearReferencesThreads The web application [ROOT] appears to have started a thread named [pool-5-thread-1] but has failed to stop it. This is very likely to create a memory leak. Stack trace of thread:
 java.base@11.0.31/jdk.internal.misc.Unsafe.park(Native Method)
 java.base@11.0.31/java.util.concurrent.locks.LockSupport.park(LockSupport.java:194)
 java.base@11.0.31/java.util.concurrent.locks.AbstractQueuedSynchronizer$ConditionObject.await(AbstractQueuedSynchronizer.java:2081)
 java.base@11.0.31/java.util.concurrent.LinkedBlockingQueue.take(LinkedBlockingQueue.java:433)
 java.base@11.0.31/java.util.concurrent.ThreadPoolExecutor.getTask(ThreadPoolExecutor.java:1054)
 java.base@11.0.31/java.util.concurrent.ThreadPoolExecutor.runWorker(ThreadPoolExecutor.java:1114)
 java.base@11.0.31/java.util.concurrent.ThreadPoolExecutor$Worker.run(ThreadPoolExecutor.java:628)
 java.base@11.0.31/java.lang.Thread.run(Thread.java:829)
09-Oct-2026 10:50:08.509 WARNING [main] org.apache.catalina.loader.WebappClassLoaderBase.clearReferencesThreads The web application [ROOT] appears to have started a thread named [pool-1-thread-1] but has failed to stop it. This is very likely to create a memory leak. Stack trace of thread:
 java.base@11.0.31/jdk.internal.misc.Unsafe.park(Native Method)
 java.base@11.0.31/java.util.concurrent.locks.LockSupport.park(LockSupport.java:194)
 java.base@11.0.31/java.util.concurrent.locks.AbstractQueuedSynchronizer$ConditionObject.await(AbstractQueuedSynchronizer.java:2081)
 java.base@11.0.31/java.util.concurrent.LinkedBlockingQueue.take(LinkedBlockingQueue.java:433)
 java.base@11.0.31/java.util.concurrent.ThreadPoolExecutor.getTask(ThreadPoolExecutor.java:1054)
 java.base@11.0.31/java.util.concurrent.ThreadPoolExecutor.runWorker(ThreadPoolExecutor.java:1114)
 java.base@11.0.31/java.util.concurrent.ThreadPoolExecutor$Worker.run(ThreadPoolExecutor.java:628)
 java.base@11.0.31/java.lang.Thread.run(Thread.java:829)
09-Oct-2026 10:50:08.510 WARNING [main] org.apache.catalina.loader.WebappClassLoaderBase.clearReferencesThreads The web application [ROOT] appears to have started a thread named [pool-1-thread-2] but has failed to stop it. This is very likely to create a memory leak. Stack trace of thread:
 java.base@11.0.31/jdk.internal.misc.Unsafe.park(Native Method)
 java.base@11.0.31/java.util.concurrent.locks.LockSupport.park(LockSupport.java:194)
 java.base@11.0.31/java.util.concurrent.locks.AbstractQueuedSynchronizer$ConditionObject.await(AbstractQueuedSynchronizer.java:2081)
 java.base@11.0.31/java.util.concurrent.LinkedBlockingQueue.take(LinkedBlockingQueue.java:433)
 java.base@11.0.31/java.util.concurrent.ThreadPoolExecutor.getTask(ThreadPoolExecutor.java:1054)
 java.base@11.0.31/java.util.concurrent.ThreadPoolExecutor.runWorker(ThreadPoolExecutor.java:1114)
 java.base@11.0.31/java.util.concurrent.ThreadPoolExecutor$Worker.run(ThreadPoolExecutor.java:628)
 java.base@11.0.31/java.lang.Thread.run(Thread.java:829)
09-Oct-2026 10:50:08.512 WARNING [main] org.apache.catalina.loader.WebappClassLoaderBase.clearReferencesThreads The web application [ROOT] appears to have started a thread named [pool-1-thread-3] but has failed to stop it. This is very likely to create a memory leak. Stack trace of thread:
 java.base@11.0.31/jdk.internal.misc.Unsafe.park(Native Method)
 java.base@11.0.31/java.util.concurrent.locks.LockSupport.park(LockSupport.java:194)
 java.base@11.0.31/java.util.concurrent.locks.AbstractQueuedSynchronizer$ConditionObject.await(AbstractQueuedSynchronizer.java:2081)
 java.base@11.0.31/java.util.concurrent.LinkedBlockingQueue.take(LinkedBlockingQueue.java:433)
 java.base@11.0.31/java.util.concurrent.ThreadPoolExecutor.getTask(ThreadPoolExecutor.java:1054)
 java.base@11.0.31/java.util.concurrent.ThreadPoolExecutor.runWorker(ThreadPoolExecutor.java:1114)
 java.base@11.0.31/java.util.concurrent.ThreadPoolExecutor$Worker.run(ThreadPoolExecutor.java:628)
 java.base@11.0.31/java.lang.Thread.run(Thread.java:829)
09-Oct-2026 10:50:08.513 WARNING [main] org.apache.catalina.loader.WebappClassLoaderBase.clearReferencesThreads The web application [ROOT] appears to have started a thread named [pool-1-thread-4] but has failed to stop it. This is very likely to create a memory leak. Stack trace of thread:
 java.base@11.0.31/jdk.internal.misc.Unsafe.park(Native Method)
 java.base@11.0.31/java.util.concurrent.locks.LockSupport.park(LockSupport.java:194)
 java.base@11.0.31/java.util.concurrent.locks.AbstractQueuedSynchronizer$ConditionObject.await(AbstractQueuedSynchronizer.java:2081)
 java.base@11.0.31/java.util.concurrent.LinkedBlockingQueue.take(LinkedBlockingQueue.java:433)
 java.base@11.0.31/java.util.concurrent.ThreadPoolExecutor.getTask(ThreadPoolExecutor.java:1054)
 java.base@11.0.31/java.util.concurrent.ThreadPoolExecutor.runWorker(ThreadPoolExecutor.java:1114)
 java.base@11.0.31/java.util.concurrent.ThreadPoolExecutor$Worker.run(ThreadPoolExecutor.java:628)
 java.base@11.0.31/java.lang.Thread.run(Thread.java:829)
09-Oct-2026 10:50:08.517 WARNING [main] org.apache.catalina.loader.WebappClassLoaderBase.clearReferencesThreads The web application [ROOT] appears to have started a thread named [pool-1-thread-5] but has failed to stop it. This is very likely to create a memory leak. Stack trace of thread:
 java.base@11.0.31/jdk.internal.misc.Unsafe.park(Native Method)
 java.base@11.0.31/java.util.concurrent.locks.LockSupport.park(LockSupport.java:194)
 java.base@11.0.31/java.util.concurrent.locks.AbstractQueuedSynchronizer$ConditionObject.await(AbstractQueuedSynchronizer.java:2081)
 java.base@11.0.31/java.util.concurrent.LinkedBlockingQueue.take(LinkedBlockingQueue.java:433)
 java.base@11.0.31/java.util.concurrent.ThreadPoolExecutor.getTask(ThreadPoolExecutor.java:1054)
 java.base@11.0.31/java.util.concurrent.ThreadPoolExecutor.runWorker(ThreadPoolExecutor.java:1114)
 java.base@11.0.31/java.util.concurrent.ThreadPoolExecutor$Worker.run(ThreadPoolExecutor.java:628)
 java.base@11.0.31/java.lang.Thread.run(Thread.java:829)
09-Oct-2026 10:50:08.541 INFO [main] org.apache.catalina.startup.HostConfig.deployDescriptor Deployment of deployment descriptor [/usr/local/tomcat/conf/Catalina/localhost/ROOT.xml] has finished in [21,007] ms
09-Oct-2026 10:50:08.548 INFO [main] org.apache.coyote.AbstractProtocol.start Starting ProtocolHandler ["http-nio-8080"]
09-Oct-2026 10:50:08.566 INFO [main] org.apache.catalina.startup.Catalina.start Server startup in [21268] milliseconds
09-Oct-2026 10:50:12.036 INFO [pool-2-thread-1] org.apache.catalina.loader.WebappClassLoaderBase.checkStateForResourceLoading Illegal access: this web application instance has been stopped already. Could not load [com.fasterxml.jackson.annotation.JsonFilter]. The following stack trace is thrown for debugging purposes as well as to attempt to terminate the thread which caused the illegal access.
	java.lang.IllegalStateException: Illegal access: this web application instance has been stopped already. Could not load [com.fasterxml.jackson.annotation.JsonFilter]. The following stack trace is thrown for debugging purposes as well as to attempt to terminate the thread which caused the illegal access.
		at org.apache.catalina.loader.WebappClassLoaderBase.checkStateForResourceLoading(WebappClassLoaderBase.java:1370)
		at org.apache.catalina.loader.WebappClassLoaderBase.checkStateForClassLoading(WebappClassLoaderBase.java:1359)
		at org.apache.catalina.loader.WebappClassLoaderBase.loadClass(WebappClassLoaderBase.java:1193)
		at org.apache.catalina.loader.WebappClassLoaderBase.loadClass(WebappClassLoaderBase.java:1160)
		at com.fasterxml.jackson.databind.introspect.JacksonAnnotationIntrospector.findFilterId(JacksonAnnotationIntrospector.java:289)
		at com.fasterxml.jackson.databind.ser.BasicSerializerFactory.findFilterId(BasicSerializerFactory.java:1211)
		at com.fasterxml.jackson.databind.ser.BasicSerializerFactory.buildMapSerializer(BasicSerializerFactory.java:769)
		at com.fasterxml.jackson.databind.ser.BasicSerializerFactory.buildContainerSerializer(BasicSerializerFactory.java:568)
		at com.fasterxml.jackson.databind.ser.BeanSerializerFactory._createSerializer2(BeanSerializerFactory.java:196)
		at com.fasterxml.jackson.databind.ser.BeanSerializerFactory.createSerializer(BeanSerializerFactory.java:165)
		at com.fasterxml.jackson.databind.SerializerProvider._createUntypedSerializer(SerializerProvider.java:1388)
		at com.fasterxml.jackson.databind.SerializerProvider._createAndCacheUntypedSerializer(SerializerProvider.java:1336)
		at com.fasterxml.jackson.databind.SerializerProvider.findValueSerializer(SerializerProvider.java:510)
		at com.fasterxml.jackson.databind.SerializerProvider.findTypedValueSerializer(SerializerProvider.java:713)
		at com.fasterxml.jackson.databind.ser.DefaultSerializerProvider.serializeValue(DefaultSerializerProvider.java:308)
		at com.fasterxml.jackson.databind.ObjectMapper._configAndWriteValue(ObjectMapper.java:4094)
		at com.fasterxml.jackson.databind.ObjectMapper.writeValue(ObjectMapper.java:3342)
		at com.hmdm.plugins.webfilter.resolver.DnsEventImporter.run(DnsEventImporter.java:60)
		at java.base/java.util.concurrent.Executors$RunnableAdapter.call(Executors.java:515)
		at java.base/java.util.concurrent.FutureTask.runAndReset(FutureTask.java:305)
		at java.base/java.util.concurrent.ScheduledThreadPoolExecutor$ScheduledFutureTask.run(ScheduledThreadPoolExecutor.java:305)
		at java.base/java.util.concurrent.ThreadPoolExecutor.runWorker(ThreadPoolExecutor.java:1128)
		at java.base/java.util.concurrent.ThreadPoolExecutor$Worker.run(ThreadPoolExecutor.java:628)
		at java.base/java.lang.Thread.run(Thread.java:829)
09-Oct-2026 10:54:24.905 INFO [main] org.apache.catalina.startup.VersionLoggerListener.log Server version name:   Apache Tomcat/9.0.117
09-Oct-2026 10:54:24.916 INFO [main] org.apache.catalina.startup.VersionLoggerListener.log Server built:          Mar 30 2026 18:21:16 UTC
09-Oct-2026 10:54:24.917 INFO [main] org.apache.catalina.startup.VersionLoggerListener.log Server version number: 9.0.117.0
09-Oct-2026 10:54:24.918 INFO [main] org.apache.catalina.startup.VersionLoggerListener.log OS Name:               Linux
09-Oct-2026 10:54:24.918 INFO [main] org.apache.catalina.startup.VersionLoggerListener.log OS Version:            6.8.0-142-generic
09-Oct-2026 10:54:24.918 INFO [main] org.apache.catalina.startup.VersionLoggerListener.log Architecture:          amd64
09-Oct-2026 10:54:24.918 INFO [main] org.apache.catalina.startup.VersionLoggerListener.log Java Home:             /opt/java/openjdk
09-Oct-2026 10:54:24.918 INFO [main] org.apache.catalina.startup.VersionLoggerListener.log JVM Version:           11.0.31+11
09-Oct-2026 10:54:24.920 INFO [main] org.apache.catalina.startup.VersionLoggerListener.log JVM Vendor:            Eclipse Adoptium
09-Oct-2026 10:54:24.921 INFO [main] org.apache.catalina.startup.VersionLoggerListener.log CATALINA_BASE:         /usr/local/tomcat
09-Oct-2026 10:54:24.924 INFO [main] org.apache.catalina.startup.VersionLoggerListener.log CATALINA_HOME:         /usr/local/tomcat
09-Oct-2026 10:54:24.943 INFO [main] org.apache.catalina.startup.VersionLoggerListener.log Command line argument: --add-opens=java.base/java.lang=ALL-UNNAMED
09-Oct-2026 10:54:24.950 INFO [main] org.apache.catalina.startup.VersionLoggerListener.log Command line argument: --add-opens=java.base/java.lang.invoke=ALL-UNNAMED
09-Oct-2026 10:54:24.950 INFO [main] org.apache.catalina.startup.VersionLoggerListener.log Command line argument: --add-opens=java.base/java.lang.reflect=ALL-UNNAMED
09-Oct-2026 10:54:24.951 INFO [main] org.apache.catalina.startup.VersionLoggerListener.log Command line argument: --add-opens=java.base/java.io=ALL-UNNAMED
09-Oct-2026 10:54:24.951 INFO [main] org.apache.catalina.startup.VersionLoggerListener.log Command line argument: --add-opens=java.base/java.util=ALL-UNNAMED
09-Oct-2026 10:54:24.951 INFO [main] org.apache.catalina.startup.VersionLoggerListener.log Command line argument: --add-opens=java.base/java.util.concurrent=ALL-UNNAMED
09-Oct-2026 10:54:24.951 INFO [main] org.apache.catalina.startup.VersionLoggerListener.log Command line argument: --add-opens=java.rmi/sun.rmi.transport=ALL-UNNAMED
09-Oct-2026 10:54:24.951 INFO [main] org.apache.catalina.startup.VersionLoggerListener.log Command line argument: -Djava.util.logging.config.file=/usr/local/tomcat/conf/logging.properties
09-Oct-2026 10:54:24.951 INFO [main] org.apache.catalina.startup.VersionLoggerListener.log Command line argument: -Djava.util.logging.manager=org.apache.juli.ClassLoaderLogManager
09-Oct-2026 10:54:24.951 INFO [main] org.apache.catalina.startup.VersionLoggerListener.log Command line argument: -Djdk.tls.ephemeralDHKeySize=2048
09-Oct-2026 10:54:24.951 INFO [main] org.apache.catalina.startup.VersionLoggerListener.log Command line argument: -Djava.protocol.handler.pkgs=org.apache.catalina.webresources
09-Oct-2026 10:54:24.951 INFO [main] org.apache.catalina.startup.VersionLoggerListener.log Command line argument: -Dsun.io.useCanonCaches=false
09-Oct-2026 10:54:24.952 INFO [main] org.apache.catalina.startup.VersionLoggerListener.log Command line argument: -Dorg.apache.catalina.security.SecurityListener.UMASK=0022
09-Oct-2026 10:54:24.952 INFO [main] org.apache.catalina.startup.VersionLoggerListener.log Command line argument: -Dignore.endorsed.dirs=
09-Oct-2026 10:54:24.952 INFO [main] org.apache.catalina.startup.VersionLoggerListener.log Command line argument: -Dcatalina.base=/usr/local/tomcat
09-Oct-2026 10:54:24.952 INFO [main] org.apache.catalina.startup.VersionLoggerListener.log Command line argument: -Dcatalina.home=/usr/local/tomcat
09-Oct-2026 10:54:24.952 INFO [main] org.apache.catalina.startup.VersionLoggerListener.log Command line argument: -Djava.io.tmpdir=/usr/local/tomcat/temp
09-Oct-2026 10:54:24.965 INFO [main] org.apache.catalina.core.AprLifecycleListener.lifecycleEvent Loaded Apache Tomcat Native library [1.3.7] using APR version [1.7.0].
09-Oct-2026 10:54:24.967 INFO [main] org.apache.catalina.core.AprLifecycleListener.lifecycleEvent APR capabilities: IPv6 [true], sendfile [true], accept filters [false], random [true], UDS [true].
09-Oct-2026 10:54:24.968 INFO [main] org.apache.catalina.core.AprLifecycleListener.lifecycleEvent APR/OpenSSL configuration: useAprConnector [false], useOpenSSL [true]
09-Oct-2026 10:54:24.977 INFO [main] org.apache.catalina.core.AprLifecycleListener.initializeSSL OpenSSL successfully initialized [OpenSSL 3.0.2 15 Mar 2022]
09-Oct-2026 10:54:25.785 INFO [main] org.apache.coyote.AbstractProtocol.init Initializing ProtocolHandler ["http-nio-8080"]
09-Oct-2026 10:54:25.844 INFO [main] org.apache.catalina.startup.Catalina.load Server initialization in [1513] milliseconds
09-Oct-2026 10:54:26.036 INFO [main] org.apache.catalina.core.StandardService.startInternal Starting service [Catalina]
09-Oct-2026 10:54:26.037 INFO [main] org.apache.catalina.core.StandardEngine.startInternal Starting Servlet engine: [Apache Tomcat/9.0.117]
09-Oct-2026 10:54:26.069 INFO [main] org.apache.catalina.startup.HostConfig.deployDescriptor Deploying deployment descriptor [/usr/local/tomcat/conf/Catalina/localhost/ROOT.xml]
09-Oct-2026 10:54:31.366 INFO [main] org.apache.jasper.servlet.TldScanner.scanJars At least one JAR was scanned for TLDs yet contained no TLDs. Enable debug logging for this logger for a complete list of JARs that were scanned but no TLDs were found in them. Skipping unneeded JARs during scanning can improve startup time and JSP compilation time.
09-Oct-2026 10:54:45.756 INFO [main] nonapi.io.github.classgraph.classloaderhandler.lifecycle.ServletLifeCycleListener.contextInitialized Servlet context initialized
09-Oct-2026 10:54:47.462 SEVERE [main] org.apache.catalina.core.StandardContext.startInternal One or more Filters failed to start. Full details will be found in the appropriate container log file
09-Oct-2026 10:54:47.463 SEVERE [main] org.apache.catalina.core.StandardContext.startInternal Context [] startup failed due to previous errors
09-Oct-2026 10:54:47.472 INFO [main] nonapi.io.github.classgraph.classloaderhandler.lifecycle.ServletLifeCycleListener.contextDestroyed Servlet context destroyed -- closing any remaning open ClassGraph ScanResult instances
09-Oct-2026 10:54:47.477 WARNING [main] org.apache.catalina.loader.WebappClassLoaderBase.clearReferencesJdbc The web application [ROOT] registered the JDBC driver [org.postgresql.Driver] but failed to unregister it when the web application was stopped. To prevent a memory leak, the JDBC Driver has been forcibly unregistered.
09-Oct-2026 10:54:47.479 WARNING [main] org.apache.catalina.loader.WebappClassLoaderBase.clearReferencesThreads The web application [ROOT] appears to have started a thread named [pool-2-thread-1] but has failed to stop it. This is very likely to create a memory leak. Stack trace of thread:
 java.base@11.0.31/jdk.internal.misc.Unsafe.park(Native Method)
 java.base@11.0.31/java.util.concurrent.locks.LockSupport.park(LockSupport.java:194)
 java.base@11.0.31/java.util.concurrent.locks.AbstractQueuedSynchronizer$ConditionObject.await(AbstractQueuedSynchronizer.java:2081)
 java.base@11.0.31/java.util.concurrent.ScheduledThreadPoolExecutor$DelayedWorkQueue.take(ScheduledThreadPoolExecutor.java:1177)
 java.base@11.0.31/java.util.concurrent.ScheduledThreadPoolExecutor$DelayedWorkQueue.take(ScheduledThreadPoolExecutor.java:899)
 java.base@11.0.31/java.util.concurrent.ThreadPoolExecutor.getTask(ThreadPoolExecutor.java:1054)
 java.base@11.0.31/java.util.concurrent.ThreadPoolExecutor.runWorker(ThreadPoolExecutor.java:1114)
 java.base@11.0.31/java.util.concurrent.ThreadPoolExecutor$Worker.run(ThreadPoolExecutor.java:628)
 java.base@11.0.31/java.lang.Thread.run(Thread.java:829)
09-Oct-2026 10:54:47.481 WARNING [main] org.apache.catalina.loader.WebappClassLoaderBase.clearReferencesThreads The web application [ROOT] appears to have started a thread named [pool-4-thread-1] but has failed to stop it. This is very likely to create a memory leak. Stack trace of thread:
 java.base@11.0.31/jdk.internal.misc.Unsafe.park(Native Method)
 java.base@11.0.31/java.util.concurrent.locks.LockSupport.parkNanos(LockSupport.java:234)
 java.base@11.0.31/java.util.concurrent.locks.AbstractQueuedSynchronizer$ConditionObject.awaitNanos(AbstractQueuedSynchronizer.java:2123)
 java.base@11.0.31/java.util.concurrent.ScheduledThreadPoolExecutor$DelayedWorkQueue.take(ScheduledThreadPoolExecutor.java:1182)
 java.base@11.0.31/java.util.concurrent.ScheduledThreadPoolExecutor$DelayedWorkQueue.take(ScheduledThreadPoolExecutor.java:899)
 java.base@11.0.31/java.util.concurrent.ThreadPoolExecutor.getTask(ThreadPoolExecutor.java:1054)
 java.base@11.0.31/java.util.concurrent.ThreadPoolExecutor.runWorker(ThreadPoolExecutor.java:1114)
 java.base@11.0.31/java.util.concurrent.ThreadPoolExecutor$Worker.run(ThreadPoolExecutor.java:628)
 java.base@11.0.31/java.lang.Thread.run(Thread.java:829)
09-Oct-2026 10:54:47.483 WARNING [main] org.apache.catalina.loader.WebappClassLoaderBase.clearReferencesThreads The web application [ROOT] appears to have started a thread named [ActiveMQ Broker[localhost] Scheduler] but has failed to stop it. This is very likely to create a memory leak. Stack trace of thread:
 java.base@11.0.31/java.lang.Object.wait(Native Method)
 java.base@11.0.31/java.lang.Object.wait(Object.java:328)
 java.base@11.0.31/java.util.TimerThread.mainLoop(Timer.java:527)
 java.base@11.0.31/java.util.TimerThread.run(Timer.java:506)
09-Oct-2026 10:54:47.485 WARNING [main] org.apache.catalina.loader.WebappClassLoaderBase.clearReferencesThreads The web application [ROOT] appears to have started a thread named [ActiveMQ Transport Server Thread Handler: mqtt://0.0.0.0:31000] but has failed to stop it. This is very likely to create a memory leak. Stack trace of thread:
 java.base@11.0.31/jdk.internal.misc.Unsafe.park(Native Method)
 java.base@11.0.31/java.util.concurrent.locks.LockSupport.parkNanos(LockSupport.java:234)
 java.base@11.0.31/java.util.concurrent.locks.AbstractQueuedSynchronizer$ConditionObject.awaitNanos(AbstractQueuedSynchronizer.java:2123)
 java.base@11.0.31/java.util.concurrent.LinkedBlockingQueue.poll(LinkedBlockingQueue.java:458)
 org.apache.activemq.transport.tcp.TcpTransportServer$1.run(TcpTransportServer.java:496)
 java.base@11.0.31/java.lang.Thread.run(Thread.java:829)
09-Oct-2026 10:54:47.486 WARNING [main] org.apache.catalina.loader.WebappClassLoaderBase.clearReferencesThreads The web application [ROOT] appears to have started a thread named [ActiveMQ Transport Server: mqtt://0.0.0.0:31000] but has failed to stop it. This is very likely to create a memory leak. Stack trace of thread:
 java.base@11.0.31/java.net.PlainSocketImpl.socketAccept(Native Method)
 java.base@11.0.31/java.net.AbstractPlainSocketImpl.accept(AbstractPlainSocketImpl.java:474)
 java.base@11.0.31/java.net.ServerSocket.implAccept(ServerSocket.java:565)
 java.base@11.0.31/java.net.ServerSocket.accept(ServerSocket.java:533)
 org.apache.activemq.transport.tcp.TcpTransportServer.doRunWithServerSocket(TcpTransportServer.java:420)
 org.apache.activemq.transport.tcp.TcpTransportServer.run(TcpTransportServer.java:342)
 java.base@11.0.31/java.lang.Thread.run(Thread.java:829)
09-Oct-2026 10:54:47.486 WARNING [main] org.apache.catalina.loader.WebappClassLoaderBase.clearReferencesThreads The web application [ROOT] appears to have started a thread named [MQTT Rec: HMDMServer] but has failed to stop it. This is very likely to create a memory leak. Stack trace of thread:
 java.base@11.0.31/java.net.SocketInputStream.socketRead0(Native Method)
 java.base@11.0.31/java.net.SocketInputStream.socketRead(SocketInputStream.java:115)
 java.base@11.0.31/java.net.SocketInputStream.read(SocketInputStream.java:168)
 java.base@11.0.31/java.net.SocketInputStream.read(SocketInputStream.java:140)
 java.base@11.0.31/java.net.SocketInputStream.read(SocketInputStream.java:200)
 java.base@11.0.31/java.io.DataInputStream.readByte(DataInputStream.java:270)
 org.eclipse.paho.client.mqttv3.internal.wire.MqttInputStream.readMqttWireMessage(MqttInputStream.java:92)
 org.eclipse.paho.client.mqttv3.internal.CommsReceiver.run(CommsReceiver.java:137)
 java.base@11.0.31/java.lang.Thread.run(Thread.java:829)
09-Oct-2026 10:54:47.489 WARNING [main] org.apache.catalina.loader.WebappClassLoaderBase.clearReferencesThreads The web application [ROOT] appears to have started a thread named [MQTT Snd: HMDMServer] but has failed to stop it. This is very likely to create a memory leak. Stack trace of thread:
 java.base@11.0.31/java.lang.Object.wait(Native Method)
 java.base@11.0.31/java.lang.Object.wait(Object.java:328)
 org.eclipse.paho.client.mqttv3.internal.ClientState.get(ClientState.java:825)
 org.eclipse.paho.client.mqttv3.internal.CommsSender.run(CommsSender.java:129)
 java.base@11.0.31/java.lang.Thread.run(Thread.java:829)
09-Oct-2026 10:54:47.491 WARNING [main] org.apache.catalina.loader.WebappClassLoaderBase.clearReferencesThreads The web application [ROOT] appears to have started a thread named [ActiveMQ BrokerService[localhost] Task-1] but has failed to stop it. This is very likely to create a memory leak. Stack trace of thread:
 java.base@11.0.31/jdk.internal.misc.Unsafe.park(Native Method)
 java.base@11.0.31/java.util.concurrent.locks.LockSupport.parkNanos(LockSupport.java:234)
 java.base@11.0.31/java.util.concurrent.SynchronousQueue$TransferStack.awaitFulfill(SynchronousQueue.java:462)
 java.base@11.0.31/java.util.concurrent.SynchronousQueue$TransferStack.transfer(SynchronousQueue.java:361)
 java.base@11.0.31/java.util.concurrent.SynchronousQueue.poll(SynchronousQueue.java:937)
 java.base@11.0.31/java.util.concurrent.ThreadPoolExecutor.getTask(ThreadPoolExecutor.java:1053)
 java.base@11.0.31/java.util.concurrent.ThreadPoolExecutor.runWorker(ThreadPoolExecutor.java:1114)
 java.base@11.0.31/java.util.concurrent.ThreadPoolExecutor$Worker.run(ThreadPoolExecutor.java:628)
 java.base@11.0.31/java.lang.Thread.run(Thread.java:829)
09-Oct-2026 10:54:47.492 WARNING [main] org.apache.catalina.loader.WebappClassLoaderBase.clearReferencesThreads The web application [ROOT] appears to have started a thread named [ActiveMQ Transport: tcp:///172.18.0.4:36240@31000] but has failed to stop it. This is very likely to create a memory leak. Stack trace of thread:
 java.base@11.0.31/java.net.SocketInputStream.socketRead0(Native Method)
 java.base@11.0.31/java.net.SocketInputStream.socketRead(SocketInputStream.java:115)
 java.base@11.0.31/java.net.SocketInputStream.read(SocketInputStream.java:168)
 java.base@11.0.31/java.net.SocketInputStream.read(SocketInputStream.java:140)
 org.apache.activemq.transport.tcp.TcpBufferedInputStream.fill(TcpBufferedInputStream.java:50)
 org.apache.activemq.transport.tcp.TcpTransport$2.fill(TcpTransport.java:634)
 org.apache.activemq.transport.tcp.TcpBufferedInputStream.read(TcpBufferedInputStream.java:59)
 org.apache.activemq.transport.tcp.TcpTransport$2.read(TcpTransport.java:619)
 java.base@11.0.31/java.io.DataInputStream.readByte(DataInputStream.java:270)
 org.apache.activemq.transport.mqtt.MQTTWireFormat.unmarshal(MQTTWireFormat.java:86)
 org.apache.activemq.transport.tcp.TcpTransport.readCommand(TcpTransport.java:240)
 org.apache.activemq.transport.tcp.TcpTransport.doRun(TcpTransport.java:232)
 org.apache.activemq.transport.tcp.TcpTransport.run(TcpTransport.java:215)
 java.base@11.0.31/java.lang.Thread.run(Thread.java:829)
09-Oct-2026 10:54:47.494 WARNING [main] org.apache.catalina.loader.WebappClassLoaderBase.clearReferencesThreads The web application [ROOT] appears to have started a thread named [ActiveMQ BrokerService[localhost] Task-2] but has failed to stop it. This is very likely to create a memory leak. Stack trace of thread:
 java.base@11.0.31/jdk.internal.misc.Unsafe.park(Native Method)
 java.base@11.0.31/java.util.concurrent.locks.LockSupport.parkNanos(LockSupport.java:234)
 java.base@11.0.31/java.util.concurrent.SynchronousQueue$TransferStack.awaitFulfill(SynchronousQueue.java:462)
 java.base@11.0.31/java.util.concurrent.SynchronousQueue$TransferStack.transfer(SynchronousQueue.java:361)
 java.base@11.0.31/java.util.concurrent.SynchronousQueue.poll(SynchronousQueue.java:937)
 java.base@11.0.31/java.util.concurrent.ThreadPoolExecutor.getTask(ThreadPoolExecutor.java:1053)
 java.base@11.0.31/java.util.concurrent.ThreadPoolExecutor.runWorker(ThreadPoolExecutor.java:1114)
 java.base@11.0.31/java.util.concurrent.ThreadPoolExecutor$Worker.run(ThreadPoolExecutor.java:628)
 java.base@11.0.31/java.lang.Thread.run(Thread.java:829)
09-Oct-2026 10:54:47.494 WARNING [main] org.apache.catalina.loader.WebappClassLoaderBase.clearReferencesThreads The web application [ROOT] appears to have started a thread named [MQTT Call: HMDMServer] but has failed to stop it. This is very likely to create a memory leak. Stack trace of thread:
 java.base@11.0.31/java.lang.Object.wait(Native Method)
 java.base@11.0.31/java.lang.Object.wait(Object.java:328)
 org.eclipse.paho.client.mqttv3.internal.CommsCallback.run(CommsCallback.java:181)
 java.base@11.0.31/java.lang.Thread.run(Thread.java:829)
09-Oct-2026 10:54:47.499 WARNING [main] org.apache.catalina.loader.WebappClassLoaderBase.clearReferencesThreads The web application [ROOT] appears to have started a thread named [InactivityMonitor ReadCheck] but has failed to stop it. This is very likely to create a memory leak. Stack trace of thread:
 java.base@11.0.31/java.lang.Object.wait(Native Method)
 java.base@11.0.31/java.util.TimerThread.mainLoop(Timer.java:553)
 java.base@11.0.31/java.util.TimerThread.run(Timer.java:506)
09-Oct-2026 10:54:47.501 WARNING [main] org.apache.catalina.loader.WebappClassLoaderBase.clearReferencesThreads The web application [ROOT] appears to have started a thread named [MQTT Ping: HMDMServer] but has failed to stop it. This is very likely to create a memory leak. Stack trace of thread:
 java.base@11.0.31/java.lang.Object.wait(Native Method)
 java.base@11.0.31/java.util.TimerThread.mainLoop(Timer.java:553)
 java.base@11.0.31/java.util.TimerThread.run(Timer.java:506)
09-Oct-2026 10:54:47.502 WARNING [main] org.apache.catalina.loader.WebappClassLoaderBase.clearReferencesThreads The web application [ROOT] appears to have started a thread named [pool-2-thread-2] but has failed to stop it. This is very likely to create a memory leak. Stack trace of thread:
 java.base@11.0.31/jdk.internal.misc.Unsafe.park(Native Method)
 java.base@11.0.31/java.util.concurrent.locks.LockSupport.parkNanos(LockSupport.java:234)
 java.base@11.0.31/java.util.concurrent.locks.AbstractQueuedSynchronizer$ConditionObject.awaitNanos(AbstractQueuedSynchronizer.java:2123)
 java.base@11.0.31/java.util.concurrent.ScheduledThreadPoolExecutor$DelayedWorkQueue.take(ScheduledThreadPoolExecutor.java:1182)
 java.base@11.0.31/java.util.concurrent.ScheduledThreadPoolExecutor$DelayedWorkQueue.take(ScheduledThreadPoolExecutor.java:899)
 java.base@11.0.31/java.util.concurrent.ThreadPoolExecutor.getTask(ThreadPoolExecutor.java:1054)
 java.base@11.0.31/java.util.concurrent.ThreadPoolExecutor.runWorker(ThreadPoolExecutor.java:1114)
 java.base@11.0.31/java.util.concurrent.ThreadPoolExecutor$Worker.run(ThreadPoolExecutor.java:628)
 java.base@11.0.31/java.lang.Thread.run(Thread.java:829)
09-Oct-2026 10:54:47.505 WARNING [main] org.apache.catalina.loader.WebappClassLoaderBase.clearReferencesThreads The web application [ROOT] appears to have started a thread named [pool-5-thread-1] but has failed to stop it. This is very likely to create a memory leak. Stack trace of thread:
 java.base@11.0.31/jdk.internal.misc.Unsafe.park(Native Method)
 java.base@11.0.31/java.util.concurrent.locks.LockSupport.park(LockSupport.java:194)
 java.base@11.0.31/java.util.concurrent.locks.AbstractQueuedSynchronizer$ConditionObject.await(AbstractQueuedSynchronizer.java:2081)
 java.base@11.0.31/java.util.concurrent.LinkedBlockingQueue.take(LinkedBlockingQueue.java:433)
 java.base@11.0.31/java.util.concurrent.ThreadPoolExecutor.getTask(ThreadPoolExecutor.java:1054)
 java.base@11.0.31/java.util.concurrent.ThreadPoolExecutor.runWorker(ThreadPoolExecutor.java:1114)
 java.base@11.0.31/java.util.concurrent.ThreadPoolExecutor$Worker.run(ThreadPoolExecutor.java:628)
 java.base@11.0.31/java.lang.Thread.run(Thread.java:829)
09-Oct-2026 10:54:47.505 WARNING [main] org.apache.catalina.loader.WebappClassLoaderBase.clearReferencesThreads The web application [ROOT] appears to have started a thread named [pool-1-thread-1] but has failed to stop it. This is very likely to create a memory leak. Stack trace of thread:
 java.base@11.0.31/jdk.internal.misc.Unsafe.park(Native Method)
 java.base@11.0.31/java.util.concurrent.locks.LockSupport.park(LockSupport.java:194)
 java.base@11.0.31/java.util.concurrent.locks.AbstractQueuedSynchronizer$ConditionObject.await(AbstractQueuedSynchronizer.java:2081)
 java.base@11.0.31/java.util.concurrent.LinkedBlockingQueue.take(LinkedBlockingQueue.java:433)
 java.base@11.0.31/java.util.concurrent.ThreadPoolExecutor.getTask(ThreadPoolExecutor.java:1054)
 java.base@11.0.31/java.util.concurrent.ThreadPoolExecutor.runWorker(ThreadPoolExecutor.java:1114)
 java.base@11.0.31/java.util.concurrent.ThreadPoolExecutor$Worker.run(ThreadPoolExecutor.java:628)
 java.base@11.0.31/java.lang.Thread.run(Thread.java:829)
09-Oct-2026 10:54:47.506 WARNING [main] org.apache.catalina.loader.WebappClassLoaderBase.clearReferencesThreads The web application [ROOT] appears to have started a thread named [pool-1-thread-2] but has failed to stop it. This is very likely to create a memory leak. Stack trace of thread:
 java.base@11.0.31/jdk.internal.misc.Unsafe.park(Native Method)
 java.base@11.0.31/java.util.concurrent.locks.LockSupport.park(LockSupport.java:194)
 java.base@11.0.31/java.util.concurrent.locks.AbstractQueuedSynchronizer$ConditionObject.await(AbstractQueuedSynchronizer.java:2081)
 java.base@11.0.31/java.util.concurrent.LinkedBlockingQueue.take(LinkedBlockingQueue.java:433)
 java.base@11.0.31/java.util.concurrent.ThreadPoolExecutor.getTask(ThreadPoolExecutor.java:1054)
 java.base@11.0.31/java.util.concurrent.ThreadPoolExecutor.runWorker(ThreadPoolExecutor.java:1114)
 java.base@11.0.31/java.util.concurrent.ThreadPoolExecutor$Worker.run(ThreadPoolExecutor.java:628)
 java.base@11.0.31/java.lang.Thread.run(Thread.java:829)
09-Oct-2026 10:54:47.507 WARNING [main] org.apache.catalina.loader.WebappClassLoaderBase.clearReferencesThreads The web application [ROOT] appears to have started a thread named [pool-1-thread-3] but has failed to stop it. This is very likely to create a memory leak. Stack trace of thread:
 java.base@11.0.31/jdk.internal.misc.Unsafe.park(Native Method)
 java.base@11.0.31/java.util.concurrent.locks.LockSupport.park(LockSupport.java:194)
 java.base@11.0.31/java.util.concurrent.locks.AbstractQueuedSynchronizer$ConditionObject.await(AbstractQueuedSynchronizer.java:2081)
 java.base@11.0.31/java.util.concurrent.LinkedBlockingQueue.take(LinkedBlockingQueue.java:433)
 java.base@11.0.31/java.util.concurrent.ThreadPoolExecutor.getTask(ThreadPoolExecutor.java:1054)
 java.base@11.0.31/java.util.concurrent.ThreadPoolExecutor.runWorker(ThreadPoolExecutor.java:1114)
 java.base@11.0.31/java.util.concurrent.ThreadPoolExecutor$Worker.run(ThreadPoolExecutor.java:628)
 java.base@11.0.31/java.lang.Thread.run(Thread.java:829)
09-Oct-2026 10:54:47.513 WARNING [main] org.apache.catalina.loader.WebappClassLoaderBase.clearReferencesThreads The web application [ROOT] appears to have started a thread named [pool-1-thread-4] but has failed to stop it. This is very likely to create a memory leak. Stack trace of thread:
 java.base@11.0.31/jdk.internal.misc.Unsafe.park(Native Method)
 java.base@11.0.31/java.util.concurrent.locks.LockSupport.park(LockSupport.java:194)
 java.base@11.0.31/java.util.concurrent.locks.AbstractQueuedSynchronizer$ConditionObject.await(AbstractQueuedSynchronizer.java:2081)
 java.base@11.0.31/java.util.concurrent.LinkedBlockingQueue.take(LinkedBlockingQueue.java:433)
 java.base@11.0.31/java.util.concurrent.ThreadPoolExecutor.getTask(ThreadPoolExecutor.java:1054)
 java.base@11.0.31/java.util.concurrent.ThreadPoolExecutor.runWorker(ThreadPoolExecutor.java:1114)
 java.base@11.0.31/java.util.concurrent.ThreadPoolExecutor$Worker.run(ThreadPoolExecutor.java:628)
 java.base@11.0.31/java.lang.Thread.run(Thread.java:829)
09-Oct-2026 10:54:47.516 WARNING [main] org.apache.catalina.loader.WebappClassLoaderBase.clearReferencesThreads The web application [ROOT] appears to have started a thread named [pool-1-thread-5] but has failed to stop it. This is very likely to create a memory leak. Stack trace of thread:
 java.base@11.0.31/jdk.internal.misc.Unsafe.park(Native Method)
 java.base@11.0.31/java.util.concurrent.locks.LockSupport.park(LockSupport.java:194)
 java.base@11.0.31/java.util.concurrent.locks.AbstractQueuedSynchronizer$ConditionObject.await(AbstractQueuedSynchronizer.java:2081)
 java.base@11.0.31/java.util.concurrent.LinkedBlockingQueue.take(LinkedBlockingQueue.java:433)
 java.base@11.0.31/java.util.concurrent.ThreadPoolExecutor.getTask(ThreadPoolExecutor.java:1054)
 java.base@11.0.31/java.util.concurrent.ThreadPoolExecutor.runWorker(ThreadPoolExecutor.java:1114)
 java.base@11.0.31/java.util.concurrent.ThreadPoolExecutor$Worker.run(ThreadPoolExecutor.java:628)
 java.base@11.0.31/java.lang.Thread.run(Thread.java:829)
09-Oct-2026 10:54:47.540 INFO [main] org.apache.catalina.startup.HostConfig.deployDescriptor Deployment of deployment descriptor [/usr/local/tomcat/conf/Catalina/localhost/ROOT.xml] has finished in [21,471] ms
09-Oct-2026 10:54:47.556 INFO [main] org.apache.coyote.AbstractProtocol.start Starting ProtocolHandler ["http-nio-8080"]
09-Oct-2026 10:54:47.588 INFO [main] org.apache.catalina.startup.Catalina.start Server startup in [21742] milliseconds
09-Oct-2026 10:54:50.641 INFO [pool-2-thread-2] org.apache.catalina.loader.WebappClassLoaderBase.checkStateForResourceLoading Illegal access: this web application instance has been stopped already. Could not load [com.fasterxml.jackson.annotation.JsonFilter]. The following stack trace is thrown for debugging purposes as well as to attempt to terminate the thread which caused the illegal access.
	java.lang.IllegalStateException: Illegal access: this web application instance has been stopped already. Could not load [com.fasterxml.jackson.annotation.JsonFilter]. The following stack trace is thrown for debugging purposes as well as to attempt to terminate the thread which caused the illegal access.
		at org.apache.catalina.loader.WebappClassLoaderBase.checkStateForResourceLoading(WebappClassLoaderBase.java:1370)
		at org.apache.catalina.loader.WebappClassLoaderBase.checkStateForClassLoading(WebappClassLoaderBase.java:1359)
		at org.apache.catalina.loader.WebappClassLoaderBase.loadClass(WebappClassLoaderBase.java:1193)
		at org.apache.catalina.loader.WebappClassLoaderBase.loadClass(WebappClassLoaderBase.java:1160)
		at com.fasterxml.jackson.databind.introspect.JacksonAnnotationIntrospector.findFilterId(JacksonAnnotationIntrospector.java:289)
		at com.fasterxml.jackson.databind.ser.BasicSerializerFactory.findFilterId(BasicSerializerFactory.java:1211)
		at com.fasterxml.jackson.databind.ser.BasicSerializerFactory.buildMapSerializer(BasicSerializerFactory.java:769)
		at com.fasterxml.jackson.databind.ser.BasicSerializerFactory.buildContainerSerializer(BasicSerializerFactory.java:568)
		at com.fasterxml.jackson.databind.ser.BeanSerializerFactory._createSerializer2(BeanSerializerFactory.java:196)
		at com.fasterxml.jackson.databind.ser.BeanSerializerFactory.createSerializer(BeanSerializerFactory.java:165)
		at com.fasterxml.jackson.databind.SerializerProvider._createUntypedSerializer(SerializerProvider.java:1388)
		at com.fasterxml.jackson.databind.SerializerProvider._createAndCacheUntypedSerializer(SerializerProvider.java:1336)
		at com.fasterxml.jackson.databind.SerializerProvider.findValueSerializer(SerializerProvider.java:510)
		at com.fasterxml.jackson.databind.SerializerProvider.findTypedValueSerializer(SerializerProvider.java:713)
		at com.fasterxml.jackson.databind.ser.DefaultSerializerProvider.serializeValue(DefaultSerializerProvider.java:308)
		at com.fasterxml.jackson.databind.ObjectMapper._configAndWriteValue(ObjectMapper.java:4094)
		at com.fasterxml.jackson.databind.ObjectMapper.writeValue(ObjectMapper.java:3342)
		at com.hmdm.plugins.webfilter.resolver.DnsEventImporter.run(DnsEventImporter.java:60)
		at java.base/java.util.concurrent.Executors$RunnableAdapter.call(Executors.java:515)
		at java.base/java.util.concurrent.FutureTask.runAndReset(FutureTask.java:305)
		at java.base/java.util.concurrent.ScheduledThreadPoolExecutor$ScheduledFutureTask.run(ScheduledThreadPoolExecutor.java:305)
		at java.base/java.util.concurrent.ThreadPoolExecutor.runWorker(ThreadPoolExecutor.java:1128)
		at java.base/java.util.concurrent.ThreadPoolExecutor$Worker.run(ThreadPoolExecutor.java:628)
		at java.base/java.lang.Thread.run(Thread.java:829)
09-Oct-2026 10:58:26.228 INFO [main] org.apache.catalina.startup.VersionLoggerListener.log Server version name:   Apache Tomcat/9.0.117
09-Oct-2026 10:58:26.237 INFO [main] org.apache.catalina.startup.VersionLoggerListener.log Server built:          Mar 30 2026 18:21:16 UTC
09-Oct-2026 10:58:26.237 INFO [main] org.apache.catalina.startup.VersionLoggerListener.log Server version number: 9.0.117.0
09-Oct-2026 10:58:26.239 INFO [main] org.apache.catalina.startup.VersionLoggerListener.log OS Name:               Linux
09-Oct-2026 10:58:26.240 INFO [main] org.apache.catalina.startup.VersionLoggerListener.log OS Version:            6.8.0-142-generic
09-Oct-2026 10:58:26.240 INFO [main] org.apache.catalina.startup.VersionLoggerListener.log Architecture:          amd64
09-Oct-2026 10:58:26.240 INFO [main] org.apache.catalina.startup.VersionLoggerListener.log Java Home:             /opt/java/openjdk
09-Oct-2026 10:58:26.240 INFO [main] org.apache.catalina.startup.VersionLoggerListener.log JVM Version:           11.0.31+11
09-Oct-2026 10:58:26.241 INFO [main] org.apache.catalina.startup.VersionLoggerListener.log JVM Vendor:            Eclipse Adoptium
09-Oct-2026 10:58:26.241 INFO [main] org.apache.catalina.startup.VersionLoggerListener.log CATALINA_BASE:         /usr/local/tomcat
09-Oct-2026 10:58:26.241 INFO [main] org.apache.catalina.startup.VersionLoggerListener.log CATALINA_HOME:         /usr/local/tomcat
09-Oct-2026 10:58:26.265 INFO [main] org.apache.catalina.startup.VersionLoggerListener.log Command line argument: --add-opens=java.base/java.lang=ALL-UNNAMED
09-Oct-2026 10:58:26.268 INFO [main] org.apache.catalina.startup.VersionLoggerListener.log Command line argument: --add-opens=java.base/java.lang.invoke=ALL-UNNAMED
09-Oct-2026 10:58:26.268 INFO [main] org.apache.catalina.startup.VersionLoggerListener.log Command line argument: --add-opens=java.base/java.lang.reflect=ALL-UNNAMED
09-Oct-2026 10:58:26.268 INFO [main] org.apache.catalina.startup.VersionLoggerListener.log Command line argument: --add-opens=java.base/java.io=ALL-UNNAMED
09-Oct-2026 10:58:26.269 INFO [main] org.apache.catalina.startup.VersionLoggerListener.log Command line argument: --add-opens=java.base/java.util=ALL-UNNAMED
09-Oct-2026 10:58:26.269 INFO [main] org.apache.catalina.startup.VersionLoggerListener.log Command line argument: --add-opens=java.base/java.util.concurrent=ALL-UNNAMED
09-Oct-2026 10:58:26.270 INFO [main] org.apache.catalina.startup.VersionLoggerListener.log Command line argument: --add-opens=java.rmi/sun.rmi.transport=ALL-UNNAMED
09-Oct-2026 10:58:26.271 INFO [main] org.apache.catalina.startup.VersionLoggerListener.log Command line argument: -Djava.util.logging.config.file=/usr/local/tomcat/conf/logging.properties
09-Oct-2026 10:58:26.271 INFO [main] org.apache.catalina.startup.VersionLoggerListener.log Command line argument: -Djava.util.logging.manager=org.apache.juli.ClassLoaderLogManager
09-Oct-2026 10:58:26.271 INFO [main] org.apache.catalina.startup.VersionLoggerListener.log Command line argument: -Djdk.tls.ephemeralDHKeySize=2048
09-Oct-2026 10:58:26.271 INFO [main] org.apache.catalina.startup.VersionLoggerListener.log Command line argument: -Djava.protocol.handler.pkgs=org.apache.catalina.webresources
09-Oct-2026 10:58:26.272 INFO [main] org.apache.catalina.startup.VersionLoggerListener.log Command line argument: -Dsun.io.useCanonCaches=false
09-Oct-2026 10:58:26.273 INFO [main] org.apache.catalina.startup.VersionLoggerListener.log Command line argument: -Dorg.apache.catalina.security.SecurityListener.UMASK=0022
09-Oct-2026 10:58:26.273 INFO [main] org.apache.catalina.startup.VersionLoggerListener.log Command line argument: -Dignore.endorsed.dirs=
09-Oct-2026 10:58:26.275 INFO [main] org.apache.catalina.startup.VersionLoggerListener.log Command line argument: -Dcatalina.base=/usr/local/tomcat
09-Oct-2026 10:58:26.275 INFO [main] org.apache.catalina.startup.VersionLoggerListener.log Command line argument: -Dcatalina.home=/usr/local/tomcat
09-Oct-2026 10:58:26.275 INFO [main] org.apache.catalina.startup.VersionLoggerListener.log Command line argument: -Djava.io.tmpdir=/usr/local/tomcat/temp
09-Oct-2026 10:58:26.282 INFO [main] org.apache.catalina.core.AprLifecycleListener.lifecycleEvent Loaded Apache Tomcat Native library [1.3.7] using APR version [1.7.0].
09-Oct-2026 10:58:26.285 INFO [main] org.apache.catalina.core.AprLifecycleListener.lifecycleEvent APR capabilities: IPv6 [true], sendfile [true], accept filters [false], random [true], UDS [true].
09-Oct-2026 10:58:26.285 INFO [main] org.apache.catalina.core.AprLifecycleListener.lifecycleEvent APR/OpenSSL configuration: useAprConnector [false], useOpenSSL [true]
09-Oct-2026 10:58:26.290 INFO [main] org.apache.catalina.core.AprLifecycleListener.initializeSSL OpenSSL successfully initialized [OpenSSL 3.0.2 15 Mar 2022]
09-Oct-2026 10:58:27.319 INFO [main] org.apache.coyote.AbstractProtocol.init Initializing ProtocolHandler ["http-nio-8080"]
09-Oct-2026 10:58:27.441 INFO [main] org.apache.catalina.startup.Catalina.load Server initialization in [1702] milliseconds
09-Oct-2026 10:58:27.753 INFO [main] org.apache.catalina.core.StandardService.startInternal Starting service [Catalina]
09-Oct-2026 10:58:27.755 INFO [main] org.apache.catalina.core.StandardEngine.startInternal Starting Servlet engine: [Apache Tomcat/9.0.117]
09-Oct-2026 10:58:27.779 INFO [main] org.apache.catalina.startup.HostConfig.deployDescriptor Deploying deployment descriptor [/usr/local/tomcat/conf/Catalina/localhost/ROOT.xml]
09-Oct-2026 10:58:37.582 INFO [main] org.apache.jasper.servlet.TldScanner.scanJars At least one JAR was scanned for TLDs yet contained no TLDs. Enable debug logging for this logger for a complete list of JARs that were scanned but no TLDs were found in them. Skipping unneeded JARs during scanning can improve startup time and JSP compilation time.
09-Oct-2026 10:58:56.243 INFO [main] nonapi.io.github.classgraph.classloaderhandler.lifecycle.ServletLifeCycleListener.contextInitialized Servlet context initialized
09-Oct-2026 10:58:57.884 SEVERE [main] org.apache.catalina.core.StandardContext.startInternal One or more Filters failed to start. Full details will be found in the appropriate container log file
09-Oct-2026 10:58:57.889 SEVERE [main] org.apache.catalina.core.StandardContext.startInternal Context [] startup failed due to previous errors
09-Oct-2026 10:58:57.898 INFO [main] nonapi.io.github.classgraph.classloaderhandler.lifecycle.ServletLifeCycleListener.contextDestroyed Servlet context destroyed -- closing any remaning open ClassGraph ScanResult instances
09-Oct-2026 10:58:57.918 WARNING [main] org.apache.catalina.loader.WebappClassLoaderBase.clearReferencesJdbc The web application [ROOT] registered the JDBC driver [org.postgresql.Driver] but failed to unregister it when the web application was stopped. To prevent a memory leak, the JDBC Driver has been forcibly unregistered.
09-Oct-2026 10:58:57.925 WARNING [main] org.apache.catalina.loader.WebappClassLoaderBase.clearReferencesThreads The web application [ROOT] appears to have started a thread named [pool-2-thread-1] but has failed to stop it. This is very likely to create a memory leak. Stack trace of thread:
 java.base@11.0.31/jdk.internal.misc.Unsafe.park(Native Method)
 java.base@11.0.31/java.util.concurrent.locks.LockSupport.parkNanos(LockSupport.java:234)
 java.base@11.0.31/java.util.concurrent.locks.AbstractQueuedSynchronizer$ConditionObject.awaitNanos(AbstractQueuedSynchronizer.java:2123)
 java.base@11.0.31/java.util.concurrent.ScheduledThreadPoolExecutor$DelayedWorkQueue.take(ScheduledThreadPoolExecutor.java:1182)
 java.base@11.0.31/java.util.concurrent.ScheduledThreadPoolExecutor$DelayedWorkQueue.take(ScheduledThreadPoolExecutor.java:899)
 java.base@11.0.31/java.util.concurrent.ThreadPoolExecutor.getTask(ThreadPoolExecutor.java:1054)
 java.base@11.0.31/java.util.concurrent.ThreadPoolExecutor.runWorker(ThreadPoolExecutor.java:1114)
 java.base@11.0.31/java.util.concurrent.ThreadPoolExecutor$Worker.run(ThreadPoolExecutor.java:628)
 java.base@11.0.31/java.lang.Thread.run(Thread.java:829)
09-Oct-2026 10:58:57.929 WARNING [main] org.apache.catalina.loader.WebappClassLoaderBase.clearReferencesThreads The web application [ROOT] appears to have started a thread named [pool-4-thread-1] but has failed to stop it. This is very likely to create a memory leak. Stack trace of thread:
 java.base@11.0.31/jdk.internal.misc.Unsafe.park(Native Method)
 java.base@11.0.31/java.util.concurrent.locks.LockSupport.parkNanos(LockSupport.java:234)
 java.base@11.0.31/java.util.concurrent.locks.AbstractQueuedSynchronizer$ConditionObject.awaitNanos(AbstractQueuedSynchronizer.java:2123)
 java.base@11.0.31/java.util.concurrent.ScheduledThreadPoolExecutor$DelayedWorkQueue.take(ScheduledThreadPoolExecutor.java:1182)
 java.base@11.0.31/java.util.concurrent.ScheduledThreadPoolExecutor$DelayedWorkQueue.take(ScheduledThreadPoolExecutor.java:899)
 java.base@11.0.31/java.util.concurrent.ThreadPoolExecutor.getTask(ThreadPoolExecutor.java:1054)
 java.base@11.0.31/java.util.concurrent.ThreadPoolExecutor.runWorker(ThreadPoolExecutor.java:1114)
 java.base@11.0.31/java.util.concurrent.ThreadPoolExecutor$Worker.run(ThreadPoolExecutor.java:628)
 java.base@11.0.31/java.lang.Thread.run(Thread.java:829)
09-Oct-2026 10:58:57.929 WARNING [main] org.apache.catalina.loader.WebappClassLoaderBase.clearReferencesThreads The web application [ROOT] appears to have started a thread named [ActiveMQ Broker[localhost] Scheduler] but has failed to stop it. This is very likely to create a memory leak. Stack trace of thread:
 java.base@11.0.31/java.lang.Object.wait(Native Method)
 java.base@11.0.31/java.lang.Object.wait(Object.java:328)
 java.base@11.0.31/java.util.TimerThread.mainLoop(Timer.java:527)
 java.base@11.0.31/java.util.TimerThread.run(Timer.java:506)
09-Oct-2026 10:58:57.934 WARNING [main] org.apache.catalina.loader.WebappClassLoaderBase.clearReferencesThreads The web application [ROOT] appears to have started a thread named [ActiveMQ Transport Server Thread Handler: mqtt://0.0.0.0:31000] but has failed to stop it. This is very likely to create a memory leak. Stack trace of thread:
 java.base@11.0.31/jdk.internal.misc.Unsafe.park(Native Method)
 java.base@11.0.31/java.util.concurrent.locks.LockSupport.parkNanos(LockSupport.java:234)
 java.base@11.0.31/java.util.concurrent.locks.AbstractQueuedSynchronizer$ConditionObject.awaitNanos(AbstractQueuedSynchronizer.java:2123)
 java.base@11.0.31/java.util.concurrent.LinkedBlockingQueue.poll(LinkedBlockingQueue.java:458)
 org.apache.activemq.transport.tcp.TcpTransportServer$1.run(TcpTransportServer.java:496)
 java.base@11.0.31/java.lang.Thread.run(Thread.java:829)
09-Oct-2026 10:58:57.936 WARNING [main] org.apache.catalina.loader.WebappClassLoaderBase.clearReferencesThreads The web application [ROOT] appears to have started a thread named [ActiveMQ Transport Server: mqtt://0.0.0.0:31000] but has failed to stop it. This is very likely to create a memory leak. Stack trace of thread:
 java.base@11.0.31/java.net.PlainSocketImpl.socketAccept(Native Method)
 java.base@11.0.31/java.net.AbstractPlainSocketImpl.accept(AbstractPlainSocketImpl.java:474)
 java.base@11.0.31/java.net.ServerSocket.implAccept(ServerSocket.java:565)
 java.base@11.0.31/java.net.ServerSocket.accept(ServerSocket.java:533)
 org.apache.activemq.transport.tcp.TcpTransportServer.doRunWithServerSocket(TcpTransportServer.java:420)
 org.apache.activemq.transport.tcp.TcpTransportServer.run(TcpTransportServer.java:342)
 java.base@11.0.31/java.lang.Thread.run(Thread.java:829)
09-Oct-2026 10:58:57.936 WARNING [main] org.apache.catalina.loader.WebappClassLoaderBase.clearReferencesThreads The web application [ROOT] appears to have started a thread named [MQTT Rec: HMDMServer] but has failed to stop it. This is very likely to create a memory leak. Stack trace of thread:
 java.base@11.0.31/java.net.SocketInputStream.socketRead0(Native Method)
 java.base@11.0.31/java.net.SocketInputStream.socketRead(SocketInputStream.java:115)
 java.base@11.0.31/java.net.SocketInputStream.read(SocketInputStream.java:168)
 java.base@11.0.31/java.net.SocketInputStream.read(SocketInputStream.java:140)
 java.base@11.0.31/java.net.SocketInputStream.read(SocketInputStream.java:200)
 java.base@11.0.31/java.io.DataInputStream.readByte(DataInputStream.java:270)
 org.eclipse.paho.client.mqttv3.internal.wire.MqttInputStream.readMqttWireMessage(MqttInputStream.java:92)
 org.eclipse.paho.client.mqttv3.internal.CommsReceiver.run(CommsReceiver.java:137)
 java.base@11.0.31/java.lang.Thread.run(Thread.java:829)
09-Oct-2026 10:58:57.941 WARNING [main] org.apache.catalina.loader.WebappClassLoaderBase.clearReferencesThreads The web application [ROOT] appears to have started a thread named [MQTT Snd: HMDMServer] but has failed to stop it. This is very likely to create a memory leak. Stack trace of thread:
 java.base@11.0.31/java.lang.Object.wait(Native Method)
 java.base@11.0.31/java.lang.Object.wait(Object.java:328)
 org.eclipse.paho.client.mqttv3.internal.ClientState.get(ClientState.java:825)
 org.eclipse.paho.client.mqttv3.internal.CommsSender.run(CommsSender.java:129)
 java.base@11.0.31/java.lang.Thread.run(Thread.java:829)
09-Oct-2026 10:58:57.943 WARNING [main] org.apache.catalina.loader.WebappClassLoaderBase.clearReferencesThreads The web application [ROOT] appears to have started a thread named [ActiveMQ BrokerService[localhost] Task-1] but has failed to stop it. This is very likely to create a memory leak. Stack trace of thread:
 java.base@11.0.31/jdk.internal.misc.Unsafe.park(Native Method)
 java.base@11.0.31/java.util.concurrent.locks.LockSupport.parkNanos(LockSupport.java:234)
 java.base@11.0.31/java.util.concurrent.SynchronousQueue$TransferStack.awaitFulfill(SynchronousQueue.java:462)
 java.base@11.0.31/java.util.concurrent.SynchronousQueue$TransferStack.transfer(SynchronousQueue.java:361)
 java.base@11.0.31/java.util.concurrent.SynchronousQueue.poll(SynchronousQueue.java:937)
 java.base@11.0.31/java.util.concurrent.ThreadPoolExecutor.getTask(ThreadPoolExecutor.java:1053)
 java.base@11.0.31/java.util.concurrent.ThreadPoolExecutor.runWorker(ThreadPoolExecutor.java:1114)
 java.base@11.0.31/java.util.concurrent.ThreadPoolExecutor$Worker.run(ThreadPoolExecutor.java:628)
 java.base@11.0.31/java.lang.Thread.run(Thread.java:829)
09-Oct-2026 10:58:57.945 WARNING [main] org.apache.catalina.loader.WebappClassLoaderBase.clearReferencesThreads The web application [ROOT] appears to have started a thread named [MQTT Call: HMDMServer] but has failed to stop it. This is very likely to create a memory leak. Stack trace of thread:
 java.base@11.0.31/java.lang.Object.wait(Native Method)
 java.base@11.0.31/java.lang.Object.wait(Object.java:328)
 org.eclipse.paho.client.mqttv3.internal.CommsCallback.run(CommsCallback.java:181)
 java.base@11.0.31/java.lang.Thread.run(Thread.java:829)
09-Oct-2026 10:58:57.945 WARNING [main] org.apache.catalina.loader.WebappClassLoaderBase.clearReferencesThreads The web application [ROOT] appears to have started a thread named [ActiveMQ Transport: tcp:///172.18.0.4:50994@31000] but has failed to stop it. This is very likely to create a memory leak. Stack trace of thread:
 java.base@11.0.31/java.net.SocketInputStream.socketRead0(Native Method)
 java.base@11.0.31/java.net.SocketInputStream.socketRead(SocketInputStream.java:115)
 java.base@11.0.31/java.net.SocketInputStream.read(SocketInputStream.java:168)
 java.base@11.0.31/java.net.SocketInputStream.read(SocketInputStream.java:140)
 org.apache.activemq.transport.tcp.TcpBufferedInputStream.fill(TcpBufferedInputStream.java:50)
 org.apache.activemq.transport.tcp.TcpTransport$2.fill(TcpTransport.java:634)
 org.apache.activemq.transport.tcp.TcpBufferedInputStream.read(TcpBufferedInputStream.java:59)
 org.apache.activemq.transport.tcp.TcpTransport$2.read(TcpTransport.java:619)
 java.base@11.0.31/java.io.DataInputStream.readByte(DataInputStream.java:270)
 org.apache.activemq.transport.mqtt.MQTTWireFormat.unmarshal(MQTTWireFormat.java:86)
 org.apache.activemq.transport.tcp.TcpTransport.readCommand(TcpTransport.java:240)
 org.apache.activemq.transport.tcp.TcpTransport.doRun(TcpTransport.java:232)
 org.apache.activemq.transport.tcp.TcpTransport.run(TcpTransport.java:215)
 java.base@11.0.31/java.lang.Thread.run(Thread.java:829)
09-Oct-2026 10:58:57.945 WARNING [main] org.apache.catalina.loader.WebappClassLoaderBase.clearReferencesThreads The web application [ROOT] appears to have started a thread named [ActiveMQ BrokerService[localhost] Task-2] but has failed to stop it. This is very likely to create a memory leak. Stack trace of thread:
 java.base@11.0.31/jdk.internal.misc.Unsafe.park(Native Method)
 java.base@11.0.31/java.util.concurrent.locks.LockSupport.parkNanos(LockSupport.java:234)
 java.base@11.0.31/java.util.concurrent.SynchronousQueue$TransferStack.awaitFulfill(SynchronousQueue.java:462)
 java.base@11.0.31/java.util.concurrent.SynchronousQueue$TransferStack.transfer(SynchronousQueue.java:361)
 java.base@11.0.31/java.util.concurrent.SynchronousQueue.poll(SynchronousQueue.java:937)
 java.base@11.0.31/java.util.concurrent.ThreadPoolExecutor.getTask(ThreadPoolExecutor.java:1053)
 java.base@11.0.31/java.util.concurrent.ThreadPoolExecutor.runWorker(ThreadPoolExecutor.java:1114)
 java.base@11.0.31/java.util.concurrent.ThreadPoolExecutor$Worker.run(ThreadPoolExecutor.java:628)
 java.base@11.0.31/java.lang.Thread.run(Thread.java:829)
09-Oct-2026 10:58:57.946 WARNING [main] org.apache.catalina.loader.WebappClassLoaderBase.clearReferencesThreads The web application [ROOT] appears to have started a thread named [InactivityMonitor ReadCheck] but has failed to stop it. This is very likely to create a memory leak. Stack trace of thread:
 java.base@11.0.31/java.lang.Object.wait(Native Method)
 java.base@11.0.31/java.util.TimerThread.mainLoop(Timer.java:553)
 java.base@11.0.31/java.util.TimerThread.run(Timer.java:506)
09-Oct-2026 10:58:57.947 WARNING [main] org.apache.catalina.loader.WebappClassLoaderBase.clearReferencesThreads The web application [ROOT] appears to have started a thread named [MQTT Ping: HMDMServer] but has failed to stop it. This is very likely to create a memory leak. Stack trace of thread:
 java.base@11.0.31/java.lang.Object.wait(Native Method)
 java.base@11.0.31/java.util.TimerThread.mainLoop(Timer.java:553)
 java.base@11.0.31/java.util.TimerThread.run(Timer.java:506)
09-Oct-2026 10:58:57.947 WARNING [main] org.apache.catalina.loader.WebappClassLoaderBase.clearReferencesThreads The web application [ROOT] appears to have started a thread named [pool-2-thread-2] but has failed to stop it. This is very likely to create a memory leak. Stack trace of thread:
 java.base@11.0.31/jdk.internal.misc.Unsafe.park(Native Method)
 java.base@11.0.31/java.util.concurrent.locks.LockSupport.park(LockSupport.java:194)
 java.base@11.0.31/java.util.concurrent.locks.AbstractQueuedSynchronizer$ConditionObject.await(AbstractQueuedSynchronizer.java:2081)
 java.base@11.0.31/java.util.concurrent.ScheduledThreadPoolExecutor$DelayedWorkQueue.take(ScheduledThreadPoolExecutor.java:1177)
 java.base@11.0.31/java.util.concurrent.ScheduledThreadPoolExecutor$DelayedWorkQueue.take(ScheduledThreadPoolExecutor.java:899)
 java.base@11.0.31/java.util.concurrent.ThreadPoolExecutor.getTask(ThreadPoolExecutor.java:1054)
 java.base@11.0.31/java.util.concurrent.ThreadPoolExecutor.runWorker(ThreadPoolExecutor.java:1114)
 java.base@11.0.31/java.util.concurrent.ThreadPoolExecutor$Worker.run(ThreadPoolExecutor.java:628)
 java.base@11.0.31/java.lang.Thread.run(Thread.java:829)
09-Oct-2026 10:58:57.949 WARNING [main] org.apache.catalina.loader.WebappClassLoaderBase.clearReferencesThreads The web application [ROOT] appears to have started a thread named [pool-5-thread-1] but has failed to stop it. This is very likely to create a memory leak. Stack trace of thread:
 java.base@11.0.31/jdk.internal.misc.Unsafe.park(Native Method)
 java.base@11.0.31/java.util.concurrent.locks.LockSupport.park(LockSupport.java:194)
 java.base@11.0.31/java.util.concurrent.locks.AbstractQueuedSynchronizer$ConditionObject.await(AbstractQueuedSynchronizer.java:2081)
 java.base@11.0.31/java.util.concurrent.LinkedBlockingQueue.take(LinkedBlockingQueue.java:433)
 java.base@11.0.31/java.util.concurrent.ThreadPoolExecutor.getTask(ThreadPoolExecutor.java:1054)
 java.base@11.0.31/java.util.concurrent.ThreadPoolExecutor.runWorker(ThreadPoolExecutor.java:1114)
 java.base@11.0.31/java.util.concurrent.ThreadPoolExecutor$Worker.run(ThreadPoolExecutor.java:628)
 java.base@11.0.31/java.lang.Thread.run(Thread.java:829)
09-Oct-2026 10:58:57.950 WARNING [main] org.apache.catalina.loader.WebappClassLoaderBase.clearReferencesThreads The web application [ROOT] appears to have started a thread named [pool-1-thread-1] but has failed to stop it. This is very likely to create a memory leak. Stack trace of thread:
 java.base@11.0.31/jdk.internal.misc.Unsafe.park(Native Method)
 java.base@11.0.31/java.util.concurrent.locks.LockSupport.park(LockSupport.java:194)
 java.base@11.0.31/java.util.concurrent.locks.AbstractQueuedSynchronizer$ConditionObject.await(AbstractQueuedSynchronizer.java:2081)
 java.base@11.0.31/java.util.concurrent.LinkedBlockingQueue.take(LinkedBlockingQueue.java:433)
 java.base@11.0.31/java.util.concurrent.ThreadPoolExecutor.getTask(ThreadPoolExecutor.java:1054)
 java.base@11.0.31/java.util.concurrent.ThreadPoolExecutor.runWorker(ThreadPoolExecutor.java:1114)
 java.base@11.0.31/java.util.concurrent.ThreadPoolExecutor$Worker.run(ThreadPoolExecutor.java:628)
 java.base@11.0.31/java.lang.Thread.run(Thread.java:829)
09-Oct-2026 10:58:57.950 WARNING [main] org.apache.catalina.loader.WebappClassLoaderBase.clearReferencesThreads The web application [ROOT] appears to have started a thread named [pool-1-thread-2] but has failed to stop it. This is very likely to create a memory leak. Stack trace of thread:
 java.base@11.0.31/jdk.internal.misc.Unsafe.park(Native Method)
 java.base@11.0.31/java.util.concurrent.locks.LockSupport.park(LockSupport.java:194)
 java.base@11.0.31/java.util.concurrent.locks.AbstractQueuedSynchronizer$ConditionObject.await(AbstractQueuedSynchronizer.java:2081)
 java.base@11.0.31/java.util.concurrent.LinkedBlockingQueue.take(LinkedBlockingQueue.java:433)
 java.base@11.0.31/java.util.concurrent.ThreadPoolExecutor.getTask(ThreadPoolExecutor.java:1054)
 java.base@11.0.31/java.util.concurrent.ThreadPoolExecutor.runWorker(ThreadPoolExecutor.java:1114)
 java.base@11.0.31/java.util.concurrent.ThreadPoolExecutor$Worker.run(ThreadPoolExecutor.java:628)
 java.base@11.0.31/java.lang.Thread.run(Thread.java:829)
09-Oct-2026 10:58:57.950 WARNING [main] org.apache.catalina.loader.WebappClassLoaderBase.clearReferencesThreads The web application [ROOT] appears to have started a thread named [pool-1-thread-3] but has failed to stop it. This is very likely to create a memory leak. Stack trace of thread:
 java.base@11.0.31/jdk.internal.misc.Unsafe.park(Native Method)
 java.base@11.0.31/java.util.concurrent.locks.LockSupport.park(LockSupport.java:194)
 java.base@11.0.31/java.util.concurrent.locks.AbstractQueuedSynchronizer$ConditionObject.await(AbstractQueuedSynchronizer.java:2081)
 java.base@11.0.31/java.util.concurrent.LinkedBlockingQueue.take(LinkedBlockingQueue.java:433)
 java.base@11.0.31/java.util.concurrent.ThreadPoolExecutor.getTask(ThreadPoolExecutor.java:1054)
 java.base@11.0.31/java.util.concurrent.ThreadPoolExecutor.runWorker(ThreadPoolExecutor.java:1114)
 java.base@11.0.31/java.util.concurrent.ThreadPoolExecutor$Worker.run(ThreadPoolExecutor.java:628)
 java.base@11.0.31/java.lang.Thread.run(Thread.java:829)
09-Oct-2026 10:58:57.951 WARNING [main] org.apache.catalina.loader.WebappClassLoaderBase.clearReferencesThreads The web application [ROOT] appears to have started a thread named [pool-1-thread-4] but has failed to stop it. This is very likely to create a memory leak. Stack trace of thread:
 java.base@11.0.31/jdk.internal.misc.Unsafe.park(Native Method)
 java.base@11.0.31/java.util.concurrent.locks.LockSupport.park(LockSupport.java:194)
 java.base@11.0.31/java.util.concurrent.locks.AbstractQueuedSynchronizer$ConditionObject.await(AbstractQueuedSynchronizer.java:2081)
 java.base@11.0.31/java.util.concurrent.LinkedBlockingQueue.take(LinkedBlockingQueue.java:433)
 java.base@11.0.31/java.util.concurrent.ThreadPoolExecutor.getTask(ThreadPoolExecutor.java:1054)
 java.base@11.0.31/java.util.concurrent.ThreadPoolExecutor.runWorker(ThreadPoolExecutor.java:1114)
 java.base@11.0.31/java.util.concurrent.ThreadPoolExecutor$Worker.run(ThreadPoolExecutor.java:628)
 java.base@11.0.31/java.lang.Thread.run(Thread.java:829)
09-Oct-2026 10:58:57.951 WARNING [main] org.apache.catalina.loader.WebappClassLoaderBase.clearReferencesThreads The web application [ROOT] appears to have started a thread named [pool-1-thread-5] but has failed to stop it. This is very likely to create a memory leak. Stack trace of thread:
 java.base@11.0.31/jdk.internal.misc.Unsafe.park(Native Method)
 java.base@11.0.31/java.util.concurrent.locks.LockSupport.park(LockSupport.java:194)
 java.base@11.0.31/java.util.concurrent.locks.AbstractQueuedSynchronizer$ConditionObject.await(AbstractQueuedSynchronizer.java:2081)
 java.base@11.0.31/java.util.concurrent.LinkedBlockingQueue.take(LinkedBlockingQueue.java:433)
 java.base@11.0.31/java.util.concurrent.ThreadPoolExecutor.getTask(ThreadPoolExecutor.java:1054)
 java.base@11.0.31/java.util.concurrent.ThreadPoolExecutor.runWorker(ThreadPoolExecutor.java:1114)
 java.base@11.0.31/java.util.concurrent.ThreadPoolExecutor$Worker.run(ThreadPoolExecutor.java:628)
 java.base@11.0.31/java.lang.Thread.run(Thread.java:829)
09-Oct-2026 10:58:57.979 INFO [main] org.apache.catalina.startup.HostConfig.deployDescriptor Deployment of deployment descriptor [/usr/local/tomcat/conf/Catalina/localhost/ROOT.xml] has finished in [30,195] ms
09-Oct-2026 10:58:57.993 INFO [main] org.apache.coyote.AbstractProtocol.start Starting ProtocolHandler ["http-nio-8080"]
09-Oct-2026 10:58:58.041 INFO [main] org.apache.catalina.startup.Catalina.start Server startup in [30598] milliseconds
09-Oct-2026 10:59:01.121 INFO [pool-2-thread-1] org.apache.catalina.loader.WebappClassLoaderBase.checkStateForResourceLoading Illegal access: this web application instance has been stopped already. Could not load [com.fasterxml.jackson.annotation.JsonFilter]. The following stack trace is thrown for debugging purposes as well as to attempt to terminate the thread which caused the illegal access.
	java.lang.IllegalStateException: Illegal access: this web application instance has been stopped already. Could not load [com.fasterxml.jackson.annotation.JsonFilter]. The following stack trace is thrown for debugging purposes as well as to attempt to terminate the thread which caused the illegal access.
		at org.apache.catalina.loader.WebappClassLoaderBase.checkStateForResourceLoading(WebappClassLoaderBase.java:1370)
		at org.apache.catalina.loader.WebappClassLoaderBase.checkStateForClassLoading(WebappClassLoaderBase.java:1359)
		at org.apache.catalina.loader.WebappClassLoaderBase.loadClass(WebappClassLoaderBase.java:1193)
		at org.apache.catalina.loader.WebappClassLoaderBase.loadClass(WebappClassLoaderBase.java:1160)
		at com.fasterxml.jackson.databind.introspect.JacksonAnnotationIntrospector.findFilterId(JacksonAnnotationIntrospector.java:289)
		at com.fasterxml.jackson.databind.ser.BasicSerializerFactory.findFilterId(BasicSerializerFactory.java:1211)
		at com.fasterxml.jackson.databind.ser.BasicSerializerFactory.buildMapSerializer(BasicSerializerFactory.java:769)
		at com.fasterxml.jackson.databind.ser.BasicSerializerFactory.buildContainerSerializer(BasicSerializerFactory.java:568)
		at com.fasterxml.jackson.databind.ser.BeanSerializerFactory._createSerializer2(BeanSerializerFactory.java:196)
		at com.fasterxml.jackson.databind.ser.BeanSerializerFactory.createSerializer(BeanSerializerFactory.java:165)
		at com.fasterxml.jackson.databind.SerializerProvider._createUntypedSerializer(SerializerProvider.java:1388)
		at com.fasterxml.jackson.databind.SerializerProvider._createAndCacheUntypedSerializer(SerializerProvider.java:1336)
		at com.fasterxml.jackson.databind.SerializerProvider.findValueSerializer(SerializerProvider.java:510)
		at com.fasterxml.jackson.databind.SerializerProvider.findTypedValueSerializer(SerializerProvider.java:713)
		at com.fasterxml.jackson.databind.ser.DefaultSerializerProvider.serializeValue(DefaultSerializerProvider.java:308)
		at com.fasterxml.jackson.databind.ObjectMapper._configAndWriteValue(ObjectMapper.java:4094)
		at com.fasterxml.jackson.databind.ObjectMapper.writeValue(ObjectMapper.java:3342)
		at com.hmdm.plugins.webfilter.resolver.DnsEventImporter.run(DnsEventImporter.java:60)
		at java.base/java.util.concurrent.Executors$RunnableAdapter.call(Executors.java:515)
		at java.base/java.util.concurrent.FutureTask.runAndReset(FutureTask.java:305)
		at java.base/java.util.concurrent.ScheduledThreadPoolExecutor$ScheduledFutureTask.run(ScheduledThreadPoolExecutor.java:305)
		at java.base/java.util.concurrent.ThreadPoolExecutor.runWorker(ThreadPoolExecutor.java:1128)
		at java.base/java.util.concurrent.ThreadPoolExecutor$Worker.run(ThreadPoolExecutor.java:628)
		at java.base/java.lang.Thread.run(Thread.java:829)
09-Oct-2026 10:59:48.298 INFO [main] org.apache.catalina.startup.VersionLoggerListener.log Server version name:   Apache Tomcat/9.0.117
09-Oct-2026 10:59:48.307 INFO [main] org.apache.catalina.startup.VersionLoggerListener.log Server built:          Mar 30 2026 18:21:16 UTC
09-Oct-2026 10:59:48.307 INFO [main] org.apache.catalina.startup.VersionLoggerListener.log Server version number: 9.0.117.0
09-Oct-2026 10:59:48.307 INFO [main] org.apache.catalina.startup.VersionLoggerListener.log OS Name:               Linux
09-Oct-2026 10:59:48.310 INFO [main] org.apache.catalina.startup.VersionLoggerListener.log OS Version:            6.8.0-142-generic
09-Oct-2026 10:59:48.310 INFO [main] org.apache.catalina.startup.VersionLoggerListener.log Architecture:          amd64
09-Oct-2026 10:59:48.311 INFO [main] org.apache.catalina.startup.VersionLoggerListener.log Java Home:             /opt/java/openjdk
09-Oct-2026 10:59:48.311 INFO [main] org.apache.catalina.startup.VersionLoggerListener.log JVM Version:           11.0.31+11
09-Oct-2026 10:59:48.311 INFO [main] org.apache.catalina.startup.VersionLoggerListener.log JVM Vendor:            Eclipse Adoptium
09-Oct-2026 10:59:48.311 INFO [main] org.apache.catalina.startup.VersionLoggerListener.log CATALINA_BASE:         /usr/local/tomcat
09-Oct-2026 10:59:48.311 INFO [main] org.apache.catalina.startup.VersionLoggerListener.log CATALINA_HOME:         /usr/local/tomcat
09-Oct-2026 10:59:48.343 INFO [main] org.apache.catalina.startup.VersionLoggerListener.log Command line argument: --add-opens=java.base/java.lang=ALL-UNNAMED
09-Oct-2026 10:59:48.347 INFO [main] org.apache.catalina.startup.VersionLoggerListener.log Command line argument: --add-opens=java.base/java.lang.invoke=ALL-UNNAMED
09-Oct-2026 10:59:48.347 INFO [main] org.apache.catalina.startup.VersionLoggerListener.log Command line argument: --add-opens=java.base/java.lang.reflect=ALL-UNNAMED
09-Oct-2026 10:59:48.348 INFO [main] org.apache.catalina.startup.VersionLoggerListener.log Command line argument: --add-opens=java.base/java.io=ALL-UNNAMED
09-Oct-2026 10:59:48.348 INFO [main] org.apache.catalina.startup.VersionLoggerListener.log Command line argument: --add-opens=java.base/java.util=ALL-UNNAMED
09-Oct-2026 10:59:48.348 INFO [main] org.apache.catalina.startup.VersionLoggerListener.log Command line argument: --add-opens=java.base/java.util.concurrent=ALL-UNNAMED
09-Oct-2026 10:59:48.348 INFO [main] org.apache.catalina.startup.VersionLoggerListener.log Command line argument: --add-opens=java.rmi/sun.rmi.transport=ALL-UNNAMED
09-Oct-2026 10:59:48.348 INFO [main] org.apache.catalina.startup.VersionLoggerListener.log Command line argument: -Djava.util.logging.config.file=/usr/local/tomcat/conf/logging.properties
09-Oct-2026 10:59:48.348 INFO [main] org.apache.catalina.startup.VersionLoggerListener.log Command line argument: -Djava.util.logging.manager=org.apache.juli.ClassLoaderLogManager
09-Oct-2026 10:59:48.348 INFO [main] org.apache.catalina.startup.VersionLoggerListener.log Command line argument: -Djdk.tls.ephemeralDHKeySize=2048
09-Oct-2026 10:59:48.348 INFO [main] org.apache.catalina.startup.VersionLoggerListener.log Command line argument: -Djava.protocol.handler.pkgs=org.apache.catalina.webresources
09-Oct-2026 10:59:48.349 INFO [main] org.apache.catalina.startup.VersionLoggerListener.log Command line argument: -Dsun.io.useCanonCaches=false
09-Oct-2026 10:59:48.349 INFO [main] org.apache.catalina.startup.VersionLoggerListener.log Command line argument: -Dorg.apache.catalina.security.SecurityListener.UMASK=0022
09-Oct-2026 10:59:48.349 INFO [main] org.apache.catalina.startup.VersionLoggerListener.log Command line argument: -Dignore.endorsed.dirs=
09-Oct-2026 10:59:48.349 INFO [main] org.apache.catalina.startup.VersionLoggerListener.log Command line argument: -Dcatalina.base=/usr/local/tomcat
09-Oct-2026 10:59:48.349 INFO [main] org.apache.catalina.startup.VersionLoggerListener.log Command line argument: -Dcatalina.home=/usr/local/tomcat
09-Oct-2026 10:59:48.349 INFO [main] org.apache.catalina.startup.VersionLoggerListener.log Command line argument: -Djava.io.tmpdir=/usr/local/tomcat/temp
09-Oct-2026 10:59:48.360 INFO [main] org.apache.catalina.core.AprLifecycleListener.lifecycleEvent Loaded Apache Tomcat Native library [1.3.7] using APR version [1.7.0].
09-Oct-2026 10:59:48.361 INFO [main] org.apache.catalina.core.AprLifecycleListener.lifecycleEvent APR capabilities: IPv6 [true], sendfile [true], accept filters [false], random [true], UDS [true].
09-Oct-2026 10:59:48.361 INFO [main] org.apache.catalina.core.AprLifecycleListener.lifecycleEvent APR/OpenSSL configuration: useAprConnector [false], useOpenSSL [true]
09-Oct-2026 10:59:48.376 INFO [main] org.apache.catalina.core.AprLifecycleListener.initializeSSL OpenSSL successfully initialized [OpenSSL 3.0.2 15 Mar 2022]
09-Oct-2026 10:59:49.635 INFO [main] org.apache.coyote.AbstractProtocol.init Initializing ProtocolHandler ["http-nio-8080"]
09-Oct-2026 10:59:49.790 INFO [main] org.apache.catalina.startup.Catalina.load Server initialization in [2137] milliseconds
09-Oct-2026 10:59:50.092 INFO [main] org.apache.catalina.core.StandardService.startInternal Starting service [Catalina]
09-Oct-2026 10:59:50.096 INFO [main] org.apache.catalina.core.StandardEngine.startInternal Starting Servlet engine: [Apache Tomcat/9.0.117]
09-Oct-2026 10:59:50.120 INFO [main] org.apache.catalina.startup.HostConfig.deployDescriptor Deploying deployment descriptor [/usr/local/tomcat/conf/Catalina/localhost/ROOT.xml]
09-Oct-2026 10:59:57.664 INFO [main] org.apache.jasper.servlet.TldScanner.scanJars At least one JAR was scanned for TLDs yet contained no TLDs. Enable debug logging for this logger for a complete list of JARs that were scanned but no TLDs were found in them. Skipping unneeded JARs during scanning can improve startup time and JSP compilation time.
09-Oct-2026 11:00:11.333 INFO [main] nonapi.io.github.classgraph.classloaderhandler.lifecycle.ServletLifeCycleListener.contextInitialized Servlet context initialized
09-Oct-2026 11:00:12.539 SEVERE [main] org.apache.catalina.core.StandardContext.startInternal One or more Filters failed to start. Full details will be found in the appropriate container log file
09-Oct-2026 11:00:12.540 SEVERE [main] org.apache.catalina.core.StandardContext.startInternal Context [] startup failed due to previous errors
09-Oct-2026 11:00:12.546 INFO [main] nonapi.io.github.classgraph.classloaderhandler.lifecycle.ServletLifeCycleListener.contextDestroyed Servlet context destroyed -- closing any remaning open ClassGraph ScanResult instances
09-Oct-2026 11:00:12.556 WARNING [main] org.apache.catalina.loader.WebappClassLoaderBase.clearReferencesJdbc The web application [ROOT] registered the JDBC driver [org.postgresql.Driver] but failed to unregister it when the web application was stopped. To prevent a memory leak, the JDBC Driver has been forcibly unregistered.
09-Oct-2026 11:00:12.559 WARNING [main] org.apache.catalina.loader.WebappClassLoaderBase.clearReferencesThreads The web application [ROOT] appears to have started a thread named [pool-2-thread-1] but has failed to stop it. This is very likely to create a memory leak. Stack trace of thread:
 java.base@11.0.31/jdk.internal.misc.Unsafe.park(Native Method)
 java.base@11.0.31/java.util.concurrent.locks.LockSupport.parkNanos(LockSupport.java:234)
 java.base@11.0.31/java.util.concurrent.locks.AbstractQueuedSynchronizer$ConditionObject.awaitNanos(AbstractQueuedSynchronizer.java:2123)
 java.base@11.0.31/java.util.concurrent.ScheduledThreadPoolExecutor$DelayedWorkQueue.take(ScheduledThreadPoolExecutor.java:1182)
 java.base@11.0.31/java.util.concurrent.ScheduledThreadPoolExecutor$DelayedWorkQueue.take(ScheduledThreadPoolExecutor.java:899)
 java.base@11.0.31/java.util.concurrent.ThreadPoolExecutor.getTask(ThreadPoolExecutor.java:1054)
 java.base@11.0.31/java.util.concurrent.ThreadPoolExecutor.runWorker(ThreadPoolExecutor.java:1114)
 java.base@11.0.31/java.util.concurrent.ThreadPoolExecutor$Worker.run(ThreadPoolExecutor.java:628)
 java.base@11.0.31/java.lang.Thread.run(Thread.java:829)
09-Oct-2026 11:00:12.563 WARNING [main] org.apache.catalina.loader.WebappClassLoaderBase.clearReferencesThreads The web application [ROOT] appears to have started a thread named [pool-4-thread-1] but has failed to stop it. This is very likely to create a memory leak. Stack trace of thread:
 java.base@11.0.31/jdk.internal.misc.Unsafe.park(Native Method)
 java.base@11.0.31/java.util.concurrent.locks.LockSupport.parkNanos(LockSupport.java:234)
 java.base@11.0.31/java.util.concurrent.locks.AbstractQueuedSynchronizer$ConditionObject.awaitNanos(AbstractQueuedSynchronizer.java:2123)
 java.base@11.0.31/java.util.concurrent.ScheduledThreadPoolExecutor$DelayedWorkQueue.take(ScheduledThreadPoolExecutor.java:1182)
 java.base@11.0.31/java.util.concurrent.ScheduledThreadPoolExecutor$DelayedWorkQueue.take(ScheduledThreadPoolExecutor.java:899)
 java.base@11.0.31/java.util.concurrent.ThreadPoolExecutor.getTask(ThreadPoolExecutor.java:1054)
 java.base@11.0.31/java.util.concurrent.ThreadPoolExecutor.runWorker(ThreadPoolExecutor.java:1114)
 java.base@11.0.31/java.util.concurrent.ThreadPoolExecutor$Worker.run(ThreadPoolExecutor.java:628)
 java.base@11.0.31/java.lang.Thread.run(Thread.java:829)
09-Oct-2026 11:00:12.568 WARNING [main] org.apache.catalina.loader.WebappClassLoaderBase.clearReferencesThreads The web application [ROOT] appears to have started a thread named [ActiveMQ Broker[localhost] Scheduler] but has failed to stop it. This is very likely to create a memory leak. Stack trace of thread:
 java.base@11.0.31/java.lang.Object.wait(Native Method)
 java.base@11.0.31/java.lang.Object.wait(Object.java:328)
 java.base@11.0.31/java.util.TimerThread.mainLoop(Timer.java:527)
 java.base@11.0.31/java.util.TimerThread.run(Timer.java:506)
09-Oct-2026 11:00:12.571 WARNING [main] org.apache.catalina.loader.WebappClassLoaderBase.clearReferencesThreads The web application [ROOT] appears to have started a thread named [ActiveMQ Transport Server Thread Handler: mqtt://0.0.0.0:31000] but has failed to stop it. This is very likely to create a memory leak. Stack trace of thread:
 java.base@11.0.31/jdk.internal.misc.Unsafe.park(Native Method)
 java.base@11.0.31/java.util.concurrent.locks.LockSupport.parkNanos(LockSupport.java:234)
 java.base@11.0.31/java.util.concurrent.locks.AbstractQueuedSynchronizer$ConditionObject.awaitNanos(AbstractQueuedSynchronizer.java:2123)
 java.base@11.0.31/java.util.concurrent.LinkedBlockingQueue.poll(LinkedBlockingQueue.java:458)
 org.apache.activemq.transport.tcp.TcpTransportServer$1.run(TcpTransportServer.java:496)
 java.base@11.0.31/java.lang.Thread.run(Thread.java:829)
09-Oct-2026 11:00:12.573 WARNING [main] org.apache.catalina.loader.WebappClassLoaderBase.clearReferencesThreads The web application [ROOT] appears to have started a thread named [ActiveMQ Transport Server: mqtt://0.0.0.0:31000] but has failed to stop it. This is very likely to create a memory leak. Stack trace of thread:
 java.base@11.0.31/java.net.PlainSocketImpl.socketAccept(Native Method)
 java.base@11.0.31/java.net.AbstractPlainSocketImpl.accept(AbstractPlainSocketImpl.java:474)
 java.base@11.0.31/java.net.ServerSocket.implAccept(ServerSocket.java:565)
 java.base@11.0.31/java.net.ServerSocket.accept(ServerSocket.java:533)
 org.apache.activemq.transport.tcp.TcpTransportServer.doRunWithServerSocket(TcpTransportServer.java:420)
 org.apache.activemq.transport.tcp.TcpTransportServer.run(TcpTransportServer.java:342)
 java.base@11.0.31/java.lang.Thread.run(Thread.java:829)
09-Oct-2026 11:00:12.573 WARNING [main] org.apache.catalina.loader.WebappClassLoaderBase.clearReferencesThreads The web application [ROOT] appears to have started a thread named [MQTT Rec: HMDMServer] but has failed to stop it. This is very likely to create a memory leak. Stack trace of thread:
 java.base@11.0.31/java.net.SocketInputStream.socketRead0(Native Method)
 java.base@11.0.31/java.net.SocketInputStream.socketRead(SocketInputStream.java:115)
 java.base@11.0.31/java.net.SocketInputStream.read(SocketInputStream.java:168)
 java.base@11.0.31/java.net.SocketInputStream.read(SocketInputStream.java:140)
 java.base@11.0.31/java.net.SocketInputStream.read(SocketInputStream.java:200)
 java.base@11.0.31/java.io.DataInputStream.readByte(DataInputStream.java:270)
 org.eclipse.paho.client.mqttv3.internal.wire.MqttInputStream.readMqttWireMessage(MqttInputStream.java:92)
 org.eclipse.paho.client.mqttv3.internal.CommsReceiver.run(CommsReceiver.java:137)
 java.base@11.0.31/java.lang.Thread.run(Thread.java:829)
09-Oct-2026 11:00:12.575 WARNING [main] org.apache.catalina.loader.WebappClassLoaderBase.clearReferencesThreads The web application [ROOT] appears to have started a thread named [MQTT Snd: HMDMServer] but has failed to stop it. This is very likely to create a memory leak. Stack trace of thread:
 java.base@11.0.31/java.lang.Object.wait(Native Method)
 java.base@11.0.31/java.lang.Object.wait(Object.java:328)
 org.eclipse.paho.client.mqttv3.internal.ClientState.get(ClientState.java:825)
 org.eclipse.paho.client.mqttv3.internal.CommsSender.run(CommsSender.java:129)
 java.base@11.0.31/java.lang.Thread.run(Thread.java:829)
09-Oct-2026 11:00:12.575 WARNING [main] org.apache.catalina.loader.WebappClassLoaderBase.clearReferencesThreads The web application [ROOT] appears to have started a thread named [ActiveMQ BrokerService[localhost] Task-1] but has failed to stop it. This is very likely to create a memory leak. Stack trace of thread:
 java.base@11.0.31/jdk.internal.misc.Unsafe.park(Native Method)
 java.base@11.0.31/java.util.concurrent.locks.LockSupport.parkNanos(LockSupport.java:234)
 java.base@11.0.31/java.util.concurrent.SynchronousQueue$TransferStack.awaitFulfill(SynchronousQueue.java:462)
 java.base@11.0.31/java.util.concurrent.SynchronousQueue$TransferStack.transfer(SynchronousQueue.java:361)
 java.base@11.0.31/java.util.concurrent.SynchronousQueue.poll(SynchronousQueue.java:937)
 java.base@11.0.31/java.util.concurrent.ThreadPoolExecutor.getTask(ThreadPoolExecutor.java:1053)
 java.base@11.0.31/java.util.concurrent.ThreadPoolExecutor.runWorker(ThreadPoolExecutor.java:1114)
 java.base@11.0.31/java.util.concurrent.ThreadPoolExecutor$Worker.run(ThreadPoolExecutor.java:628)
 java.base@11.0.31/java.lang.Thread.run(Thread.java:829)
09-Oct-2026 11:00:12.576 WARNING [main] org.apache.catalina.loader.WebappClassLoaderBase.clearReferencesThreads The web application [ROOT] appears to have started a thread named [MQTT Call: HMDMServer] but has failed to stop it. This is very likely to create a memory leak. Stack trace of thread:
 java.base@11.0.31/java.lang.Object.wait(Native Method)
 java.base@11.0.31/java.lang.Object.wait(Object.java:328)
 org.eclipse.paho.client.mqttv3.internal.CommsCallback.run(CommsCallback.java:181)
 java.base@11.0.31/java.lang.Thread.run(Thread.java:829)
09-Oct-2026 11:00:12.578 WARNING [main] org.apache.catalina.loader.WebappClassLoaderBase.clearReferencesThreads The web application [ROOT] appears to have started a thread named [ActiveMQ Transport: tcp:///172.18.0.4:51882@31000] but has failed to stop it. This is very likely to create a memory leak. Stack trace of thread:
 java.base@11.0.31/java.net.SocketInputStream.socketRead0(Native Method)
 java.base@11.0.31/java.net.SocketInputStream.socketRead(SocketInputStream.java:115)
 java.base@11.0.31/java.net.SocketInputStream.read(SocketInputStream.java:168)
 java.base@11.0.31/java.net.SocketInputStream.read(SocketInputStream.java:140)
 org.apache.activemq.transport.tcp.TcpBufferedInputStream.fill(TcpBufferedInputStream.java:50)
 org.apache.activemq.transport.tcp.TcpTransport$2.fill(TcpTransport.java:634)
 org.apache.activemq.transport.tcp.TcpBufferedInputStream.read(TcpBufferedInputStream.java:59)
 org.apache.activemq.transport.tcp.TcpTransport$2.read(TcpTransport.java:619)
 java.base@11.0.31/java.io.DataInputStream.readByte(DataInputStream.java:270)
 org.apache.activemq.transport.mqtt.MQTTWireFormat.unmarshal(MQTTWireFormat.java:86)
 org.apache.activemq.transport.tcp.TcpTransport.readCommand(TcpTransport.java:240)
 org.apache.activemq.transport.tcp.TcpTransport.doRun(TcpTransport.java:232)
 org.apache.activemq.transport.tcp.TcpTransport.run(TcpTransport.java:215)
 java.base@11.0.31/java.lang.Thread.run(Thread.java:829)
09-Oct-2026 11:00:12.578 WARNING [main] org.apache.catalina.loader.WebappClassLoaderBase.clearReferencesThreads The web application [ROOT] appears to have started a thread named [ActiveMQ BrokerService[localhost] Task-2] but has failed to stop it. This is very likely to create a memory leak. Stack trace of thread:
 java.base@11.0.31/jdk.internal.misc.Unsafe.park(Native Method)
 java.base@11.0.31/java.util.concurrent.locks.LockSupport.parkNanos(LockSupport.java:234)
 java.base@11.0.31/java.util.concurrent.SynchronousQueue$TransferStack.awaitFulfill(SynchronousQueue.java:462)
 java.base@11.0.31/java.util.concurrent.SynchronousQueue$TransferStack.transfer(SynchronousQueue.java:361)
 java.base@11.0.31/java.util.concurrent.SynchronousQueue.poll(SynchronousQueue.java:937)
 java.base@11.0.31/java.util.concurrent.ThreadPoolExecutor.getTask(ThreadPoolExecutor.java:1053)
 java.base@11.0.31/java.util.concurrent.ThreadPoolExecutor.runWorker(ThreadPoolExecutor.java:1114)
 java.base@11.0.31/java.util.concurrent.ThreadPoolExecutor$Worker.run(ThreadPoolExecutor.java:628)
 java.base@11.0.31/java.lang.Thread.run(Thread.java:829)
09-Oct-2026 11:00:12.579 WARNING [main] org.apache.catalina.loader.WebappClassLoaderBase.clearReferencesThreads The web application [ROOT] appears to have started a thread named [InactivityMonitor ReadCheck] but has failed to stop it. This is very likely to create a memory leak. Stack trace of thread:
 java.base@11.0.31/java.lang.Object.wait(Native Method)
 java.base@11.0.31/java.util.TimerThread.mainLoop(Timer.java:553)
 java.base@11.0.31/java.util.TimerThread.run(Timer.java:506)
09-Oct-2026 11:00:12.581 WARNING [main] org.apache.catalina.loader.WebappClassLoaderBase.clearReferencesThreads The web application [ROOT] appears to have started a thread named [MQTT Ping: HMDMServer] but has failed to stop it. This is very likely to create a memory leak. Stack trace of thread:
 java.base@11.0.31/java.lang.Object.wait(Native Method)
 java.base@11.0.31/java.util.TimerThread.mainLoop(Timer.java:553)
 java.base@11.0.31/java.util.TimerThread.run(Timer.java:506)
09-Oct-2026 11:00:12.582 WARNING [main] org.apache.catalina.loader.WebappClassLoaderBase.clearReferencesThreads The web application [ROOT] appears to have started a thread named [pool-2-thread-2] but has failed to stop it. This is very likely to create a memory leak. Stack trace of thread:
 java.base@11.0.31/jdk.internal.misc.Unsafe.park(Native Method)
 java.base@11.0.31/java.util.concurrent.locks.LockSupport.park(LockSupport.java:194)
 java.base@11.0.31/java.util.concurrent.locks.AbstractQueuedSynchronizer$ConditionObject.await(AbstractQueuedSynchronizer.java:2081)
 java.base@11.0.31/java.util.concurrent.ScheduledThreadPoolExecutor$DelayedWorkQueue.take(ScheduledThreadPoolExecutor.java:1177)
 java.base@11.0.31/java.util.concurrent.ScheduledThreadPoolExecutor$DelayedWorkQueue.take(ScheduledThreadPoolExecutor.java:899)
 java.base@11.0.31/java.util.concurrent.ThreadPoolExecutor.getTask(ThreadPoolExecutor.java:1054)
 java.base@11.0.31/java.util.concurrent.ThreadPoolExecutor.runWorker(ThreadPoolExecutor.java:1114)
 java.base@11.0.31/java.util.concurrent.ThreadPoolExecutor$Worker.run(ThreadPoolExecutor.java:628)
 java.base@11.0.31/java.lang.Thread.run(Thread.java:829)
09-Oct-2026 11:00:12.582 WARNING [main] org.apache.catalina.loader.WebappClassLoaderBase.clearReferencesThreads The web application [ROOT] appears to have started a thread named [pool-5-thread-1] but has failed to stop it. This is very likely to create a memory leak. Stack trace of thread:
 java.base@11.0.31/jdk.internal.misc.Unsafe.park(Native Method)
 java.base@11.0.31/java.util.concurrent.locks.LockSupport.park(LockSupport.java:194)
 java.base@11.0.31/java.util.concurrent.locks.AbstractQueuedSynchronizer$ConditionObject.await(AbstractQueuedSynchronizer.java:2081)
 java.base@11.0.31/java.util.concurrent.LinkedBlockingQueue.take(LinkedBlockingQueue.java:433)
 java.base@11.0.31/java.util.concurrent.ThreadPoolExecutor.getTask(ThreadPoolExecutor.java:1054)
 java.base@11.0.31/java.util.concurrent.ThreadPoolExecutor.runWorker(ThreadPoolExecutor.java:1114)
 java.base@11.0.31/java.util.concurrent.ThreadPoolExecutor$Worker.run(ThreadPoolExecutor.java:628)
 java.base@11.0.31/java.lang.Thread.run(Thread.java:829)
09-Oct-2026 11:00:12.583 WARNING [main] org.apache.catalina.loader.WebappClassLoaderBase.clearReferencesThreads The web application [ROOT] appears to have started a thread named [pool-1-thread-1] but has failed to stop it. This is very likely to create a memory leak. Stack trace of thread:
 java.base@11.0.31/jdk.internal.misc.Unsafe.park(Native Method)
 java.base@11.0.31/java.util.concurrent.locks.LockSupport.park(LockSupport.java:194)
 java.base@11.0.31/java.util.concurrent.locks.AbstractQueuedSynchronizer$ConditionObject.await(AbstractQueuedSynchronizer.java:2081)
 java.base@11.0.31/java.util.concurrent.LinkedBlockingQueue.take(LinkedBlockingQueue.java:433)
 java.base@11.0.31/java.util.concurrent.ThreadPoolExecutor.getTask(ThreadPoolExecutor.java:1054)
 java.base@11.0.31/java.util.concurrent.ThreadPoolExecutor.runWorker(ThreadPoolExecutor.java:1114)
 java.base@11.0.31/java.util.concurrent.ThreadPoolExecutor$Worker.run(ThreadPoolExecutor.java:628)
 java.base@11.0.31/java.lang.Thread.run(Thread.java:829)
09-Oct-2026 11:00:12.585 WARNING [main] org.apache.catalina.loader.WebappClassLoaderBase.clearReferencesThreads The web application [ROOT] appears to have started a thread named [pool-1-thread-2] but has failed to stop it. This is very likely to create a memory leak. Stack trace of thread:
 java.base@11.0.31/jdk.internal.misc.Unsafe.park(Native Method)
 java.base@11.0.31/java.util.concurrent.locks.LockSupport.park(LockSupport.java:194)
 java.base@11.0.31/java.util.concurrent.locks.AbstractQueuedSynchronizer$ConditionObject.await(AbstractQueuedSynchronizer.java:2081)
 java.base@11.0.31/java.util.concurrent.LinkedBlockingQueue.take(LinkedBlockingQueue.java:433)
 java.base@11.0.31/java.util.concurrent.ThreadPoolExecutor.getTask(ThreadPoolExecutor.java:1054)
 java.base@11.0.31/java.util.concurrent.ThreadPoolExecutor.runWorker(ThreadPoolExecutor.java:1114)
 java.base@11.0.31/java.util.concurrent.ThreadPoolExecutor$Worker.run(ThreadPoolExecutor.java:628)
 java.base@11.0.31/java.lang.Thread.run(Thread.java:829)
09-Oct-2026 11:00:12.586 WARNING [main] org.apache.catalina.loader.WebappClassLoaderBase.clearReferencesThreads The web application [ROOT] appears to have started a thread named [pool-1-thread-3] but has failed to stop it. This is very likely to create a memory leak. Stack trace of thread:
 java.base@11.0.31/jdk.internal.misc.Unsafe.park(Native Method)
 java.base@11.0.31/java.util.concurrent.locks.LockSupport.park(LockSupport.java:194)
 java.base@11.0.31/java.util.concurrent.locks.AbstractQueuedSynchronizer$ConditionObject.await(AbstractQueuedSynchronizer.java:2081)
 java.base@11.0.31/java.util.concurrent.LinkedBlockingQueue.take(LinkedBlockingQueue.java:433)
 java.base@11.0.31/java.util.concurrent.ThreadPoolExecutor.getTask(ThreadPoolExecutor.java:1054)
 java.base@11.0.31/java.util.concurrent.ThreadPoolExecutor.runWorker(ThreadPoolExecutor.java:1114)
 java.base@11.0.31/java.util.concurrent.ThreadPoolExecutor$Worker.run(ThreadPoolExecutor.java:628)
 java.base@11.0.31/java.lang.Thread.run(Thread.java:829)
09-Oct-2026 11:00:12.588 WARNING [main] org.apache.catalina.loader.WebappClassLoaderBase.clearReferencesThreads The web application [ROOT] appears to have started a thread named [pool-1-thread-4] but has failed to stop it. This is very likely to create a memory leak. Stack trace of thread:
 java.base@11.0.31/jdk.internal.misc.Unsafe.park(Native Method)
 java.base@11.0.31/java.util.concurrent.locks.LockSupport.park(LockSupport.java:194)
 java.base@11.0.31/java.util.concurrent.locks.AbstractQueuedSynchronizer$ConditionObject.await(AbstractQueuedSynchronizer.java:2081)
 java.base@11.0.31/java.util.concurrent.LinkedBlockingQueue.take(LinkedBlockingQueue.java:433)
 java.base@11.0.31/java.util.concurrent.ThreadPoolExecutor.getTask(ThreadPoolExecutor.java:1054)
 java.base@11.0.31/java.util.concurrent.ThreadPoolExecutor.runWorker(ThreadPoolExecutor.java:1114)
 java.base@11.0.31/java.util.concurrent.ThreadPoolExecutor$Worker.run(ThreadPoolExecutor.java:628)
 java.base@11.0.31/java.lang.Thread.run(Thread.java:829)
09-Oct-2026 11:00:12.589 WARNING [main] org.apache.catalina.loader.WebappClassLoaderBase.clearReferencesThreads The web application [ROOT] appears to have started a thread named [pool-1-thread-5] but has failed to stop it. This is very likely to create a memory leak. Stack trace of thread:
 java.base@11.0.31/jdk.internal.misc.Unsafe.park(Native Method)
 java.base@11.0.31/java.util.concurrent.locks.LockSupport.park(LockSupport.java:194)
 java.base@11.0.31/java.util.concurrent.locks.AbstractQueuedSynchronizer$ConditionObject.await(AbstractQueuedSynchronizer.java:2081)
 java.base@11.0.31/java.util.concurrent.LinkedBlockingQueue.take(LinkedBlockingQueue.java:433)
 java.base@11.0.31/java.util.concurrent.ThreadPoolExecutor.getTask(ThreadPoolExecutor.java:1054)
 java.base@11.0.31/java.util.concurrent.ThreadPoolExecutor.runWorker(ThreadPoolExecutor.java:1114)
 java.base@11.0.31/java.util.concurrent.ThreadPoolExecutor$Worker.run(ThreadPoolExecutor.java:628)
 java.base@11.0.31/java.lang.Thread.run(Thread.java:829)
09-Oct-2026 11:00:12.604 INFO [main] org.apache.catalina.startup.HostConfig.deployDescriptor Deployment of deployment descriptor [/usr/local/tomcat/conf/Catalina/localhost/ROOT.xml] has finished in [22,480] ms
09-Oct-2026 11:00:12.610 INFO [main] org.apache.coyote.AbstractProtocol.start Starting ProtocolHandler ["http-nio-8080"]
09-Oct-2026 11:00:12.640 INFO [main] org.apache.catalina.startup.Catalina.start Server startup in [22845] milliseconds
09-Oct-2026 11:00:16.215 INFO [pool-2-thread-1] org.apache.catalina.loader.WebappClassLoaderBase.checkStateForResourceLoading Illegal access: this web application instance has been stopped already. Could not load [com.fasterxml.jackson.annotation.JsonFilter]. The following stack trace is thrown for debugging purposes as well as to attempt to terminate the thread which caused the illegal access.
	java.lang.IllegalStateException: Illegal access: this web application instance has been stopped already. Could not load [com.fasterxml.jackson.annotation.JsonFilter]. The following stack trace is thrown for debugging purposes as well as to attempt to terminate the thread which caused the illegal access.
		at org.apache.catalina.loader.WebappClassLoaderBase.checkStateForResourceLoading(WebappClassLoaderBase.java:1370)
		at org.apache.catalina.loader.WebappClassLoaderBase.checkStateForClassLoading(WebappClassLoaderBase.java:1359)
		at org.apache.catalina.loader.WebappClassLoaderBase.loadClass(WebappClassLoaderBase.java:1193)
		at org.apache.catalina.loader.WebappClassLoaderBase.loadClass(WebappClassLoaderBase.java:1160)
		at com.fasterxml.jackson.databind.introspect.JacksonAnnotationIntrospector.findFilterId(JacksonAnnotationIntrospector.java:289)
		at com.fasterxml.jackson.databind.ser.BasicSerializerFactory.findFilterId(BasicSerializerFactory.java:1211)
		at com.fasterxml.jackson.databind.ser.BasicSerializerFactory.buildMapSerializer(BasicSerializerFactory.java:769)
		at com.fasterxml.jackson.databind.ser.BasicSerializerFactory.buildContainerSerializer(BasicSerializerFactory.java:568)
		at com.fasterxml.jackson.databind.ser.BeanSerializerFactory._createSerializer2(BeanSerializerFactory.java:196)
		at com.fasterxml.jackson.databind.ser.BeanSerializerFactory.createSerializer(BeanSerializerFactory.java:165)
		at com.fasterxml.jackson.databind.SerializerProvider._createUntypedSerializer(SerializerProvider.java:1388)
		at com.fasterxml.jackson.databind.SerializerProvider._createAndCacheUntypedSerializer(SerializerProvider.java:1336)
		at com.fasterxml.jackson.databind.SerializerProvider.findValueSerializer(SerializerProvider.java:510)
		at com.fasterxml.jackson.databind.SerializerProvider.findTypedValueSerializer(SerializerProvider.java:713)
		at com.fasterxml.jackson.databind.ser.DefaultSerializerProvider.serializeValue(DefaultSerializerProvider.java:308)
		at com.fasterxml.jackson.databind.ObjectMapper._configAndWriteValue(ObjectMapper.java:4094)
		at com.fasterxml.jackson.databind.ObjectMapper.writeValue(ObjectMapper.java:3342)
		at com.hmdm.plugins.webfilter.resolver.DnsEventImporter.run(DnsEventImporter.java:60)
		at java.base/java.util.concurrent.Executors$RunnableAdapter.call(Executors.java:515)
		at java.base/java.util.concurrent.FutureTask.runAndReset(FutureTask.java:305)
		at java.base/java.util.concurrent.ScheduledThreadPoolExecutor$ScheduledFutureTask.run(ScheduledThreadPoolExecutor.java:305)
		at java.base/java.util.concurrent.ThreadPoolExecutor.runWorker(ThreadPoolExecutor.java:1128)
		at java.base/java.util.concurrent.ThreadPoolExecutor$Worker.run(ThreadPoolExecutor.java:628)
		at java.base/java.lang.Thread.run(Thread.java:829)
09-Oct-2026 11:05:11.363 INFO [pool-2-thread-1] org.apache.catalina.loader.WebappClassLoaderBase.checkStateForResourceLoading Illegal access: this web application instance has been stopped already. Could not load [java.nio.file.attribute.BasicFileAttributes]. The following stack trace is thrown for debugging purposes as well as to attempt to terminate the thread which caused the illegal access.
	java.lang.IllegalStateException: Illegal access: this web application instance has been stopped already. Could not load [java.nio.file.attribute.BasicFileAttributes]. The following stack trace is thrown for debugging purposes as well as to attempt to terminate the thread which caused the illegal access.
		at org.apache.catalina.loader.WebappClassLoaderBase.checkStateForResourceLoading(WebappClassLoaderBase.java:1370)
		at org.apache.catalina.loader.WebappClassLoaderBase.checkStateForClassLoading(WebappClassLoaderBase.java:1359)
		at org.apache.catalina.loader.WebappClassLoaderBase.loadClass(WebappClassLoaderBase.java:1193)
		at org.apache.catalina.loader.WebappClassLoaderBase.loadClass(WebappClassLoaderBase.java:1160)
		at com.hmdm.task.FileCheckTask.checkFile(FileCheckTask.java:104)
		at com.hmdm.task.FileCheckTask.lambda$checkFiles$0(FileCheckTask.java:72)
		at java.base/java.util.Iterator.forEachRemaining(Iterator.java:133)
		at java.base/java.util.Spliterators$IteratorSpliterator.forEachRemaining(Spliterators.java:1801)
		at java.base/java.util.stream.ReferencePipeline$Head.forEach(ReferencePipeline.java:658)
		at com.hmdm.task.FileCheckTask.checkFiles(FileCheckTask.java:68)
		at com.hmdm.task.FileCheckTask.run(FileCheckTask.java:50)
		at java.base/java.util.concurrent.Executors$RunnableAdapter.call(Executors.java:515)
		at java.base/java.util.concurrent.FutureTask.runAndReset(FutureTask.java:305)
		at java.base/java.util.concurrent.ScheduledThreadPoolExecutor$ScheduledFutureTask.run(ScheduledThreadPoolExecutor.java:305)
		at java.base/java.util.concurrent.ThreadPoolExecutor.runWorker(ThreadPoolExecutor.java:1128)
		at java.base/java.util.concurrent.ThreadPoolExecutor$Worker.run(ThreadPoolExecutor.java:628)
		at java.base/java.lang.Thread.run(Thread.java:829)
09-Oct-2026 11:09:53.632 INFO [main] org.apache.catalina.startup.VersionLoggerListener.log Server version name:   Apache Tomcat/9.0.117
09-Oct-2026 11:09:53.648 INFO [main] org.apache.catalina.startup.VersionLoggerListener.log Server built:          Mar 30 2026 18:21:16 UTC
09-Oct-2026 11:09:53.649 INFO [main] org.apache.catalina.startup.VersionLoggerListener.log Server version number: 9.0.117.0
09-Oct-2026 11:09:53.650 INFO [main] org.apache.catalina.startup.VersionLoggerListener.log OS Name:               Linux
09-Oct-2026 11:09:53.650 INFO [main] org.apache.catalina.startup.VersionLoggerListener.log OS Version:            6.8.0-142-generic
09-Oct-2026 11:09:53.651 INFO [main] org.apache.catalina.startup.VersionLoggerListener.log Architecture:          amd64
09-Oct-2026 11:09:53.651 INFO [main] org.apache.catalina.startup.VersionLoggerListener.log Java Home:             /opt/java/openjdk
09-Oct-2026 11:09:53.652 INFO [main] org.apache.catalina.startup.VersionLoggerListener.log JVM Version:           11.0.31+11
09-Oct-2026 11:09:53.652 INFO [main] org.apache.catalina.startup.VersionLoggerListener.log JVM Vendor:            Eclipse Adoptium
09-Oct-2026 11:09:53.653 INFO [main] org.apache.catalina.startup.VersionLoggerListener.log CATALINA_BASE:         /usr/local/tomcat
09-Oct-2026 11:09:53.654 INFO [main] org.apache.catalina.startup.VersionLoggerListener.log CATALINA_HOME:         /usr/local/tomcat
09-Oct-2026 11:09:53.679 INFO [main] org.apache.catalina.startup.VersionLoggerListener.log Command line argument: --add-opens=java.base/java.lang=ALL-UNNAMED
09-Oct-2026 11:09:53.679 INFO [main] org.apache.catalina.startup.VersionLoggerListener.log Command line argument: --add-opens=java.base/java.lang.invoke=ALL-UNNAMED
09-Oct-2026 11:09:53.679 INFO [main] org.apache.catalina.startup.VersionLoggerListener.log Command line argument: --add-opens=java.base/java.lang.reflect=ALL-UNNAMED
09-Oct-2026 11:09:53.679 INFO [main] org.apache.catalina.startup.VersionLoggerListener.log Command line argument: --add-opens=java.base/java.io=ALL-UNNAMED
09-Oct-2026 11:09:53.681 INFO [main] org.apache.catalina.startup.VersionLoggerListener.log Command line argument: --add-opens=java.base/java.util=ALL-UNNAMED
09-Oct-2026 11:09:53.682 INFO [main] org.apache.catalina.startup.VersionLoggerListener.log Command line argument: --add-opens=java.base/java.util.concurrent=ALL-UNNAMED
09-Oct-2026 11:09:53.682 INFO [main] org.apache.catalina.startup.VersionLoggerListener.log Command line argument: --add-opens=java.rmi/sun.rmi.transport=ALL-UNNAMED
09-Oct-2026 11:09:53.682 INFO [main] org.apache.catalina.startup.VersionLoggerListener.log Command line argument: -Djava.util.logging.config.file=/usr/local/tomcat/conf/logging.properties
09-Oct-2026 11:09:53.682 INFO [main] org.apache.catalina.startup.VersionLoggerListener.log Command line argument: -Djava.util.logging.manager=org.apache.juli.ClassLoaderLogManager
09-Oct-2026 11:09:53.682 INFO [main] org.apache.catalina.startup.VersionLoggerListener.log Command line argument: -Djdk.tls.ephemeralDHKeySize=2048
09-Oct-2026 11:09:53.682 INFO [main] org.apache.catalina.startup.VersionLoggerListener.log Command line argument: -Djava.protocol.handler.pkgs=org.apache.catalina.webresources
09-Oct-2026 11:09:53.682 INFO [main] org.apache.catalina.startup.VersionLoggerListener.log Command line argument: -Dsun.io.useCanonCaches=false
09-Oct-2026 11:09:53.683 INFO [main] org.apache.catalina.startup.VersionLoggerListener.log Command line argument: -Dorg.apache.catalina.security.SecurityListener.UMASK=0022
09-Oct-2026 11:09:53.684 INFO [main] org.apache.catalina.startup.VersionLoggerListener.log Command line argument: -Dignore.endorsed.dirs=
09-Oct-2026 11:09:53.684 INFO [main] org.apache.catalina.startup.VersionLoggerListener.log Command line argument: -Dcatalina.base=/usr/local/tomcat
09-Oct-2026 11:09:53.684 INFO [main] org.apache.catalina.startup.VersionLoggerListener.log Command line argument: -Dcatalina.home=/usr/local/tomcat
09-Oct-2026 11:09:53.684 INFO [main] org.apache.catalina.startup.VersionLoggerListener.log Command line argument: -Djava.io.tmpdir=/usr/local/tomcat/temp
09-Oct-2026 11:09:53.707 INFO [main] org.apache.catalina.core.AprLifecycleListener.lifecycleEvent Loaded Apache Tomcat Native library [1.3.7] using APR version [1.7.0].
09-Oct-2026 11:09:53.708 INFO [main] org.apache.catalina.core.AprLifecycleListener.lifecycleEvent APR capabilities: IPv6 [true], sendfile [true], accept filters [false], random [true], UDS [true].
09-Oct-2026 11:09:53.710 INFO [main] org.apache.catalina.core.AprLifecycleListener.lifecycleEvent APR/OpenSSL configuration: useAprConnector [false], useOpenSSL [true]
09-Oct-2026 11:09:53.718 INFO [main] org.apache.catalina.core.AprLifecycleListener.initializeSSL OpenSSL successfully initialized [OpenSSL 3.0.2 15 Mar 2022]
09-Oct-2026 11:09:54.750 INFO [main] org.apache.coyote.AbstractProtocol.init Initializing ProtocolHandler ["http-nio-8080"]
09-Oct-2026 11:09:54.800 INFO [main] org.apache.catalina.startup.Catalina.load Server initialization in [2042] milliseconds
09-Oct-2026 11:09:54.936 INFO [main] org.apache.catalina.core.StandardService.startInternal Starting service [Catalina]
09-Oct-2026 11:09:54.938 INFO [main] org.apache.catalina.core.StandardEngine.startInternal Starting Servlet engine: [Apache Tomcat/9.0.117]
09-Oct-2026 11:09:54.954 INFO [main] org.apache.catalina.startup.HostConfig.deployDescriptor Deploying deployment descriptor [/usr/local/tomcat/conf/Catalina/localhost/ROOT.xml]
09-Oct-2026 11:10:00.487 INFO [main] org.apache.jasper.servlet.TldScanner.scanJars At least one JAR was scanned for TLDs yet contained no TLDs. Enable debug logging for this logger for a complete list of JARs that were scanned but no TLDs were found in them. Skipping unneeded JARs during scanning can improve startup time and JSP compilation time.
09-Oct-2026 11:10:14.945 INFO [main] nonapi.io.github.classgraph.classloaderhandler.lifecycle.ServletLifeCycleListener.contextInitialized Servlet context initialized
09-Oct-2026 11:10:16.237 SEVERE [main] org.apache.catalina.core.StandardContext.startInternal One or more Filters failed to start. Full details will be found in the appropriate container log file
09-Oct-2026 11:10:16.239 SEVERE [main] org.apache.catalina.core.StandardContext.startInternal Context [] startup failed due to previous errors
09-Oct-2026 11:10:16.249 INFO [main] nonapi.io.github.classgraph.classloaderhandler.lifecycle.ServletLifeCycleListener.contextDestroyed Servlet context destroyed -- closing any remaning open ClassGraph ScanResult instances
09-Oct-2026 11:10:16.257 WARNING [main] org.apache.catalina.loader.WebappClassLoaderBase.clearReferencesJdbc The web application [ROOT] registered the JDBC driver [org.postgresql.Driver] but failed to unregister it when the web application was stopped. To prevent a memory leak, the JDBC Driver has been forcibly unregistered.
09-Oct-2026 11:10:16.258 WARNING [main] org.apache.catalina.loader.WebappClassLoaderBase.clearReferencesThreads The web application [ROOT] appears to have started a thread named [pool-2-thread-1] but has failed to stop it. This is very likely to create a memory leak. Stack trace of thread:
 java.base@11.0.31/jdk.internal.misc.Unsafe.park(Native Method)
 java.base@11.0.31/java.util.concurrent.locks.LockSupport.park(LockSupport.java:194)
 java.base@11.0.31/java.util.concurrent.locks.AbstractQueuedSynchronizer$ConditionObject.await(AbstractQueuedSynchronizer.java:2081)
 java.base@11.0.31/java.util.concurrent.ScheduledThreadPoolExecutor$DelayedWorkQueue.take(ScheduledThreadPoolExecutor.java:1177)
 java.base@11.0.31/java.util.concurrent.ScheduledThreadPoolExecutor$DelayedWorkQueue.take(ScheduledThreadPoolExecutor.java:899)
 java.base@11.0.31/java.util.concurrent.ThreadPoolExecutor.getTask(ThreadPoolExecutor.java:1054)
 java.base@11.0.31/java.util.concurrent.ThreadPoolExecutor.runWorker(ThreadPoolExecutor.java:1114)
 java.base@11.0.31/java.util.concurrent.ThreadPoolExecutor$Worker.run(ThreadPoolExecutor.java:628)
 java.base@11.0.31/java.lang.Thread.run(Thread.java:829)
09-Oct-2026 11:10:16.258 WARNING [main] org.apache.catalina.loader.WebappClassLoaderBase.clearReferencesThreads The web application [ROOT] appears to have started a thread named [pool-4-thread-1] but has failed to stop it. This is very likely to create a memory leak. Stack trace of thread:
 java.base@11.0.31/jdk.internal.misc.Unsafe.park(Native Method)
 java.base@11.0.31/java.util.concurrent.locks.LockSupport.parkNanos(LockSupport.java:234)
 java.base@11.0.31/java.util.concurrent.locks.AbstractQueuedSynchronizer$ConditionObject.awaitNanos(AbstractQueuedSynchronizer.java:2123)
 java.base@11.0.31/java.util.concurrent.ScheduledThreadPoolExecutor$DelayedWorkQueue.take(ScheduledThreadPoolExecutor.java:1182)
 java.base@11.0.31/java.util.concurrent.ScheduledThreadPoolExecutor$DelayedWorkQueue.take(ScheduledThreadPoolExecutor.java:899)
 java.base@11.0.31/java.util.concurrent.ThreadPoolExecutor.getTask(ThreadPoolExecutor.java:1054)
 java.base@11.0.31/java.util.concurrent.ThreadPoolExecutor.runWorker(ThreadPoolExecutor.java:1114)
 java.base@11.0.31/java.util.concurrent.ThreadPoolExecutor$Worker.run(ThreadPoolExecutor.java:628)
 java.base@11.0.31/java.lang.Thread.run(Thread.java:829)
09-Oct-2026 11:10:16.261 WARNING [main] org.apache.catalina.loader.WebappClassLoaderBase.clearReferencesThreads The web application [ROOT] appears to have started a thread named [ActiveMQ Broker[localhost] Scheduler] but has failed to stop it. This is very likely to create a memory leak. Stack trace of thread:
 java.base@11.0.31/java.lang.Object.wait(Native Method)
 java.base@11.0.31/java.lang.Object.wait(Object.java:328)
 java.base@11.0.31/java.util.TimerThread.mainLoop(Timer.java:527)
 java.base@11.0.31/java.util.TimerThread.run(Timer.java:506)
09-Oct-2026 11:10:16.264 WARNING [main] org.apache.catalina.loader.WebappClassLoaderBase.clearReferencesThreads The web application [ROOT] appears to have started a thread named [ActiveMQ Transport Server Thread Handler: mqtt://0.0.0.0:31000] but has failed to stop it. This is very likely to create a memory leak. Stack trace of thread:
 java.base@11.0.31/jdk.internal.misc.Unsafe.park(Native Method)
 java.base@11.0.31/java.util.concurrent.locks.LockSupport.parkNanos(LockSupport.java:234)
 java.base@11.0.31/java.util.concurrent.locks.AbstractQueuedSynchronizer$ConditionObject.awaitNanos(AbstractQueuedSynchronizer.java:2123)
 java.base@11.0.31/java.util.concurrent.LinkedBlockingQueue.poll(LinkedBlockingQueue.java:458)
 org.apache.activemq.transport.tcp.TcpTransportServer$1.run(TcpTransportServer.java:496)
 java.base@11.0.31/java.lang.Thread.run(Thread.java:829)
09-Oct-2026 11:10:16.266 WARNING [main] org.apache.catalina.loader.WebappClassLoaderBase.clearReferencesThreads The web application [ROOT] appears to have started a thread named [ActiveMQ Transport Server: mqtt://0.0.0.0:31000] but has failed to stop it. This is very likely to create a memory leak. Stack trace of thread:
 java.base@11.0.31/java.net.PlainSocketImpl.socketAccept(Native Method)
 java.base@11.0.31/java.net.AbstractPlainSocketImpl.accept(AbstractPlainSocketImpl.java:474)
 java.base@11.0.31/java.net.ServerSocket.implAccept(ServerSocket.java:565)
 java.base@11.0.31/java.net.ServerSocket.accept(ServerSocket.java:533)
 org.apache.activemq.transport.tcp.TcpTransportServer.doRunWithServerSocket(TcpTransportServer.java:420)
 org.apache.activemq.transport.tcp.TcpTransportServer.run(TcpTransportServer.java:342)
 java.base@11.0.31/java.lang.Thread.run(Thread.java:829)
09-Oct-2026 11:10:16.269 WARNING [main] org.apache.catalina.loader.WebappClassLoaderBase.clearReferencesThreads The web application [ROOT] appears to have started a thread named [MQTT Rec: HMDMServer] but has failed to stop it. This is very likely to create a memory leak. Stack trace of thread:
 java.base@11.0.31/java.net.SocketInputStream.socketRead0(Native Method)
 java.base@11.0.31/java.net.SocketInputStream.socketRead(SocketInputStream.java:115)
 java.base@11.0.31/java.net.SocketInputStream.read(SocketInputStream.java:168)
 java.base@11.0.31/java.net.SocketInputStream.read(SocketInputStream.java:140)
 java.base@11.0.31/java.net.SocketInputStream.read(SocketInputStream.java:200)
 java.base@11.0.31/java.io.DataInputStream.readByte(DataInputStream.java:270)
 org.eclipse.paho.client.mqttv3.internal.wire.MqttInputStream.readMqttWireMessage(MqttInputStream.java:92)
 org.eclipse.paho.client.mqttv3.internal.CommsReceiver.run(CommsReceiver.java:137)
 java.base@11.0.31/java.lang.Thread.run(Thread.java:829)
09-Oct-2026 11:10:16.273 WARNING [main] org.apache.catalina.loader.WebappClassLoaderBase.clearReferencesThreads The web application [ROOT] appears to have started a thread named [MQTT Snd: HMDMServer] but has failed to stop it. This is very likely to create a memory leak. Stack trace of thread:
 java.base@11.0.31/java.lang.Object.wait(Native Method)
 java.base@11.0.31/java.lang.Object.wait(Object.java:328)
 org.eclipse.paho.client.mqttv3.internal.ClientState.get(ClientState.java:825)
 org.eclipse.paho.client.mqttv3.internal.CommsSender.run(CommsSender.java:129)
 java.base@11.0.31/java.lang.Thread.run(Thread.java:829)
09-Oct-2026 11:10:16.277 WARNING [main] org.apache.catalina.loader.WebappClassLoaderBase.clearReferencesThreads The web application [ROOT] appears to have started a thread named [ActiveMQ BrokerService[localhost] Task-1] but has failed to stop it. This is very likely to create a memory leak. Stack trace of thread:
 java.base@11.0.31/jdk.internal.misc.Unsafe.park(Native Method)
 java.base@11.0.31/java.util.concurrent.locks.LockSupport.parkNanos(LockSupport.java:234)
 java.base@11.0.31/java.util.concurrent.SynchronousQueue$TransferStack.awaitFulfill(SynchronousQueue.java:462)
 java.base@11.0.31/java.util.concurrent.SynchronousQueue$TransferStack.transfer(SynchronousQueue.java:361)
 java.base@11.0.31/java.util.concurrent.SynchronousQueue.poll(SynchronousQueue.java:937)
 java.base@11.0.31/java.util.concurrent.ThreadPoolExecutor.getTask(ThreadPoolExecutor.java:1053)
 java.base@11.0.31/java.util.concurrent.ThreadPoolExecutor.runWorker(ThreadPoolExecutor.java:1114)
 java.base@11.0.31/java.util.concurrent.ThreadPoolExecutor$Worker.run(ThreadPoolExecutor.java:628)
 java.base@11.0.31/java.lang.Thread.run(Thread.java:829)
09-Oct-2026 11:10:16.280 WARNING [main] org.apache.catalina.loader.WebappClassLoaderBase.clearReferencesThreads The web application [ROOT] appears to have started a thread named [MQTT Call: HMDMServer] but has failed to stop it. This is very likely to create a memory leak. Stack trace of thread:
 java.base@11.0.31/java.lang.Object.wait(Native Method)
 java.base@11.0.31/java.lang.Object.wait(Object.java:328)
 org.eclipse.paho.client.mqttv3.internal.CommsCallback.run(CommsCallback.java:181)
 java.base@11.0.31/java.lang.Thread.run(Thread.java:829)
09-Oct-2026 11:10:16.280 WARNING [main] org.apache.catalina.loader.WebappClassLoaderBase.clearReferencesThreads The web application [ROOT] appears to have started a thread named [ActiveMQ Transport: tcp:///172.18.0.4:60790@31000] but has failed to stop it. This is very likely to create a memory leak. Stack trace of thread:
 java.base@11.0.31/java.net.SocketInputStream.socketRead0(Native Method)
 java.base@11.0.31/java.net.SocketInputStream.socketRead(SocketInputStream.java:115)
 java.base@11.0.31/java.net.SocketInputStream.read(SocketInputStream.java:168)
 java.base@11.0.31/java.net.SocketInputStream.read(SocketInputStream.java:140)
 org.apache.activemq.transport.tcp.TcpBufferedInputStream.fill(TcpBufferedInputStream.java:50)
 org.apache.activemq.transport.tcp.TcpTransport$2.fill(TcpTransport.java:634)
 org.apache.activemq.transport.tcp.TcpBufferedInputStream.read(TcpBufferedInputStream.java:59)
 org.apache.activemq.transport.tcp.TcpTransport$2.read(TcpTransport.java:619)
 java.base@11.0.31/java.io.DataInputStream.readByte(DataInputStream.java:270)
 org.apache.activemq.transport.mqtt.MQTTWireFormat.unmarshal(MQTTWireFormat.java:86)
 org.apache.activemq.transport.tcp.TcpTransport.readCommand(TcpTransport.java:240)
 org.apache.activemq.transport.tcp.TcpTransport.doRun(TcpTransport.java:232)
 org.apache.activemq.transport.tcp.TcpTransport.run(TcpTransport.java:215)
 java.base@11.0.31/java.lang.Thread.run(Thread.java:829)
09-Oct-2026 11:10:16.281 WARNING [main] org.apache.catalina.loader.WebappClassLoaderBase.clearReferencesThreads The web application [ROOT] appears to have started a thread named [ActiveMQ BrokerService[localhost] Task-2] but has failed to stop it. This is very likely to create a memory leak. Stack trace of thread:
 java.base@11.0.31/jdk.internal.misc.Unsafe.park(Native Method)
 java.base@11.0.31/java.util.concurrent.locks.LockSupport.parkNanos(LockSupport.java:234)
 java.base@11.0.31/java.util.concurrent.SynchronousQueue$TransferStack.awaitFulfill(SynchronousQueue.java:462)
 java.base@11.0.31/java.util.concurrent.SynchronousQueue$TransferStack.transfer(SynchronousQueue.java:361)
 java.base@11.0.31/java.util.concurrent.SynchronousQueue.poll(SynchronousQueue.java:937)
 java.base@11.0.31/java.util.concurrent.ThreadPoolExecutor.getTask(ThreadPoolExecutor.java:1053)
 java.base@11.0.31/java.util.concurrent.ThreadPoolExecutor.runWorker(ThreadPoolExecutor.java:1114)
 java.base@11.0.31/java.util.concurrent.ThreadPoolExecutor$Worker.run(ThreadPoolExecutor.java:628)
 java.base@11.0.31/java.lang.Thread.run(Thread.java:829)
09-Oct-2026 11:10:16.284 WARNING [main] org.apache.catalina.loader.WebappClassLoaderBase.clearReferencesThreads The web application [ROOT] appears to have started a thread named [InactivityMonitor ReadCheck] but has failed to stop it. This is very likely to create a memory leak. Stack trace of thread:
 java.base@11.0.31/java.lang.Object.wait(Native Method)
 java.base@11.0.31/java.util.TimerThread.mainLoop(Timer.java:553)
 java.base@11.0.31/java.util.TimerThread.run(Timer.java:506)
09-Oct-2026 11:10:16.284 WARNING [main] org.apache.catalina.loader.WebappClassLoaderBase.clearReferencesThreads The web application [ROOT] appears to have started a thread named [MQTT Ping: HMDMServer] but has failed to stop it. This is very likely to create a memory leak. Stack trace of thread:
 java.base@11.0.31/java.lang.Object.wait(Native Method)
 java.base@11.0.31/java.util.TimerThread.mainLoop(Timer.java:553)
 java.base@11.0.31/java.util.TimerThread.run(Timer.java:506)
09-Oct-2026 11:10:16.286 WARNING [main] org.apache.catalina.loader.WebappClassLoaderBase.clearReferencesThreads The web application [ROOT] appears to have started a thread named [pool-2-thread-2] but has failed to stop it. This is very likely to create a memory leak. Stack trace of thread:
 java.base@11.0.31/jdk.internal.misc.Unsafe.park(Native Method)
 java.base@11.0.31/java.util.concurrent.locks.LockSupport.parkNanos(LockSupport.java:234)
 java.base@11.0.31/java.util.concurrent.locks.AbstractQueuedSynchronizer$ConditionObject.awaitNanos(AbstractQueuedSynchronizer.java:2123)
 java.base@11.0.31/java.util.concurrent.ScheduledThreadPoolExecutor$DelayedWorkQueue.take(ScheduledThreadPoolExecutor.java:1182)
 java.base@11.0.31/java.util.concurrent.ScheduledThreadPoolExecutor$DelayedWorkQueue.take(ScheduledThreadPoolExecutor.java:899)
 java.base@11.0.31/java.util.concurrent.ThreadPoolExecutor.getTask(ThreadPoolExecutor.java:1054)
 java.base@11.0.31/java.util.concurrent.ThreadPoolExecutor.runWorker(ThreadPoolExecutor.java:1114)
 java.base@11.0.31/java.util.concurrent.ThreadPoolExecutor$Worker.run(ThreadPoolExecutor.java:628)
 java.base@11.0.31/java.lang.Thread.run(Thread.java:829)
09-Oct-2026 11:10:16.287 WARNING [main] org.apache.catalina.loader.WebappClassLoaderBase.clearReferencesThreads The web application [ROOT] appears to have started a thread named [pool-5-thread-1] but has failed to stop it. This is very likely to create a memory leak. Stack trace of thread:
 java.base@11.0.31/jdk.internal.misc.Unsafe.park(Native Method)
 java.base@11.0.31/java.util.concurrent.locks.LockSupport.park(LockSupport.java:194)
 java.base@11.0.31/java.util.concurrent.locks.AbstractQueuedSynchronizer$ConditionObject.await(AbstractQueuedSynchronizer.java:2081)
 java.base@11.0.31/java.util.concurrent.LinkedBlockingQueue.take(LinkedBlockingQueue.java:433)
 java.base@11.0.31/java.util.concurrent.ThreadPoolExecutor.getTask(ThreadPoolExecutor.java:1054)
 java.base@11.0.31/java.util.concurrent.ThreadPoolExecutor.runWorker(ThreadPoolExecutor.java:1114)
 java.base@11.0.31/java.util.concurrent.ThreadPoolExecutor$Worker.run(ThreadPoolExecutor.java:628)
 java.base@11.0.31/java.lang.Thread.run(Thread.java:829)
09-Oct-2026 11:10:16.288 WARNING [main] org.apache.catalina.loader.WebappClassLoaderBase.clearReferencesThreads The web application [ROOT] appears to have started a thread named [pool-1-thread-1] but has failed to stop it. This is very likely to create a memory leak. Stack trace of thread:
 java.base@11.0.31/jdk.internal.misc.Unsafe.park(Native Method)
 java.base@11.0.31/java.util.concurrent.locks.LockSupport.park(LockSupport.java:194)
 java.base@11.0.31/java.util.concurrent.locks.AbstractQueuedSynchronizer$ConditionObject.await(AbstractQueuedSynchronizer.java:2081)
 java.base@11.0.31/java.util.concurrent.LinkedBlockingQueue.take(LinkedBlockingQueue.java:433)
 java.base@11.0.31/java.util.concurrent.ThreadPoolExecutor.getTask(ThreadPoolExecutor.java:1054)
 java.base@11.0.31/java.util.concurrent.ThreadPoolExecutor.runWorker(ThreadPoolExecutor.java:1114)
 java.base@11.0.31/java.util.concurrent.ThreadPoolExecutor$Worker.run(ThreadPoolExecutor.java:628)
 java.base@11.0.31/java.lang.Thread.run(Thread.java:829)
09-Oct-2026 11:10:16.289 WARNING [main] org.apache.catalina.loader.WebappClassLoaderBase.clearReferencesThreads The web application [ROOT] appears to have started a thread named [pool-1-thread-2] but has failed to stop it. This is very likely to create a memory leak. Stack trace of thread:
 java.base@11.0.31/jdk.internal.misc.Unsafe.park(Native Method)
 java.base@11.0.31/java.util.concurrent.locks.LockSupport.park(LockSupport.java:194)
 java.base@11.0.31/java.util.concurrent.locks.AbstractQueuedSynchronizer$ConditionObject.await(AbstractQueuedSynchronizer.java:2081)
 java.base@11.0.31/java.util.concurrent.LinkedBlockingQueue.take(LinkedBlockingQueue.java:433)
 java.base@11.0.31/java.util.concurrent.ThreadPoolExecutor.getTask(ThreadPoolExecutor.java:1054)
 java.base@11.0.31/java.util.concurrent.ThreadPoolExecutor.runWorker(ThreadPoolExecutor.java:1114)
 java.base@11.0.31/java.util.concurrent.ThreadPoolExecutor$Worker.run(ThreadPoolExecutor.java:628)
 java.base@11.0.31/java.lang.Thread.run(Thread.java:829)
09-Oct-2026 11:10:16.289 WARNING [main] org.apache.catalina.loader.WebappClassLoaderBase.clearReferencesThreads The web application [ROOT] appears to have started a thread named [pool-1-thread-3] but has failed to stop it. This is very likely to create a memory leak. Stack trace of thread:
 java.base@11.0.31/jdk.internal.misc.Unsafe.park(Native Method)
 java.base@11.0.31/java.util.concurrent.locks.LockSupport.park(LockSupport.java:194)
 java.base@11.0.31/java.util.concurrent.locks.AbstractQueuedSynchronizer$ConditionObject.await(AbstractQueuedSynchronizer.java:2081)
 java.base@11.0.31/java.util.concurrent.LinkedBlockingQueue.take(LinkedBlockingQueue.java:433)
 java.base@11.0.31/java.util.concurrent.ThreadPoolExecutor.getTask(ThreadPoolExecutor.java:1054)
 java.base@11.0.31/java.util.concurrent.ThreadPoolExecutor.runWorker(ThreadPoolExecutor.java:1114)
 java.base@11.0.31/java.util.concurrent.ThreadPoolExecutor$Worker.run(ThreadPoolExecutor.java:628)
 java.base@11.0.31/java.lang.Thread.run(Thread.java:829)
09-Oct-2026 11:10:16.290 WARNING [main] org.apache.catalina.loader.WebappClassLoaderBase.clearReferencesThreads The web application [ROOT] appears to have started a thread named [pool-1-thread-4] but has failed to stop it. This is very likely to create a memory leak. Stack trace of thread:
 java.base@11.0.31/jdk.internal.misc.Unsafe.park(Native Method)
 java.base@11.0.31/java.util.concurrent.locks.LockSupport.park(LockSupport.java:194)
 java.base@11.0.31/java.util.concurrent.locks.AbstractQueuedSynchronizer$ConditionObject.await(AbstractQueuedSynchronizer.java:2081)
 java.base@11.0.31/java.util.concurrent.LinkedBlockingQueue.take(LinkedBlockingQueue.java:433)
 java.base@11.0.31/java.util.concurrent.ThreadPoolExecutor.getTask(ThreadPoolExecutor.java:1054)
 java.base@11.0.31/java.util.concurrent.ThreadPoolExecutor.runWorker(ThreadPoolExecutor.java:1114)
 java.base@11.0.31/java.util.concurrent.ThreadPoolExecutor$Worker.run(ThreadPoolExecutor.java:628)
 java.base@11.0.31/java.lang.Thread.run(Thread.java:829)
09-Oct-2026 11:10:16.291 WARNING [main] org.apache.catalina.loader.WebappClassLoaderBase.clearReferencesThreads The web application [ROOT] appears to have started a thread named [pool-1-thread-5] but has failed to stop it. This is very likely to create a memory leak. Stack trace of thread:
 java.base@11.0.31/jdk.internal.misc.Unsafe.park(Native Method)
 java.base@11.0.31/java.util.concurrent.locks.LockSupport.park(LockSupport.java:194)
 java.base@11.0.31/java.util.concurrent.locks.AbstractQueuedSynchronizer$ConditionObject.await(AbstractQueuedSynchronizer.java:2081)
 java.base@11.0.31/java.util.concurrent.LinkedBlockingQueue.take(LinkedBlockingQueue.java:433)
 java.base@11.0.31/java.util.concurrent.ThreadPoolExecutor.getTask(ThreadPoolExecutor.java:1054)
 java.base@11.0.31/java.util.concurrent.ThreadPoolExecutor.runWorker(ThreadPoolExecutor.java:1114)
 java.base@11.0.31/java.util.concurrent.ThreadPoolExecutor$Worker.run(ThreadPoolExecutor.java:628)
 java.base@11.0.31/java.lang.Thread.run(Thread.java:829)
09-Oct-2026 11:10:16.311 INFO [main] org.apache.catalina.startup.HostConfig.deployDescriptor Deployment of deployment descriptor [/usr/local/tomcat/conf/Catalina/localhost/ROOT.xml] has finished in [21,354] ms
09-Oct-2026 11:10:16.318 INFO [main] org.apache.coyote.AbstractProtocol.start Starting ProtocolHandler ["http-nio-8080"]
09-Oct-2026 11:10:16.356 INFO [main] org.apache.catalina.startup.Catalina.start Server startup in [21555] milliseconds
09-Oct-2026 11:10:19.856 INFO [pool-2-thread-2] org.apache.catalina.loader.WebappClassLoaderBase.checkStateForResourceLoading Illegal access: this web application instance has been stopped already. Could not load [com.fasterxml.jackson.annotation.JsonFilter]. The following stack trace is thrown for debugging purposes as well as to attempt to terminate the thread which caused the illegal access.
	java.lang.IllegalStateException: Illegal access: this web application instance has been stopped already. Could not load [com.fasterxml.jackson.annotation.JsonFilter]. The following stack trace is thrown for debugging purposes as well as to attempt to terminate the thread which caused the illegal access.
		at org.apache.catalina.loader.WebappClassLoaderBase.checkStateForResourceLoading(WebappClassLoaderBase.java:1370)
		at org.apache.catalina.loader.WebappClassLoaderBase.checkStateForClassLoading(WebappClassLoaderBase.java:1359)
		at org.apache.catalina.loader.WebappClassLoaderBase.loadClass(WebappClassLoaderBase.java:1193)
		at org.apache.catalina.loader.WebappClassLoaderBase.loadClass(WebappClassLoaderBase.java:1160)
		at com.fasterxml.jackson.databind.introspect.JacksonAnnotationIntrospector.findFilterId(JacksonAnnotationIntrospector.java:289)
		at com.fasterxml.jackson.databind.ser.BasicSerializerFactory.findFilterId(BasicSerializerFactory.java:1211)
		at com.fasterxml.jackson.databind.ser.BasicSerializerFactory.buildMapSerializer(BasicSerializerFactory.java:769)
		at com.fasterxml.jackson.databind.ser.BasicSerializerFactory.buildContainerSerializer(BasicSerializerFactory.java:568)
		at com.fasterxml.jackson.databind.ser.BeanSerializerFactory._createSerializer2(BeanSerializerFactory.java:196)
		at com.fasterxml.jackson.databind.ser.BeanSerializerFactory.createSerializer(BeanSerializerFactory.java:165)
		at com.fasterxml.jackson.databind.SerializerProvider._createUntypedSerializer(SerializerProvider.java:1388)
		at com.fasterxml.jackson.databind.SerializerProvider._createAndCacheUntypedSerializer(SerializerProvider.java:1336)
		at com.fasterxml.jackson.databind.SerializerProvider.findValueSerializer(SerializerProvider.java:510)
		at com.fasterxml.jackson.databind.SerializerProvider.findTypedValueSerializer(SerializerProvider.java:713)
		at com.fasterxml.jackson.databind.ser.DefaultSerializerProvider.serializeValue(DefaultSerializerProvider.java:308)
		at com.fasterxml.jackson.databind.ObjectMapper._configAndWriteValue(ObjectMapper.java:4094)
		at com.fasterxml.jackson.databind.ObjectMapper.writeValue(ObjectMapper.java:3342)
		at com.hmdm.plugins.webfilter.resolver.DnsEventImporter.run(DnsEventImporter.java:60)
		at java.base/java.util.concurrent.Executors$RunnableAdapter.call(Executors.java:515)
		at java.base/java.util.concurrent.FutureTask.runAndReset(FutureTask.java:305)
		at java.base/java.util.concurrent.ScheduledThreadPoolExecutor$ScheduledFutureTask.run(ScheduledThreadPoolExecutor.java:305)
		at java.base/java.util.concurrent.ThreadPoolExecutor.runWorker(ThreadPoolExecutor.java:1128)
		at java.base/java.util.concurrent.ThreadPoolExecutor$Worker.run(ThreadPoolExecutor.java:628)
		at java.base/java.lang.Thread.run(Thread.java:829)
09-Oct-2026 11:13:04.303 INFO [main] org.apache.catalina.startup.VersionLoggerListener.log Server version name:   Apache Tomcat/9.0.117
09-Oct-2026 11:13:04.331 INFO [main] org.apache.catalina.startup.VersionLoggerListener.log Server built:          Mar 30 2026 18:21:16 UTC
09-Oct-2026 11:13:04.332 INFO [main] org.apache.catalina.startup.VersionLoggerListener.log Server version number: 9.0.117.0
09-Oct-2026 11:13:04.332 INFO [main] org.apache.catalina.startup.VersionLoggerListener.log OS Name:               Linux
09-Oct-2026 11:13:04.332 INFO [main] org.apache.catalina.startup.VersionLoggerListener.log OS Version:            6.8.0-142-generic
09-Oct-2026 11:13:04.339 INFO [main] org.apache.catalina.startup.VersionLoggerListener.log Architecture:          amd64
09-Oct-2026 11:13:04.339 INFO [main] org.apache.catalina.startup.VersionLoggerListener.log Java Home:             /opt/java/openjdk
09-Oct-2026 11:13:04.339 INFO [main] org.apache.catalina.startup.VersionLoggerListener.log JVM Version:           11.0.31+11
09-Oct-2026 11:13:04.340 INFO [main] org.apache.catalina.startup.VersionLoggerListener.log JVM Vendor:            Eclipse Adoptium
09-Oct-2026 11:13:04.340 INFO [main] org.apache.catalina.startup.VersionLoggerListener.log CATALINA_BASE:         /usr/local/tomcat
09-Oct-2026 11:13:04.340 INFO [main] org.apache.catalina.startup.VersionLoggerListener.log CATALINA_HOME:         /usr/local/tomcat
09-Oct-2026 11:13:04.382 INFO [main] org.apache.catalina.startup.VersionLoggerListener.log Command line argument: --add-opens=java.base/java.lang=ALL-UNNAMED
09-Oct-2026 11:13:04.384 INFO [main] org.apache.catalina.startup.VersionLoggerListener.log Command line argument: --add-opens=java.base/java.lang.invoke=ALL-UNNAMED
09-Oct-2026 11:13:04.384 INFO [main] org.apache.catalina.startup.VersionLoggerListener.log Command line argument: --add-opens=java.base/java.lang.reflect=ALL-UNNAMED
09-Oct-2026 11:13:04.385 INFO [main] org.apache.catalina.startup.VersionLoggerListener.log Command line argument: --add-opens=java.base/java.io=ALL-UNNAMED
09-Oct-2026 11:13:04.385 INFO [main] org.apache.catalina.startup.VersionLoggerListener.log Command line argument: --add-opens=java.base/java.util=ALL-UNNAMED
09-Oct-2026 11:13:04.385 INFO [main] org.apache.catalina.startup.VersionLoggerListener.log Command line argument: --add-opens=java.base/java.util.concurrent=ALL-UNNAMED
09-Oct-2026 11:13:04.385 INFO [main] org.apache.catalina.startup.VersionLoggerListener.log Command line argument: --add-opens=java.rmi/sun.rmi.transport=ALL-UNNAMED
09-Oct-2026 11:13:04.385 INFO [main] org.apache.catalina.startup.VersionLoggerListener.log Command line argument: -Djava.util.logging.config.file=/usr/local/tomcat/conf/logging.properties
09-Oct-2026 11:13:04.385 INFO [main] org.apache.catalina.startup.VersionLoggerListener.log Command line argument: -Djava.util.logging.manager=org.apache.juli.ClassLoaderLogManager
09-Oct-2026 11:13:04.385 INFO [main] org.apache.catalina.startup.VersionLoggerListener.log Command line argument: -Djdk.tls.ephemeralDHKeySize=2048
09-Oct-2026 11:13:04.385 INFO [main] org.apache.catalina.startup.VersionLoggerListener.log Command line argument: -Djava.protocol.handler.pkgs=org.apache.catalina.webresources
09-Oct-2026 11:13:04.385 INFO [main] org.apache.catalina.startup.VersionLoggerListener.log Command line argument: -Dsun.io.useCanonCaches=false
09-Oct-2026 11:13:04.385 INFO [main] org.apache.catalina.startup.VersionLoggerListener.log Command line argument: -Dorg.apache.catalina.security.SecurityListener.UMASK=0022
09-Oct-2026 11:13:04.385 INFO [main] org.apache.catalina.startup.VersionLoggerListener.log Command line argument: -Dignore.endorsed.dirs=
09-Oct-2026 11:13:04.386 INFO [main] org.apache.catalina.startup.VersionLoggerListener.log Command line argument: -Dcatalina.base=/usr/local/tomcat
09-Oct-2026 11:13:04.386 INFO [main] org.apache.catalina.startup.VersionLoggerListener.log Command line argument: -Dcatalina.home=/usr/local/tomcat
09-Oct-2026 11:13:04.386 INFO [main] org.apache.catalina.startup.VersionLoggerListener.log Command line argument: -Djava.io.tmpdir=/usr/local/tomcat/temp
09-Oct-2026 11:13:04.391 INFO [main] org.apache.catalina.core.AprLifecycleListener.lifecycleEvent Loaded Apache Tomcat Native library [1.3.7] using APR version [1.7.0].
09-Oct-2026 11:13:04.391 INFO [main] org.apache.catalina.core.AprLifecycleListener.lifecycleEvent APR capabilities: IPv6 [true], sendfile [true], accept filters [false], random [true], UDS [true].
09-Oct-2026 11:13:04.391 INFO [main] org.apache.catalina.core.AprLifecycleListener.lifecycleEvent APR/OpenSSL configuration: useAprConnector [false], useOpenSSL [true]
09-Oct-2026 11:13:04.413 INFO [main] org.apache.catalina.core.AprLifecycleListener.initializeSSL OpenSSL successfully initialized [OpenSSL 3.0.2 15 Mar 2022]
09-Oct-2026 11:13:05.471 INFO [main] org.apache.coyote.AbstractProtocol.init Initializing ProtocolHandler ["http-nio-8080"]
09-Oct-2026 11:13:05.545 INFO [main] org.apache.catalina.startup.Catalina.load Server initialization in [1765] milliseconds
09-Oct-2026 11:13:05.710 INFO [main] org.apache.catalina.core.StandardService.startInternal Starting service [Catalina]
09-Oct-2026 11:13:05.710 INFO [main] org.apache.catalina.core.StandardEngine.startInternal Starting Servlet engine: [Apache Tomcat/9.0.117]
09-Oct-2026 11:13:05.727 INFO [main] org.apache.catalina.startup.HostConfig.deployDescriptor Deploying deployment descriptor [/usr/local/tomcat/conf/Catalina/localhost/ROOT.xml]
09-Oct-2026 11:13:11.579 INFO [main] org.apache.jasper.servlet.TldScanner.scanJars At least one JAR was scanned for TLDs yet contained no TLDs. Enable debug logging for this logger for a complete list of JARs that were scanned but no TLDs were found in them. Skipping unneeded JARs during scanning can improve startup time and JSP compilation time.
09-Oct-2026 11:13:34.372 INFO [main] nonapi.io.github.classgraph.classloaderhandler.lifecycle.ServletLifeCycleListener.contextInitialized Servlet context initialized
09-Oct-2026 11:13:35.978 SEVERE [main] org.apache.catalina.core.StandardContext.startInternal One or more Filters failed to start. Full details will be found in the appropriate container log file
09-Oct-2026 11:13:35.986 SEVERE [main] org.apache.catalina.core.StandardContext.startInternal Context [] startup failed due to previous errors
09-Oct-2026 11:13:35.999 INFO [main] nonapi.io.github.classgraph.classloaderhandler.lifecycle.ServletLifeCycleListener.contextDestroyed Servlet context destroyed -- closing any remaning open ClassGraph ScanResult instances
09-Oct-2026 11:13:36.011 WARNING [main] org.apache.catalina.loader.WebappClassLoaderBase.clearReferencesJdbc The web application [ROOT] registered the JDBC driver [org.postgresql.Driver] but failed to unregister it when the web application was stopped. To prevent a memory leak, the JDBC Driver has been forcibly unregistered.
09-Oct-2026 11:13:36.017 WARNING [main] org.apache.catalina.loader.WebappClassLoaderBase.clearReferencesThreads The web application [ROOT] appears to have started a thread named [pool-2-thread-1] but has failed to stop it. This is very likely to create a memory leak. Stack trace of thread:
 java.base@11.0.31/jdk.internal.misc.Unsafe.park(Native Method)
 java.base@11.0.31/java.util.concurrent.locks.LockSupport.parkNanos(LockSupport.java:234)
 java.base@11.0.31/java.util.concurrent.locks.AbstractQueuedSynchronizer$ConditionObject.awaitNanos(AbstractQueuedSynchronizer.java:2123)
 java.base@11.0.31/java.util.concurrent.ScheduledThreadPoolExecutor$DelayedWorkQueue.take(ScheduledThreadPoolExecutor.java:1182)
 java.base@11.0.31/java.util.concurrent.ScheduledThreadPoolExecutor$DelayedWorkQueue.take(ScheduledThreadPoolExecutor.java:899)
 java.base@11.0.31/java.util.concurrent.ThreadPoolExecutor.getTask(ThreadPoolExecutor.java:1054)
 java.base@11.0.31/java.util.concurrent.ThreadPoolExecutor.runWorker(ThreadPoolExecutor.java:1114)
 java.base@11.0.31/java.util.concurrent.ThreadPoolExecutor$Worker.run(ThreadPoolExecutor.java:628)
 java.base@11.0.31/java.lang.Thread.run(Thread.java:829)
09-Oct-2026 11:13:36.018 WARNING [main] org.apache.catalina.loader.WebappClassLoaderBase.clearReferencesThreads The web application [ROOT] appears to have started a thread named [pool-4-thread-1] but has failed to stop it. This is very likely to create a memory leak. Stack trace of thread:
 java.base@11.0.31/jdk.internal.misc.Unsafe.park(Native Method)
 java.base@11.0.31/java.util.concurrent.locks.LockSupport.parkNanos(LockSupport.java:234)
 java.base@11.0.31/java.util.concurrent.locks.AbstractQueuedSynchronizer$ConditionObject.awaitNanos(AbstractQueuedSynchronizer.java:2123)
 java.base@11.0.31/java.util.concurrent.ScheduledThreadPoolExecutor$DelayedWorkQueue.take(ScheduledThreadPoolExecutor.java:1182)
 java.base@11.0.31/java.util.concurrent.ScheduledThreadPoolExecutor$DelayedWorkQueue.take(ScheduledThreadPoolExecutor.java:899)
 java.base@11.0.31/java.util.concurrent.ThreadPoolExecutor.getTask(ThreadPoolExecutor.java:1054)
 java.base@11.0.31/java.util.concurrent.ThreadPoolExecutor.runWorker(ThreadPoolExecutor.java:1114)
 java.base@11.0.31/java.util.concurrent.ThreadPoolExecutor$Worker.run(ThreadPoolExecutor.java:628)
 java.base@11.0.31/java.lang.Thread.run(Thread.java:829)
09-Oct-2026 11:13:36.019 WARNING [main] org.apache.catalina.loader.WebappClassLoaderBase.clearReferencesThreads The web application [ROOT] appears to have started a thread named [ActiveMQ Broker[localhost] Scheduler] but has failed to stop it. This is very likely to create a memory leak. Stack trace of thread:
 java.base@11.0.31/java.lang.Object.wait(Native Method)
 java.base@11.0.31/java.lang.Object.wait(Object.java:328)
 java.base@11.0.31/java.util.TimerThread.mainLoop(Timer.java:527)
 java.base@11.0.31/java.util.TimerThread.run(Timer.java:506)
09-Oct-2026 11:13:36.020 WARNING [main] org.apache.catalina.loader.WebappClassLoaderBase.clearReferencesThreads The web application [ROOT] appears to have started a thread named [ActiveMQ Transport Server Thread Handler: mqtt://0.0.0.0:31000] but has failed to stop it. This is very likely to create a memory leak. Stack trace of thread:
 java.base@11.0.31/jdk.internal.misc.Unsafe.park(Native Method)
 java.base@11.0.31/java.util.concurrent.locks.LockSupport.parkNanos(LockSupport.java:234)
 java.base@11.0.31/java.util.concurrent.locks.AbstractQueuedSynchronizer$ConditionObject.awaitNanos(AbstractQueuedSynchronizer.java:2123)
 java.base@11.0.31/java.util.concurrent.LinkedBlockingQueue.poll(LinkedBlockingQueue.java:458)
 org.apache.activemq.transport.tcp.TcpTransportServer$1.run(TcpTransportServer.java:496)
 java.base@11.0.31/java.lang.Thread.run(Thread.java:829)
09-Oct-2026 11:13:36.024 WARNING [main] org.apache.catalina.loader.WebappClassLoaderBase.clearReferencesThreads The web application [ROOT] appears to have started a thread named [ActiveMQ Transport Server: mqtt://0.0.0.0:31000] but has failed to stop it. This is very likely to create a memory leak. Stack trace of thread:
 java.base@11.0.31/java.net.PlainSocketImpl.socketAccept(Native Method)
 java.base@11.0.31/java.net.AbstractPlainSocketImpl.accept(AbstractPlainSocketImpl.java:474)
 java.base@11.0.31/java.net.ServerSocket.implAccept(ServerSocket.java:565)
 java.base@11.0.31/java.net.ServerSocket.accept(ServerSocket.java:533)
 org.apache.activemq.transport.tcp.TcpTransportServer.doRunWithServerSocket(TcpTransportServer.java:420)
 org.apache.activemq.transport.tcp.TcpTransportServer.run(TcpTransportServer.java:342)
 java.base@11.0.31/java.lang.Thread.run(Thread.java:829)
09-Oct-2026 11:13:36.025 WARNING [main] org.apache.catalina.loader.WebappClassLoaderBase.clearReferencesThreads The web application [ROOT] appears to have started a thread named [MQTT Rec: HMDMServer] but has failed to stop it. This is very likely to create a memory leak. Stack trace of thread:
 java.base@11.0.31/java.net.SocketInputStream.socketRead0(Native Method)
 java.base@11.0.31/java.net.SocketInputStream.socketRead(SocketInputStream.java:115)
 java.base@11.0.31/java.net.SocketInputStream.read(SocketInputStream.java:168)
 java.base@11.0.31/java.net.SocketInputStream.read(SocketInputStream.java:140)
 java.base@11.0.31/java.net.SocketInputStream.read(SocketInputStream.java:200)
 java.base@11.0.31/java.io.DataInputStream.readByte(DataInputStream.java:270)
 org.eclipse.paho.client.mqttv3.internal.wire.MqttInputStream.readMqttWireMessage(MqttInputStream.java:92)
 org.eclipse.paho.client.mqttv3.internal.CommsReceiver.run(CommsReceiver.java:137)
 java.base@11.0.31/java.lang.Thread.run(Thread.java:829)
09-Oct-2026 11:13:36.025 WARNING [main] org.apache.catalina.loader.WebappClassLoaderBase.clearReferencesThreads The web application [ROOT] appears to have started a thread named [MQTT Snd: HMDMServer] but has failed to stop it. This is very likely to create a memory leak. Stack trace of thread:
 java.base@11.0.31/java.lang.Object.wait(Native Method)
 java.base@11.0.31/java.lang.Object.wait(Object.java:328)
 org.eclipse.paho.client.mqttv3.internal.ClientState.get(ClientState.java:825)
 org.eclipse.paho.client.mqttv3.internal.CommsSender.run(CommsSender.java:129)
 java.base@11.0.31/java.lang.Thread.run(Thread.java:829)
09-Oct-2026 11:13:36.029 WARNING [main] org.apache.catalina.loader.WebappClassLoaderBase.clearReferencesThreads The web application [ROOT] appears to have started a thread named [ActiveMQ BrokerService[localhost] Task-1] but has failed to stop it. This is very likely to create a memory leak. Stack trace of thread:
 java.base@11.0.31/jdk.internal.misc.Unsafe.park(Native Method)
 java.base@11.0.31/java.util.concurrent.locks.LockSupport.parkNanos(LockSupport.java:234)
 java.base@11.0.31/java.util.concurrent.SynchronousQueue$TransferStack.awaitFulfill(SynchronousQueue.java:462)
 java.base@11.0.31/java.util.concurrent.SynchronousQueue$TransferStack.transfer(SynchronousQueue.java:361)
 java.base@11.0.31/java.util.concurrent.SynchronousQueue.poll(SynchronousQueue.java:937)
 java.base@11.0.31/java.util.concurrent.ThreadPoolExecutor.getTask(ThreadPoolExecutor.java:1053)
 java.base@11.0.31/java.util.concurrent.ThreadPoolExecutor.runWorker(ThreadPoolExecutor.java:1114)
 java.base@11.0.31/java.util.concurrent.ThreadPoolExecutor$Worker.run(ThreadPoolExecutor.java:628)
 java.base@11.0.31/java.lang.Thread.run(Thread.java:829)
09-Oct-2026 11:13:36.035 WARNING [main] org.apache.catalina.loader.WebappClassLoaderBase.clearReferencesThreads The web application [ROOT] appears to have started a thread named [MQTT Call: HMDMServer] but has failed to stop it. This is very likely to create a memory leak. Stack trace of thread:
 java.base@11.0.31/java.lang.Object.wait(Native Method)
 java.base@11.0.31/java.lang.Object.wait(Object.java:328)
 org.eclipse.paho.client.mqttv3.internal.CommsCallback.run(CommsCallback.java:181)
 java.base@11.0.31/java.lang.Thread.run(Thread.java:829)
09-Oct-2026 11:13:36.039 WARNING [main] org.apache.catalina.loader.WebappClassLoaderBase.clearReferencesThreads The web application [ROOT] appears to have started a thread named [ActiveMQ Transport: tcp:///172.18.0.3:39594@31000] but has failed to stop it. This is very likely to create a memory leak. Stack trace of thread:
 java.base@11.0.31/java.net.SocketInputStream.socketRead0(Native Method)
 java.base@11.0.31/java.net.SocketInputStream.socketRead(SocketInputStream.java:115)
 java.base@11.0.31/java.net.SocketInputStream.read(SocketInputStream.java:168)
 java.base@11.0.31/java.net.SocketInputStream.read(SocketInputStream.java:140)
 org.apache.activemq.transport.tcp.TcpBufferedInputStream.fill(TcpBufferedInputStream.java:50)
 org.apache.activemq.transport.tcp.TcpTransport$2.fill(TcpTransport.java:634)
 org.apache.activemq.transport.tcp.TcpBufferedInputStream.read(TcpBufferedInputStream.java:59)
 org.apache.activemq.transport.tcp.TcpTransport$2.read(TcpTransport.java:619)
 java.base@11.0.31/java.io.DataInputStream.readByte(DataInputStream.java:270)
 org.apache.activemq.transport.mqtt.MQTTWireFormat.unmarshal(MQTTWireFormat.java:86)
 org.apache.activemq.transport.tcp.TcpTransport.readCommand(TcpTransport.java:240)
 org.apache.activemq.transport.tcp.TcpTransport.doRun(TcpTransport.java:232)
 org.apache.activemq.transport.tcp.TcpTransport.run(TcpTransport.java:215)
 java.base@11.0.31/java.lang.Thread.run(Thread.java:829)
09-Oct-2026 11:13:36.039 WARNING [main] org.apache.catalina.loader.WebappClassLoaderBase.clearReferencesThreads The web application [ROOT] appears to have started a thread named [ActiveMQ BrokerService[localhost] Task-2] but has failed to stop it. This is very likely to create a memory leak. Stack trace of thread:
 java.base@11.0.31/jdk.internal.misc.Unsafe.park(Native Method)
 java.base@11.0.31/java.util.concurrent.locks.LockSupport.parkNanos(LockSupport.java:234)
 java.base@11.0.31/java.util.concurrent.SynchronousQueue$TransferStack.awaitFulfill(SynchronousQueue.java:462)
 java.base@11.0.31/java.util.concurrent.SynchronousQueue$TransferStack.transfer(SynchronousQueue.java:361)
 java.base@11.0.31/java.util.concurrent.SynchronousQueue.poll(SynchronousQueue.java:937)
 java.base@11.0.31/java.util.concurrent.ThreadPoolExecutor.getTask(ThreadPoolExecutor.java:1053)
 java.base@11.0.31/java.util.concurrent.ThreadPoolExecutor.runWorker(ThreadPoolExecutor.java:1114)
 java.base@11.0.31/java.util.concurrent.ThreadPoolExecutor$Worker.run(ThreadPoolExecutor.java:628)
 java.base@11.0.31/java.lang.Thread.run(Thread.java:829)
09-Oct-2026 11:13:36.040 WARNING [main] org.apache.catalina.loader.WebappClassLoaderBase.clearReferencesThreads The web application [ROOT] appears to have started a thread named [InactivityMonitor ReadCheck] but has failed to stop it. This is very likely to create a memory leak. Stack trace of thread:
 java.base@11.0.31/java.lang.Object.wait(Native Method)
 java.base@11.0.31/java.util.TimerThread.mainLoop(Timer.java:553)
 java.base@11.0.31/java.util.TimerThread.run(Timer.java:506)
09-Oct-2026 11:13:36.040 WARNING [main] org.apache.catalina.loader.WebappClassLoaderBase.clearReferencesThreads The web application [ROOT] appears to have started a thread named [MQTT Ping: HMDMServer] but has failed to stop it. This is very likely to create a memory leak. Stack trace of thread:
 java.base@11.0.31/java.lang.Object.wait(Native Method)
 java.base@11.0.31/java.util.TimerThread.mainLoop(Timer.java:553)
 java.base@11.0.31/java.util.TimerThread.run(Timer.java:506)
09-Oct-2026 11:13:36.041 WARNING [main] org.apache.catalina.loader.WebappClassLoaderBase.clearReferencesThreads The web application [ROOT] appears to have started a thread named [pool-2-thread-2] but has failed to stop it. This is very likely to create a memory leak. Stack trace of thread:
 java.base@11.0.31/jdk.internal.misc.Unsafe.park(Native Method)
 java.base@11.0.31/java.util.concurrent.locks.LockSupport.park(LockSupport.java:194)
 java.base@11.0.31/java.util.concurrent.locks.AbstractQueuedSynchronizer$ConditionObject.await(AbstractQueuedSynchronizer.java:2081)
 java.base@11.0.31/java.util.concurrent.ScheduledThreadPoolExecutor$DelayedWorkQueue.take(ScheduledThreadPoolExecutor.java:1177)
 java.base@11.0.31/java.util.concurrent.ScheduledThreadPoolExecutor$DelayedWorkQueue.take(ScheduledThreadPoolExecutor.java:899)
 java.base@11.0.31/java.util.concurrent.ThreadPoolExecutor.getTask(ThreadPoolExecutor.java:1054)
 java.base@11.0.31/java.util.concurrent.ThreadPoolExecutor.runWorker(ThreadPoolExecutor.java:1114)
 java.base@11.0.31/java.util.concurrent.ThreadPoolExecutor$Worker.run(ThreadPoolExecutor.java:628)
 java.base@11.0.31/java.lang.Thread.run(Thread.java:829)
09-Oct-2026 11:13:36.045 WARNING [main] org.apache.catalina.loader.WebappClassLoaderBase.clearReferencesThreads The web application [ROOT] appears to have started a thread named [pool-5-thread-1] but has failed to stop it. This is very likely to create a memory leak. Stack trace of thread:
 java.base@11.0.31/java.net.SocketInputStream.socketRead0(Native Method)
 java.base@11.0.31/java.net.SocketInputStream.socketRead(SocketInputStream.java:115)
 java.base@11.0.31/java.net.SocketInputStream.read(SocketInputStream.java:168)
 java.base@11.0.31/java.net.SocketInputStream.read(SocketInputStream.java:140)
 org.postgresql.core.VisibleBufferedInputStream.readMore(VisibleBufferedInputStream.java:161)
 org.postgresql.core.VisibleBufferedInputStream.ensureBytes(VisibleBufferedInputStream.java:128)
 org.postgresql.core.VisibleBufferedInputStream.ensureBytes(VisibleBufferedInputStream.java:113)
 org.postgresql.core.VisibleBufferedInputStream.read(VisibleBufferedInputStream.java:73)
 org.postgresql.core.PGStream.receiveChar(PGStream.java:453)
 org.postgresql.core.v3.QueryExecutorImpl.processResults(QueryExecutorImpl.java:2119)
 org.postgresql.core.v3.QueryExecutorImpl.execute(QueryExecutorImpl.java:355)
 org.postgresql.core.v3.QueryExecutorImpl.execute(QueryExecutorImpl.java:315)
 org.postgresql.jdbc.PgConnection.executeTransactionCommand(PgConnection.java:855)
 org.postgresql.jdbc.PgConnection.commit(PgConnection.java:877)
 java.base@11.0.31/jdk.internal.reflect.NativeMethodAccessorImpl.invoke0(Native Method)
 java.base@11.0.31/jdk.internal.reflect.NativeMethodAccessorImpl.invoke(NativeMethodAccessorImpl.java:62)
 java.base@11.0.31/jdk.internal.reflect.DelegatingMethodAccessorImpl.invoke(DelegatingMethodAccessorImpl.java:43)
 java.base@11.0.31/java.lang.reflect.Method.invoke(Method.java:566)
 org.apache.ibatis.datasource.pooled.PooledConnection.invoke(PooledConnection.java:245)
 platform//com.sun.proxy.$Proxy93.commit(Unknown Source)
 org.apache.ibatis.transaction.jdbc.JdbcTransaction.commit(JdbcTransaction.java:71)
 org.apache.ibatis.executor.BaseExecutor.commit(BaseExecutor.java:244)
 org.apache.ibatis.executor.CachingExecutor.commit(CachingExecutor.java:119)
 org.apache.ibatis.session.defaults.DefaultSqlSession.commit(DefaultSqlSession.java:223)
 org.apache.ibatis.session.SqlSessionManager.commit(SqlSessionManager.java:297)
 org.mybatis.guice.transactional.TransactionalMethodInterceptor.invoke(TransactionalMethodInterceptor.java:114)
 com.google.inject.internal.InterceptorStackCallback$InterceptedMethodInvocation.proceed(InterceptorStackCallback.java:78)
 com.google.inject.internal.InterceptorStackCallback.intercept(InterceptorStackCallback.java:54)
 com.hmdm.service.DeviceStatusService$$EnhancerByGuice$$5ddb3527.recalcDeviceStatuses(<generated>)
 com.hmdm.guice.module.EventListenerModule.lambda$init$0(EventListenerModule.java:69)
 com.hmdm.guice.module.EventListenerModule$$Lambda$269/0x00000008405f7c40.accept(Unknown Source)
 java.base@11.0.31/java.util.ArrayList.forEach(ArrayList.java:1541)
 com.hmdm.guice.module.EventListenerModule.lambda$init$1(EventListenerModule.java:67)
 com.hmdm.guice.module.EventListenerModule$$Lambda$263/0x00000008405a6040.run(Unknown Source)
 java.base@11.0.31/java.util.concurrent.Executors$RunnableAdapter.call(Executors.java:515)
 java.base@11.0.31/java.util.concurrent.FutureTask.run(FutureTask.java:264)
 java.base@11.0.31/java.util.concurrent.ThreadPoolExecutor.runWorker(ThreadPoolExecutor.java:1128)
 java.base@11.0.31/java.util.concurrent.ThreadPoolExecutor$Worker.run(ThreadPoolExecutor.java:628)
 java.base@11.0.31/java.lang.Thread.run(Thread.java:829)
09-Oct-2026 11:13:36.051 WARNING [main] org.apache.catalina.loader.WebappClassLoaderBase.clearReferencesThreads The web application [ROOT] appears to have started a thread named [pool-1-thread-1] but has failed to stop it. This is very likely to create a memory leak. Stack trace of thread:
 java.base@11.0.31/jdk.internal.misc.Unsafe.park(Native Method)
 java.base@11.0.31/java.util.concurrent.locks.LockSupport.park(LockSupport.java:194)
 java.base@11.0.31/java.util.concurrent.locks.AbstractQueuedSynchronizer$ConditionObject.await(AbstractQueuedSynchronizer.java:2081)
 java.base@11.0.31/java.util.concurrent.LinkedBlockingQueue.take(LinkedBlockingQueue.java:433)
 java.base@11.0.31/java.util.concurrent.ThreadPoolExecutor.getTask(ThreadPoolExecutor.java:1054)
 java.base@11.0.31/java.util.concurrent.ThreadPoolExecutor.runWorker(ThreadPoolExecutor.java:1114)
 java.base@11.0.31/java.util.concurrent.ThreadPoolExecutor$Worker.run(ThreadPoolExecutor.java:628)
 java.base@11.0.31/java.lang.Thread.run(Thread.java:829)
09-Oct-2026 11:13:36.054 WARNING [main] org.apache.catalina.loader.WebappClassLoaderBase.clearReferencesThreads The web application [ROOT] appears to have started a thread named [pool-1-thread-2] but has failed to stop it. This is very likely to create a memory leak. Stack trace of thread:
 java.base@11.0.31/jdk.internal.misc.Unsafe.park(Native Method)
 java.base@11.0.31/java.util.concurrent.locks.LockSupport.park(LockSupport.java:194)
 java.base@11.0.31/java.util.concurrent.locks.AbstractQueuedSynchronizer$ConditionObject.await(AbstractQueuedSynchronizer.java:2081)
 java.base@11.0.31/java.util.concurrent.LinkedBlockingQueue.take(LinkedBlockingQueue.java:433)
 java.base@11.0.31/java.util.concurrent.ThreadPoolExecutor.getTask(ThreadPoolExecutor.java:1054)
 java.base@11.0.31/java.util.concurrent.ThreadPoolExecutor.runWorker(ThreadPoolExecutor.java:1114)
 java.base@11.0.31/java.util.concurrent.ThreadPoolExecutor$Worker.run(ThreadPoolExecutor.java:628)
 java.base@11.0.31/java.lang.Thread.run(Thread.java:829)
09-Oct-2026 11:13:36.056 WARNING [main] org.apache.catalina.loader.WebappClassLoaderBase.clearReferencesThreads The web application [ROOT] appears to have started a thread named [pool-1-thread-3] but has failed to stop it. This is very likely to create a memory leak. Stack trace of thread:
 java.base@11.0.31/jdk.internal.misc.Unsafe.park(Native Method)
 java.base@11.0.31/java.util.concurrent.locks.LockSupport.park(LockSupport.java:194)
 java.base@11.0.31/java.util.concurrent.locks.AbstractQueuedSynchronizer$ConditionObject.await(AbstractQueuedSynchronizer.java:2081)
 java.base@11.0.31/java.util.concurrent.LinkedBlockingQueue.take(LinkedBlockingQueue.java:433)
 java.base@11.0.31/java.util.concurrent.ThreadPoolExecutor.getTask(ThreadPoolExecutor.java:1054)
 java.base@11.0.31/java.util.concurrent.ThreadPoolExecutor.runWorker(ThreadPoolExecutor.java:1114)
 java.base@11.0.31/java.util.concurrent.ThreadPoolExecutor$Worker.run(ThreadPoolExecutor.java:628)
 java.base@11.0.31/java.lang.Thread.run(Thread.java:829)
09-Oct-2026 11:13:36.057 WARNING [main] org.apache.catalina.loader.WebappClassLoaderBase.clearReferencesThreads The web application [ROOT] appears to have started a thread named [pool-1-thread-4] but has failed to stop it. This is very likely to create a memory leak. Stack trace of thread:
 java.base@11.0.31/jdk.internal.misc.Unsafe.park(Native Method)
 java.base@11.0.31/java.util.concurrent.locks.LockSupport.park(LockSupport.java:194)
 java.base@11.0.31/java.util.concurrent.locks.AbstractQueuedSynchronizer$ConditionObject.await(AbstractQueuedSynchronizer.java:2081)
 java.base@11.0.31/java.util.concurrent.LinkedBlockingQueue.take(LinkedBlockingQueue.java:433)
 java.base@11.0.31/java.util.concurrent.ThreadPoolExecutor.getTask(ThreadPoolExecutor.java:1054)
 java.base@11.0.31/java.util.concurrent.ThreadPoolExecutor.runWorker(ThreadPoolExecutor.java:1114)
 java.base@11.0.31/java.util.concurrent.ThreadPoolExecutor$Worker.run(ThreadPoolExecutor.java:628)
 java.base@11.0.31/java.lang.Thread.run(Thread.java:829)
09-Oct-2026 11:13:36.059 WARNING [main] org.apache.catalina.loader.WebappClassLoaderBase.clearReferencesThreads The web application [ROOT] appears to have started a thread named [pool-1-thread-5] but has failed to stop it. This is very likely to create a memory leak. Stack trace of thread:
 java.base@11.0.31/jdk.internal.misc.Unsafe.park(Native Method)
 java.base@11.0.31/java.util.concurrent.locks.LockSupport.park(LockSupport.java:194)
 java.base@11.0.31/java.util.concurrent.locks.AbstractQueuedSynchronizer$ConditionObject.await(AbstractQueuedSynchronizer.java:2081)
 java.base@11.0.31/java.util.concurrent.LinkedBlockingQueue.take(LinkedBlockingQueue.java:433)
 java.base@11.0.31/java.util.concurrent.ThreadPoolExecutor.getTask(ThreadPoolExecutor.java:1054)
 java.base@11.0.31/java.util.concurrent.ThreadPoolExecutor.runWorker(ThreadPoolExecutor.java:1114)
 java.base@11.0.31/java.util.concurrent.ThreadPoolExecutor$Worker.run(ThreadPoolExecutor.java:628)
 java.base@11.0.31/java.lang.Thread.run(Thread.java:829)
09-Oct-2026 11:13:36.073 SEVERE [main] org.apache.catalina.loader.WebappClassLoaderBase.checkThreadLocalMapForLeaks The web application [ROOT] created a ThreadLocal with key of type [java.lang.ThreadLocal] (value [java.lang.ThreadLocal@d88551a]) and a value of type [org.apache.ibatis.session.defaults.DefaultSqlSession] (value [org.apache.ibatis.session.defaults.DefaultSqlSession@3c12ee82]) but failed to remove it when the web application was stopped. Threads are going to be renewed over time to try and avoid a probable memory leak.
09-Oct-2026 11:13:36.106 INFO [main] org.apache.catalina.startup.HostConfig.deployDescriptor Deployment of deployment descriptor [/usr/local/tomcat/conf/Catalina/localhost/ROOT.xml] has finished in [30,372] ms
09-Oct-2026 11:13:36.122 INFO [pool-5-thread-1] org.apache.catalina.loader.WebappClassLoaderBase.checkStateForResourceLoading Illegal access: this web application instance has been stopped already. Could not load [com.fasterxml.jackson.databind.introspect.AnnotationCollector$NCollector]. The following stack trace is thrown for debugging purposes as well as to attempt to terminate the thread which caused the illegal access.
	java.lang.IllegalStateException: Illegal access: this web application instance has been stopped already. Could not load [com.fasterxml.jackson.databind.introspect.AnnotationCollector$NCollector]. The following stack trace is thrown for debugging purposes as well as to attempt to terminate the thread which caused the illegal access.
		at org.apache.catalina.loader.WebappClassLoaderBase.checkStateForResourceLoading(WebappClassLoaderBase.java:1370)
		at org.apache.catalina.loader.WebappClassLoaderBase.checkStateForClassLoading(WebappClassLoaderBase.java:1359)
		at org.apache.catalina.loader.WebappClassLoaderBase.loadClass(WebappClassLoaderBase.java:1193)
		at org.apache.catalina.loader.WebappClassLoaderBase.loadClass(WebappClassLoaderBase.java:1160)
		at com.fasterxml.jackson.databind.introspect.AnnotationCollector$EmptyCollector.addOrOverride(AnnotationCollector.java:83)
		at com.fasterxml.jackson.databind.introspect.AnnotatedClassResolver._addAnnotationsIfNotPresent(AnnotatedClassResolver.java:206)
		at com.fasterxml.jackson.databind.introspect.AnnotatedClassResolver.resolveClassAnnotations(AnnotatedClassResolver.java:153)
		at com.fasterxml.jackson.databind.introspect.AnnotatedClassResolver.resolveFully(AnnotatedClassResolver.java:118)
		at com.fasterxml.jackson.databind.introspect.AnnotatedClassResolver.resolve(AnnotatedClassResolver.java:69)
		at com.fasterxml.jackson.databind.introspect.BasicClassIntrospector._resolveAnnotatedClass(BasicClassIntrospector.java:281)
		at com.fasterxml.jackson.databind.introspect.BasicClassIntrospector.collectProperties(BasicClassIntrospector.java:191)
		at com.fasterxml.jackson.databind.introspect.BasicClassIntrospector.forDeserialization(BasicClassIntrospector.java:112)
		at com.fasterxml.jackson.databind.introspect.BasicClassIntrospector.forDeserialization(BasicClassIntrospector.java:16)
		at com.fasterxml.jackson.databind.DeserializationConfig.introspect(DeserializationConfig.java:801)
		at com.fasterxml.jackson.databind.deser.DeserializerCache._createDeserializer(DeserializerCache.java:324)
		at com.fasterxml.jackson.databind.deser.DeserializerCache._createAndCache2(DeserializerCache.java:264)
		at com.fasterxml.jackson.databind.deser.DeserializerCache._createAndCacheValueDeserializer(DeserializerCache.java:244)
		at com.fasterxml.jackson.databind.deser.DeserializerCache.findValueDeserializer(DeserializerCache.java:142)
		at com.fasterxml.jackson.databind.DeserializationContext.findRootValueDeserializer(DeserializationContext.java:476)
		at com.fasterxml.jackson.databind.ObjectMapper._findRootDeserializer(ObjectMapper.java:4389)
		at com.fasterxml.jackson.databind.ObjectMapper._readMapAndClose(ObjectMapper.java:4198)
		at com.fasterxml.jackson.databind.ObjectMapper.readValue(ObjectMapper.java:3205)
		at com.fasterxml.jackson.databind.ObjectMapper.readValue(ObjectMapper.java:3173)
		at com.hmdm.service.DeviceStatusService.recalcDeviceStatuses(DeviceStatusService.java:80)
		at com.hmdm.service.DeviceStatusService$$EnhancerByGuice$$5ddb3527.CGLIB$recalcDeviceStatuses$0(<generated>)
		at com.hmdm.service.DeviceStatusService$$EnhancerByGuice$$5ddb3527$$FastClassByGuice$$51b5da95.invoke(<generated>)
		at com.google.inject.internal.cglib.proxy.$MethodProxy.invokeSuper(MethodProxy.java:228)
		at com.google.inject.internal.InterceptorStackCallback$InterceptedMethodInvocation.proceed(InterceptorStackCallback.java:76)
		at org.mybatis.guice.transactional.TransactionalMethodInterceptor.invoke(TransactionalMethodInterceptor.java:96)
		at com.google.inject.internal.InterceptorStackCallback$InterceptedMethodInvocation.proceed(InterceptorStackCallback.java:78)
		at org.mybatis.guice.transactional.TransactionalMethodInterceptor.invoke(TransactionalMethodInterceptor.java:96)
		at com.google.inject.internal.InterceptorStackCallback$InterceptedMethodInvocation.proceed(InterceptorStackCallback.java:78)
		at org.mybatis.guice.transactional.TransactionalMethodInterceptor.invoke(TransactionalMethodInterceptor.java:96)
		at com.google.inject.internal.InterceptorStackCallback$InterceptedMethodInvocation.proceed(InterceptorStackCallback.java:78)
		at org.mybatis.guice.transactional.TransactionalMethodInterceptor.invoke(TransactionalMethodInterceptor.java:96)
		at com.google.inject.internal.InterceptorStackCallback$InterceptedMethodInvocation.proceed(InterceptorStackCallback.java:78)
		at org.mybatis.guice.transactional.TransactionalMethodInterceptor.invoke(TransactionalMethodInterceptor.java:96)
		at com.google.inject.internal.InterceptorStackCallback$InterceptedMethodInvocation.proceed(InterceptorStackCallback.java:78)
		at org.mybatis.guice.transactional.TransactionalMethodInterceptor.invoke(TransactionalMethodInterceptor.java:96)
		at com.google.inject.internal.InterceptorStackCallback$InterceptedMethodInvocation.proceed(InterceptorStackCallback.java:78)
		at org.mybatis.guice.transactional.TransactionalMethodInterceptor.invoke(TransactionalMethodInterceptor.java:96)
		at com.google.inject.internal.InterceptorStackCallback$InterceptedMethodInvocation.proceed(InterceptorStackCallback.java:78)
		at org.mybatis.guice.transactional.TransactionalMethodInterceptor.invoke(TransactionalMethodInterceptor.java:96)
		at com.google.inject.internal.InterceptorStackCallback$InterceptedMethodInvocation.proceed(InterceptorStackCallback.java:78)
		at org.mybatis.guice.transactional.TransactionalMethodInterceptor.invoke(TransactionalMethodInterceptor.java:96)
		at com.google.inject.internal.InterceptorStackCallback$InterceptedMethodInvocation.proceed(InterceptorStackCallback.java:78)
		at org.mybatis.guice.transactional.TransactionalMethodInterceptor.invoke(TransactionalMethodInterceptor.java:96)
		at com.google.inject.internal.InterceptorStackCallback$InterceptedMethodInvocation.proceed(InterceptorStackCallback.java:78)
		at com.google.inject.internal.InterceptorStackCallback.intercept(InterceptorStackCallback.java:54)
		at com.hmdm.service.DeviceStatusService$$EnhancerByGuice$$5ddb3527.recalcDeviceStatuses(<generated>)
		at com.hmdm.guice.module.EventListenerModule.lambda$init$0(EventListenerModule.java:69)
		at java.base/java.util.ArrayList.forEach(ArrayList.java:1541)
		at com.hmdm.guice.module.EventListenerModule.lambda$init$1(EventListenerModule.java:67)
		at java.base/java.util.concurrent.Executors$RunnableAdapter.call(Executors.java:515)
		at java.base/java.util.concurrent.FutureTask.run(FutureTask.java:264)
		at java.base/java.util.concurrent.ThreadPoolExecutor.runWorker(ThreadPoolExecutor.java:1128)
		at java.base/java.util.concurrent.ThreadPoolExecutor$Worker.run(ThreadPoolExecutor.java:628)
		at java.base/java.lang.Thread.run(Thread.java:829)
09-Oct-2026 11:13:36.152 INFO [main] org.apache.coyote.AbstractProtocol.start Starting ProtocolHandler ["http-nio-8080"]
09-Oct-2026 11:13:36.214 INFO [pool-5-thread-1] org.apache.catalina.loader.WebappClassLoaderBase.checkStateForResourceLoading Illegal access: this web application instance has been stopped already. Could not load [org.apache.log4j.spi.ThrowableInformation]. The following stack trace is thrown for debugging purposes as well as to attempt to terminate the thread which caused the illegal access.
	java.lang.IllegalStateException: Illegal access: this web application instance has been stopped already. Could not load [org.apache.log4j.spi.ThrowableInformation]. The following stack trace is thrown for debugging purposes as well as to attempt to terminate the thread which caused the illegal access.
		at org.apache.catalina.loader.WebappClassLoaderBase.checkStateForResourceLoading(WebappClassLoaderBase.java:1370)
		at org.apache.catalina.loader.WebappClassLoaderBase.checkStateForClassLoading(WebappClassLoaderBase.java:1359)
		at org.apache.catalina.loader.WebappClassLoaderBase.loadClass(WebappClassLoaderBase.java:1193)
		at org.apache.catalina.loader.WebappClassLoaderBase.loadClass(WebappClassLoaderBase.java:1160)
		at org.apache.log4j.spi.LoggingEvent.<init>(LoggingEvent.java:177)
		at org.apache.log4j.Category.forcedLog(Category.java:384)
		at org.apache.log4j.Category.log(Category.java:810)
		at org.slf4j.reload4j.Reload4jLoggerAdapter.handleNormalizedLoggingCall(Reload4jLoggerAdapter.java:137)
		at org.slf4j.helpers.AbstractLogger.handle2ArgsCall(AbstractLogger.java:391)
		at org.slf4j.helpers.AbstractLogger.warn(AbstractLogger.java:275)
		at com.hmdm.guice.module.EventListenerModule.lambda$init$0(EventListenerModule.java:71)
		at java.base/java.util.ArrayList.forEach(ArrayList.java:1541)
		at com.hmdm.guice.module.EventListenerModule.lambda$init$1(EventListenerModule.java:67)
		at java.base/java.util.concurrent.Executors$RunnableAdapter.call(Executors.java:515)
		at java.base/java.util.concurrent.FutureTask.run(FutureTask.java:264)
		at java.base/java.util.concurrent.ThreadPoolExecutor.runWorker(ThreadPoolExecutor.java:1128)
		at java.base/java.util.concurrent.ThreadPoolExecutor$Worker.run(ThreadPoolExecutor.java:628)
		at java.base/java.lang.Thread.run(Thread.java:829)
09-Oct-2026 11:13:36.273 INFO [main] org.apache.catalina.startup.Catalina.start Server startup in [30726] milliseconds
09-Oct-2026 11:13:39.235 INFO [pool-2-thread-1] org.apache.catalina.loader.WebappClassLoaderBase.checkStateForResourceLoading Illegal access: this web application instance has been stopped already. Could not load [com.fasterxml.jackson.core.io.NumberInput]. The following stack trace is thrown for debugging purposes as well as to attempt to terminate the thread which caused the illegal access.
	java.lang.IllegalStateException: Illegal access: this web application instance has been stopped already. Could not load [com.fasterxml.jackson.core.io.NumberInput]. The following stack trace is thrown for debugging purposes as well as to attempt to terminate the thread which caused the illegal access.
		at org.apache.catalina.loader.WebappClassLoaderBase.checkStateForResourceLoading(WebappClassLoaderBase.java:1370)
		at org.apache.catalina.loader.WebappClassLoaderBase.checkStateForClassLoading(WebappClassLoaderBase.java:1359)
		at org.apache.catalina.loader.WebappClassLoaderBase.loadClass(WebappClassLoaderBase.java:1193)
		at org.apache.catalina.loader.WebappClassLoaderBase.loadClass(WebappClassLoaderBase.java:1160)
		at com.fasterxml.jackson.core.util.TextBuffer.contentsAsInt(TextBuffer.java:490)
		at com.fasterxml.jackson.core.base.ParserBase._parseNumericValue(ParserBase.java:748)
		at com.fasterxml.jackson.core.base.ParserBase.getNumberType(ParserBase.java:617)
		at com.fasterxml.jackson.databind.deser.std.BaseNodeDeserializer._fromInt(JsonNodeDeserializer.java:570)
		at com.fasterxml.jackson.databind.deser.std.BaseNodeDeserializer.deserializeObject(JsonNodeDeserializer.java:270)
		at com.fasterxml.jackson.databind.deser.std.JsonNodeDeserializer.deserialize(JsonNodeDeserializer.java:68)
		at com.fasterxml.jackson.databind.deser.std.JsonNodeDeserializer.deserialize(JsonNodeDeserializer.java:15)
		at com.fasterxml.jackson.databind.ObjectMapper._readTreeAndClose(ObjectMapper.java:4254)
		at com.fasterxml.jackson.databind.ObjectMapper.readTree(ObjectMapper.java:2745)
		at com.hmdm.plugins.webfilter.resolver.DnsEventImporter.run(DnsEventImporter.java:51)
		at java.base/java.util.concurrent.Executors$RunnableAdapter.call(Executors.java:515)
		at java.base/java.util.concurrent.FutureTask.runAndReset(FutureTask.java:305)
		at java.base/java.util.concurrent.ScheduledThreadPoolExecutor$ScheduledFutureTask.run(ScheduledThreadPoolExecutor.java:305)
		at java.base/java.util.concurrent.ThreadPoolExecutor.runWorker(ThreadPoolExecutor.java:1128)
		at java.base/java.util.concurrent.ThreadPoolExecutor$Worker.run(ThreadPoolExecutor.java:628)
		at java.base/java.lang.Thread.run(Thread.java:829)
09-Oct-2026 11:15:21.741 INFO [main] org.apache.catalina.startup.VersionLoggerListener.log Server version name:   Apache Tomcat/9.0.117
09-Oct-2026 11:15:21.759 INFO [main] org.apache.catalina.startup.VersionLoggerListener.log Server built:          Mar 30 2026 18:21:16 UTC
09-Oct-2026 11:15:21.762 INFO [main] org.apache.catalina.startup.VersionLoggerListener.log Server version number: 9.0.117.0
09-Oct-2026 11:15:21.762 INFO [main] org.apache.catalina.startup.VersionLoggerListener.log OS Name:               Linux
09-Oct-2026 11:15:21.766 INFO [main] org.apache.catalina.startup.VersionLoggerListener.log OS Version:            6.8.0-142-generic
09-Oct-2026 11:15:21.767 INFO [main] org.apache.catalina.startup.VersionLoggerListener.log Architecture:          amd64
09-Oct-2026 11:15:21.767 INFO [main] org.apache.catalina.startup.VersionLoggerListener.log Java Home:             /opt/java/openjdk
09-Oct-2026 11:15:21.768 INFO [main] org.apache.catalina.startup.VersionLoggerListener.log JVM Version:           11.0.31+11
09-Oct-2026 11:15:21.769 INFO [main] org.apache.catalina.startup.VersionLoggerListener.log JVM Vendor:            Eclipse Adoptium
09-Oct-2026 11:15:21.770 INFO [main] org.apache.catalina.startup.VersionLoggerListener.log CATALINA_BASE:         /usr/local/tomcat
09-Oct-2026 11:15:21.770 INFO [main] org.apache.catalina.startup.VersionLoggerListener.log CATALINA_HOME:         /usr/local/tomcat
09-Oct-2026 11:15:21.806 INFO [main] org.apache.catalina.startup.VersionLoggerListener.log Command line argument: --add-opens=java.base/java.lang=ALL-UNNAMED
09-Oct-2026 11:15:21.820 INFO [main] org.apache.catalina.startup.VersionLoggerListener.log Command line argument: --add-opens=java.base/java.lang.invoke=ALL-UNNAMED
09-Oct-2026 11:15:21.820 INFO [main] org.apache.catalina.startup.VersionLoggerListener.log Command line argument: --add-opens=java.base/java.lang.reflect=ALL-UNNAMED
09-Oct-2026 11:15:21.820 INFO [main] org.apache.catalina.startup.VersionLoggerListener.log Command line argument: --add-opens=java.base/java.io=ALL-UNNAMED
09-Oct-2026 11:15:21.820 INFO [main] org.apache.catalina.startup.VersionLoggerListener.log Command line argument: --add-opens=java.base/java.util=ALL-UNNAMED
09-Oct-2026 11:15:21.821 INFO [main] org.apache.catalina.startup.VersionLoggerListener.log Command line argument: --add-opens=java.base/java.util.concurrent=ALL-UNNAMED
09-Oct-2026 11:15:21.821 INFO [main] org.apache.catalina.startup.VersionLoggerListener.log Command line argument: --add-opens=java.rmi/sun.rmi.transport=ALL-UNNAMED
09-Oct-2026 11:15:21.822 INFO [main] org.apache.catalina.startup.VersionLoggerListener.log Command line argument: -Djava.util.logging.config.file=/usr/local/tomcat/conf/logging.properties
09-Oct-2026 11:15:21.822 INFO [main] org.apache.catalina.startup.VersionLoggerListener.log Command line argument: -Djava.util.logging.manager=org.apache.juli.ClassLoaderLogManager
09-Oct-2026 11:15:21.822 INFO [main] org.apache.catalina.startup.VersionLoggerListener.log Command line argument: -Djdk.tls.ephemeralDHKeySize=2048
09-Oct-2026 11:15:21.822 INFO [main] org.apache.catalina.startup.VersionLoggerListener.log Command line argument: -Djava.protocol.handler.pkgs=org.apache.catalina.webresources
09-Oct-2026 11:15:21.822 INFO [main] org.apache.catalina.startup.VersionLoggerListener.log Command line argument: -Dsun.io.useCanonCaches=false
09-Oct-2026 11:15:21.822 INFO [main] org.apache.catalina.startup.VersionLoggerListener.log Command line argument: -Dorg.apache.catalina.security.SecurityListener.UMASK=0022
09-Oct-2026 11:15:21.822 INFO [main] org.apache.catalina.startup.VersionLoggerListener.log Command line argument: -Dignore.endorsed.dirs=
09-Oct-2026 11:15:21.827 INFO [main] org.apache.catalina.startup.VersionLoggerListener.log Command line argument: -Dcatalina.base=/usr/local/tomcat
09-Oct-2026 11:15:21.827 INFO [main] org.apache.catalina.startup.VersionLoggerListener.log Command line argument: -Dcatalina.home=/usr/local/tomcat
09-Oct-2026 11:15:21.827 INFO [main] org.apache.catalina.startup.VersionLoggerListener.log Command line argument: -Djava.io.tmpdir=/usr/local/tomcat/temp
09-Oct-2026 11:15:21.844 INFO [main] org.apache.catalina.core.AprLifecycleListener.lifecycleEvent Loaded Apache Tomcat Native library [1.3.7] using APR version [1.7.0].
09-Oct-2026 11:15:21.854 INFO [main] org.apache.catalina.core.AprLifecycleListener.lifecycleEvent APR capabilities: IPv6 [true], sendfile [true], accept filters [false], random [true], UDS [true].
09-Oct-2026 11:15:21.854 INFO [main] org.apache.catalina.core.AprLifecycleListener.lifecycleEvent APR/OpenSSL configuration: useAprConnector [false], useOpenSSL [true]
09-Oct-2026 11:15:21.870 INFO [main] org.apache.catalina.core.AprLifecycleListener.initializeSSL OpenSSL successfully initialized [OpenSSL 3.0.2 15 Mar 2022]
09-Oct-2026 11:15:23.152 INFO [main] org.apache.coyote.AbstractProtocol.init Initializing ProtocolHandler ["http-nio-8080"]
09-Oct-2026 11:15:23.251 INFO [main] org.apache.catalina.startup.Catalina.load Server initialization in [2592] milliseconds
09-Oct-2026 11:15:23.479 INFO [main] org.apache.catalina.core.StandardService.startInternal Starting service [Catalina]
09-Oct-2026 11:15:23.479 INFO [main] org.apache.catalina.core.StandardEngine.startInternal Starting Servlet engine: [Apache Tomcat/9.0.117]
09-Oct-2026 11:15:23.505 INFO [main] org.apache.catalina.startup.HostConfig.deployDescriptor Deploying deployment descriptor [/usr/local/tomcat/conf/Catalina/localhost/ROOT.xml]
09-Oct-2026 11:15:32.100 INFO [main] org.apache.jasper.servlet.TldScanner.scanJars At least one JAR was scanned for TLDs yet contained no TLDs. Enable debug logging for this logger for a complete list of JARs that were scanned but no TLDs were found in them. Skipping unneeded JARs during scanning can improve startup time and JSP compilation time.
09-Oct-2026 11:15:52.038 INFO [main] nonapi.io.github.classgraph.classloaderhandler.lifecycle.ServletLifeCycleListener.contextInitialized Servlet context initialized
09-Oct-2026 11:15:53.715 SEVERE [main] org.apache.catalina.core.StandardContext.startInternal One or more Filters failed to start. Full details will be found in the appropriate container log file
09-Oct-2026 11:15:53.720 SEVERE [main] org.apache.catalina.core.StandardContext.startInternal Context [] startup failed due to previous errors
09-Oct-2026 11:15:53.730 INFO [main] nonapi.io.github.classgraph.classloaderhandler.lifecycle.ServletLifeCycleListener.contextDestroyed Servlet context destroyed -- closing any remaning open ClassGraph ScanResult instances
09-Oct-2026 11:15:53.739 WARNING [main] org.apache.catalina.loader.WebappClassLoaderBase.clearReferencesJdbc The web application [ROOT] registered the JDBC driver [org.postgresql.Driver] but failed to unregister it when the web application was stopped. To prevent a memory leak, the JDBC Driver has been forcibly unregistered.
09-Oct-2026 11:15:53.752 WARNING [main] org.apache.catalina.loader.WebappClassLoaderBase.clearReferencesThreads The web application [ROOT] appears to have started a thread named [pool-2-thread-1] but has failed to stop it. This is very likely to create a memory leak. Stack trace of thread:
 java.base@11.0.31/jdk.internal.misc.Unsafe.park(Native Method)
 java.base@11.0.31/java.util.concurrent.locks.LockSupport.park(LockSupport.java:194)
 java.base@11.0.31/java.util.concurrent.locks.AbstractQueuedSynchronizer$ConditionObject.await(AbstractQueuedSynchronizer.java:2081)
 java.base@11.0.31/java.util.concurrent.ScheduledThreadPoolExecutor$DelayedWorkQueue.take(ScheduledThreadPoolExecutor.java:1177)
 java.base@11.0.31/java.util.concurrent.ScheduledThreadPoolExecutor$DelayedWorkQueue.take(ScheduledThreadPoolExecutor.java:899)
 java.base@11.0.31/java.util.concurrent.ThreadPoolExecutor.getTask(ThreadPoolExecutor.java:1054)
 java.base@11.0.31/java.util.concurrent.ThreadPoolExecutor.runWorker(ThreadPoolExecutor.java:1114)
 java.base@11.0.31/java.util.concurrent.ThreadPoolExecutor$Worker.run(ThreadPoolExecutor.java:628)
 java.base@11.0.31/java.lang.Thread.run(Thread.java:829)
09-Oct-2026 11:15:53.755 WARNING [main] org.apache.catalina.loader.WebappClassLoaderBase.clearReferencesThreads The web application [ROOT] appears to have started a thread named [pool-4-thread-1] but has failed to stop it. This is very likely to create a memory leak. Stack trace of thread:
 java.base@11.0.31/jdk.internal.misc.Unsafe.park(Native Method)
 java.base@11.0.31/java.util.concurrent.locks.LockSupport.parkNanos(LockSupport.java:234)
 java.base@11.0.31/java.util.concurrent.locks.AbstractQueuedSynchronizer$ConditionObject.awaitNanos(AbstractQueuedSynchronizer.java:2123)
 java.base@11.0.31/java.util.concurrent.ScheduledThreadPoolExecutor$DelayedWorkQueue.take(ScheduledThreadPoolExecutor.java:1182)
 java.base@11.0.31/java.util.concurrent.ScheduledThreadPoolExecutor$DelayedWorkQueue.take(ScheduledThreadPoolExecutor.java:899)
 java.base@11.0.31/java.util.concurrent.ThreadPoolExecutor.getTask(ThreadPoolExecutor.java:1054)
 java.base@11.0.31/java.util.concurrent.ThreadPoolExecutor.runWorker(ThreadPoolExecutor.java:1114)
 java.base@11.0.31/java.util.concurrent.ThreadPoolExecutor$Worker.run(ThreadPoolExecutor.java:628)
 java.base@11.0.31/java.lang.Thread.run(Thread.java:829)
09-Oct-2026 11:15:53.755 WARNING [main] org.apache.catalina.loader.WebappClassLoaderBase.clearReferencesThreads The web application [ROOT] appears to have started a thread named [ActiveMQ Broker[localhost] Scheduler] but has failed to stop it. This is very likely to create a memory leak. Stack trace of thread:
 java.base@11.0.31/java.lang.Object.wait(Native Method)
 java.base@11.0.31/java.lang.Object.wait(Object.java:328)
 java.base@11.0.31/java.util.TimerThread.mainLoop(Timer.java:527)
 java.base@11.0.31/java.util.TimerThread.run(Timer.java:506)
09-Oct-2026 11:15:53.758 WARNING [main] org.apache.catalina.loader.WebappClassLoaderBase.clearReferencesThreads The web application [ROOT] appears to have started a thread named [ActiveMQ Transport Server Thread Handler: mqtt://0.0.0.0:31000] but has failed to stop it. This is very likely to create a memory leak. Stack trace of thread:
 java.base@11.0.31/jdk.internal.misc.Unsafe.park(Native Method)
 java.base@11.0.31/java.util.concurrent.locks.LockSupport.parkNanos(LockSupport.java:234)
 java.base@11.0.31/java.util.concurrent.locks.AbstractQueuedSynchronizer$ConditionObject.awaitNanos(AbstractQueuedSynchronizer.java:2123)
 java.base@11.0.31/java.util.concurrent.LinkedBlockingQueue.poll(LinkedBlockingQueue.java:458)
 org.apache.activemq.transport.tcp.TcpTransportServer$1.run(TcpTransportServer.java:496)
 java.base@11.0.31/java.lang.Thread.run(Thread.java:829)
09-Oct-2026 11:15:53.763 WARNING [main] org.apache.catalina.loader.WebappClassLoaderBase.clearReferencesThreads The web application [ROOT] appears to have started a thread named [ActiveMQ Transport Server: mqtt://0.0.0.0:31000] but has failed to stop it. This is very likely to create a memory leak. Stack trace of thread:
 java.base@11.0.31/java.net.PlainSocketImpl.socketAccept(Native Method)
 java.base@11.0.31/java.net.AbstractPlainSocketImpl.accept(AbstractPlainSocketImpl.java:474)
 java.base@11.0.31/java.net.ServerSocket.implAccept(ServerSocket.java:565)
 java.base@11.0.31/java.net.ServerSocket.accept(ServerSocket.java:533)
 org.apache.activemq.transport.tcp.TcpTransportServer.doRunWithServerSocket(TcpTransportServer.java:420)
 org.apache.activemq.transport.tcp.TcpTransportServer.run(TcpTransportServer.java:342)
 java.base@11.0.31/java.lang.Thread.run(Thread.java:829)
09-Oct-2026 11:15:53.765 WARNING [main] org.apache.catalina.loader.WebappClassLoaderBase.clearReferencesThreads The web application [ROOT] appears to have started a thread named [MQTT Rec: HMDMServer] but has failed to stop it. This is very likely to create a memory leak. Stack trace of thread:
 java.base@11.0.31/java.net.SocketInputStream.socketRead0(Native Method)
 java.base@11.0.31/java.net.SocketInputStream.socketRead(SocketInputStream.java:115)
 java.base@11.0.31/java.net.SocketInputStream.read(SocketInputStream.java:168)
 java.base@11.0.31/java.net.SocketInputStream.read(SocketInputStream.java:140)
 java.base@11.0.31/java.net.SocketInputStream.read(SocketInputStream.java:200)
 java.base@11.0.31/java.io.DataInputStream.readByte(DataInputStream.java:270)
 org.eclipse.paho.client.mqttv3.internal.wire.MqttInputStream.readMqttWireMessage(MqttInputStream.java:92)
 org.eclipse.paho.client.mqttv3.internal.CommsReceiver.run(CommsReceiver.java:137)
 java.base@11.0.31/java.lang.Thread.run(Thread.java:829)
09-Oct-2026 11:15:53.768 WARNING [main] org.apache.catalina.loader.WebappClassLoaderBase.clearReferencesThreads The web application [ROOT] appears to have started a thread named [MQTT Snd: HMDMServer] but has failed to stop it. This is very likely to create a memory leak. Stack trace of thread:
 java.base@11.0.31/java.lang.Object.wait(Native Method)
 java.base@11.0.31/java.lang.Object.wait(Object.java:328)
 org.eclipse.paho.client.mqttv3.internal.ClientState.get(ClientState.java:825)
 org.eclipse.paho.client.mqttv3.internal.CommsSender.run(CommsSender.java:129)
 java.base@11.0.31/java.lang.Thread.run(Thread.java:829)
09-Oct-2026 11:15:53.768 WARNING [main] org.apache.catalina.loader.WebappClassLoaderBase.clearReferencesThreads The web application [ROOT] appears to have started a thread named [ActiveMQ BrokerService[localhost] Task-1] but has failed to stop it. This is very likely to create a memory leak. Stack trace of thread:
 java.base@11.0.31/jdk.internal.misc.Unsafe.park(Native Method)
 java.base@11.0.31/java.util.concurrent.locks.LockSupport.parkNanos(LockSupport.java:234)
 java.base@11.0.31/java.util.concurrent.SynchronousQueue$TransferStack.awaitFulfill(SynchronousQueue.java:462)
 java.base@11.0.31/java.util.concurrent.SynchronousQueue$TransferStack.transfer(SynchronousQueue.java:361)
 java.base@11.0.31/java.util.concurrent.SynchronousQueue.poll(SynchronousQueue.java:937)
 java.base@11.0.31/java.util.concurrent.ThreadPoolExecutor.getTask(ThreadPoolExecutor.java:1053)
 java.base@11.0.31/java.util.concurrent.ThreadPoolExecutor.runWorker(ThreadPoolExecutor.java:1114)
 java.base@11.0.31/java.util.concurrent.ThreadPoolExecutor$Worker.run(ThreadPoolExecutor.java:628)
 java.base@11.0.31/java.lang.Thread.run(Thread.java:829)
09-Oct-2026 11:15:53.772 WARNING [main] org.apache.catalina.loader.WebappClassLoaderBase.clearReferencesThreads The web application [ROOT] appears to have started a thread named [MQTT Call: HMDMServer] but has failed to stop it. This is very likely to create a memory leak. Stack trace of thread:
 java.base@11.0.31/java.lang.Object.wait(Native Method)
 java.base@11.0.31/java.lang.Object.wait(Object.java:328)
 org.eclipse.paho.client.mqttv3.internal.CommsCallback.run(CommsCallback.java:181)
 java.base@11.0.31/java.lang.Thread.run(Thread.java:829)
09-Oct-2026 11:15:53.774 WARNING [main] org.apache.catalina.loader.WebappClassLoaderBase.clearReferencesThreads The web application [ROOT] appears to have started a thread named [ActiveMQ Transport: tcp:///172.18.0.3:54324@31000] but has failed to stop it. This is very likely to create a memory leak. Stack trace of thread:
 java.base@11.0.31/java.net.SocketInputStream.socketRead0(Native Method)
 java.base@11.0.31/java.net.SocketInputStream.socketRead(SocketInputStream.java:115)
 java.base@11.0.31/java.net.SocketInputStream.read(SocketInputStream.java:168)
 java.base@11.0.31/java.net.SocketInputStream.read(SocketInputStream.java:140)
 org.apache.activemq.transport.tcp.TcpBufferedInputStream.fill(TcpBufferedInputStream.java:50)
 org.apache.activemq.transport.tcp.TcpTransport$2.fill(TcpTransport.java:634)
 org.apache.activemq.transport.tcp.TcpBufferedInputStream.read(TcpBufferedInputStream.java:59)
 org.apache.activemq.transport.tcp.TcpTransport$2.read(TcpTransport.java:619)
 java.base@11.0.31/java.io.DataInputStream.readByte(DataInputStream.java:270)
 org.apache.activemq.transport.mqtt.MQTTWireFormat.unmarshal(MQTTWireFormat.java:86)
 org.apache.activemq.transport.tcp.TcpTransport.readCommand(TcpTransport.java:240)
 org.apache.activemq.transport.tcp.TcpTransport.doRun(TcpTransport.java:232)
 org.apache.activemq.transport.tcp.TcpTransport.run(TcpTransport.java:215)
 java.base@11.0.31/java.lang.Thread.run(Thread.java:829)
09-Oct-2026 11:15:53.774 WARNING [main] org.apache.catalina.loader.WebappClassLoaderBase.clearReferencesThreads The web application [ROOT] appears to have started a thread named [ActiveMQ BrokerService[localhost] Task-2] but has failed to stop it. This is very likely to create a memory leak. Stack trace of thread:
 java.base@11.0.31/jdk.internal.misc.Unsafe.park(Native Method)
 java.base@11.0.31/java.util.concurrent.locks.LockSupport.parkNanos(LockSupport.java:234)
 java.base@11.0.31/java.util.concurrent.SynchronousQueue$TransferStack.awaitFulfill(SynchronousQueue.java:462)
 java.base@11.0.31/java.util.concurrent.SynchronousQueue$TransferStack.transfer(SynchronousQueue.java:361)
 java.base@11.0.31/java.util.concurrent.SynchronousQueue.poll(SynchronousQueue.java:937)
 java.base@11.0.31/java.util.concurrent.ThreadPoolExecutor.getTask(ThreadPoolExecutor.java:1053)
 java.base@11.0.31/java.util.concurrent.ThreadPoolExecutor.runWorker(ThreadPoolExecutor.java:1114)
 java.base@11.0.31/java.util.concurrent.ThreadPoolExecutor$Worker.run(ThreadPoolExecutor.java:628)
 java.base@11.0.31/java.lang.Thread.run(Thread.java:829)
09-Oct-2026 11:15:53.775 WARNING [main] org.apache.catalina.loader.WebappClassLoaderBase.clearReferencesThreads The web application [ROOT] appears to have started a thread named [InactivityMonitor ReadCheck] but has failed to stop it. This is very likely to create a memory leak. Stack trace of thread:
 java.base@11.0.31/java.lang.Object.wait(Native Method)
 java.base@11.0.31/java.util.TimerThread.mainLoop(Timer.java:553)
 java.base@11.0.31/java.util.TimerThread.run(Timer.java:506)
09-Oct-2026 11:15:53.775 WARNING [main] org.apache.catalina.loader.WebappClassLoaderBase.clearReferencesThreads The web application [ROOT] appears to have started a thread named [MQTT Ping: HMDMServer] but has failed to stop it. This is very likely to create a memory leak. Stack trace of thread:
 java.base@11.0.31/java.lang.Object.wait(Native Method)
 java.base@11.0.31/java.util.TimerThread.mainLoop(Timer.java:553)
 java.base@11.0.31/java.util.TimerThread.run(Timer.java:506)
09-Oct-2026 11:15:53.777 WARNING [main] org.apache.catalina.loader.WebappClassLoaderBase.clearReferencesThreads The web application [ROOT] appears to have started a thread named [pool-2-thread-2] but has failed to stop it. This is very likely to create a memory leak. Stack trace of thread:
 java.base@11.0.31/jdk.internal.misc.Unsafe.park(Native Method)
 java.base@11.0.31/java.util.concurrent.locks.LockSupport.parkNanos(LockSupport.java:234)
 java.base@11.0.31/java.util.concurrent.locks.AbstractQueuedSynchronizer$ConditionObject.awaitNanos(AbstractQueuedSynchronizer.java:2123)
 java.base@11.0.31/java.util.concurrent.ScheduledThreadPoolExecutor$DelayedWorkQueue.take(ScheduledThreadPoolExecutor.java:1182)
 java.base@11.0.31/java.util.concurrent.ScheduledThreadPoolExecutor$DelayedWorkQueue.take(ScheduledThreadPoolExecutor.java:899)
 java.base@11.0.31/java.util.concurrent.ThreadPoolExecutor.getTask(ThreadPoolExecutor.java:1054)
 java.base@11.0.31/java.util.concurrent.ThreadPoolExecutor.runWorker(ThreadPoolExecutor.java:1114)
 java.base@11.0.31/java.util.concurrent.ThreadPoolExecutor$Worker.run(ThreadPoolExecutor.java:628)
 java.base@11.0.31/java.lang.Thread.run(Thread.java:829)
09-Oct-2026 11:15:53.783 WARNING [main] org.apache.catalina.loader.WebappClassLoaderBase.clearReferencesThreads The web application [ROOT] appears to have started a thread named [pool-5-thread-1] but has failed to stop it. This is very likely to create a memory leak. Stack trace of thread:
 java.base@11.0.31/java.net.SocketInputStream.socketRead0(Native Method)
 java.base@11.0.31/java.net.SocketInputStream.socketRead(SocketInputStream.java:115)
 java.base@11.0.31/java.net.SocketInputStream.read(SocketInputStream.java:168)
 java.base@11.0.31/java.net.SocketInputStream.read(SocketInputStream.java:140)
 org.postgresql.core.VisibleBufferedInputStream.readMore(VisibleBufferedInputStream.java:161)
 org.postgresql.core.VisibleBufferedInputStream.ensureBytes(VisibleBufferedInputStream.java:128)
 org.postgresql.core.VisibleBufferedInputStream.ensureBytes(VisibleBufferedInputStream.java:113)
 org.postgresql.core.VisibleBufferedInputStream.read(VisibleBufferedInputStream.java:73)
 org.postgresql.core.PGStream.receiveChar(PGStream.java:453)
 org.postgresql.core.v3.QueryExecutorImpl.processResults(QueryExecutorImpl.java:2119)
 org.postgresql.core.v3.QueryExecutorImpl.execute(QueryExecutorImpl.java:355)
 org.postgresql.jdbc.PgStatement.executeInternal(PgStatement.java:490)
 org.postgresql.jdbc.PgStatement.execute(PgStatement.java:408)
 org.postgresql.jdbc.PgPreparedStatement.executeWithFlags(PgPreparedStatement.java:166)
 org.postgresql.jdbc.PgPreparedStatement.execute(PgPreparedStatement.java:155)
 jdk.internal.reflect.GeneratedMethodAccessor267.invoke(Unknown Source)
 java.base@11.0.31/jdk.internal.reflect.DelegatingMethodAccessorImpl.invoke(DelegatingMethodAccessorImpl.java:43)
 java.base@11.0.31/java.lang.reflect.Method.invoke(Method.java:566)
 org.apache.ibatis.logging.jdbc.PreparedStatementLogger.invoke(PreparedStatementLogger.java:59)
 platform//com.sun.proxy.$Proxy94.execute(Unknown Source)
 org.apache.ibatis.executor.statement.PreparedStatementHandler.query(PreparedStatementHandler.java:64)
 org.apache.ibatis.executor.statement.RoutingStatementHandler.query(RoutingStatementHandler.java:79)
 org.apache.ibatis.executor.SimpleExecutor.doQuery(SimpleExecutor.java:63)
 org.apache.ibatis.executor.BaseExecutor.queryFromDatabase(BaseExecutor.java:324)
 org.apache.ibatis.executor.BaseExecutor.query(BaseExecutor.java:156)
 org.apache.ibatis.executor.CachingExecutor.query(CachingExecutor.java:109)
 org.apache.ibatis.executor.CachingExecutor.query(CachingExecutor.java:83)
 org.apache.ibatis.session.defaults.DefaultSqlSession.selectList(DefaultSqlSession.java:147)
 org.apache.ibatis.session.defaults.DefaultSqlSession.selectList(DefaultSqlSession.java:140)
 java.base@11.0.31/jdk.internal.reflect.NativeMethodAccessorImpl.invoke0(Native Method)
 java.base@11.0.31/jdk.internal.reflect.NativeMethodAccessorImpl.invoke(NativeMethodAccessorImpl.java:62)
 java.base@11.0.31/jdk.internal.reflect.DelegatingMethodAccessorImpl.invoke(DelegatingMethodAccessorImpl.java:43)
 java.base@11.0.31/java.lang.reflect.Method.invoke(Method.java:566)
 org.apache.ibatis.session.SqlSessionManager$SqlSessionInterceptor.invoke(SqlSessionManager.java:350)
 com.sun.proxy.$Proxy68.selectList(Unknown Source)
 org.apache.ibatis.session.SqlSessionManager.selectList(SqlSessionManager.java:206)
 org.apache.ibatis.binding.MapperMethod.executeForMany(MapperMethod.java:147)
 org.apache.ibatis.binding.MapperMethod.execute(MapperMethod.java:80)
 org.apache.ibatis.binding.MapperProxy.invoke(MapperProxy.java:93)
 com.sun.proxy.$Proxy71.getPlainConfigurationAppsOptimized(Unknown Source)
 com.hmdm.service.DeviceStatusService.evaluateDeviceApplicationsStatus(DeviceStatusService.java:101)
 com.hmdm.service.DeviceStatusService.recalcDeviceStatuses(DeviceStatusService.java:83)
 com.hmdm.service.DeviceStatusService$$EnhancerByGuice$$5ddb3527.CGLIB$recalcDeviceStatuses$0(<generated>)
 com.hmdm.service.DeviceStatusService$$EnhancerByGuice$$5ddb3527$$FastClassByGuice$$51b5da95.invoke(<generated>)
 com.google.inject.internal.cglib.proxy.$MethodProxy.invokeSuper(MethodProxy.java:228)
 com.google.inject.internal.InterceptorStackCallback$InterceptedMethodInvocation.proceed(InterceptorStackCallback.java:76)
 org.mybatis.guice.transactional.TransactionalMethodInterceptor.invoke(TransactionalMethodInterceptor.java:96)
 com.google.inject.internal.InterceptorStackCallback$InterceptedMethodInvocation.proceed(InterceptorStackCallback.java:78)
 org.mybatis.guice.transactional.TransactionalMethodInterceptor.invoke(TransactionalMethodInterceptor.java:96)
 com.google.inject.internal.InterceptorStackCallback$InterceptedMethodInvocation.proceed(InterceptorStackCallback.java:78)
 org.mybatis.guice.transactional.TransactionalMethodInterceptor.invoke(TransactionalMethodInterceptor.java:96)
 com.google.inject.internal.InterceptorStackCallback$InterceptedMethodInvocation.proceed(InterceptorStackCallback.java:78)
 org.mybatis.guice.transactional.TransactionalMethodInterceptor.invoke(TransactionalMethodInterceptor.java:96)
 com.google.inject.internal.InterceptorStackCallback$InterceptedMethodInvocation.proceed(InterceptorStackCallback.java:78)
 org.mybatis.guice.transactional.TransactionalMethodInterceptor.invoke(TransactionalMethodInterceptor.java:96)
 com.google.inject.internal.InterceptorStackCallback$InterceptedMethodInvocation.proceed(InterceptorStackCallback.java:78)
 org.mybatis.guice.transactional.TransactionalMethodInterceptor.invoke(TransactionalMethodInterceptor.java:96)
 com.google.inject.internal.InterceptorStackCallback$InterceptedMethodInvocation.proceed(InterceptorStackCallback.java:78)
 org.mybatis.guice.transactional.TransactionalMethodInterceptor.invoke(TransactionalMethodInterceptor.java:96)
 com.google.inject.internal.InterceptorStackCallback$InterceptedMethodInvocation.proceed(InterceptorStackCallback.java:78)
 org.mybatis.guice.transactional.TransactionalMethodInterceptor.invoke(TransactionalMethodInterceptor.java:96)
 com.google.inject.internal.InterceptorStackCallback$InterceptedMethodInvocation.proceed(InterceptorStackCallback.java:78)
 org.mybatis.guice.transactional.TransactionalMethodInterceptor.invoke(TransactionalMethodInterceptor.java:96)
 com.google.inject.internal.InterceptorStackCallback$InterceptedMethodInvocation.proceed(InterceptorStackCallback.java:78)
 org.mybatis.guice.transactional.TransactionalMethodInterceptor.invoke(TransactionalMethodInterceptor.java:96)
 com.google.inject.internal.InterceptorStackCallback$InterceptedMethodInvocation.proceed(InterceptorStackCallback.java:78)
 com.google.inject.internal.InterceptorStackCallback.intercept(InterceptorStackCallback.java:54)
 com.hmdm.service.DeviceStatusService$$EnhancerByGuice$$5ddb3527.recalcDeviceStatuses(<generated>)
 com.hmdm.guice.module.EventListenerModule.lambda$init$0(EventListenerModule.java:69)
 com.hmdm.guice.module.EventListenerModule$$Lambda$265/0x00000008405a5440.accept(Unknown Source)
 java.base@11.0.31/java.util.ArrayList.forEach(ArrayList.java:1541)
 com.hmdm.guice.module.EventListenerModule.lambda$init$1(EventListenerModule.java:67)
 com.hmdm.guice.module.EventListenerModule$$Lambda$263/0x00000008405a6040.run(Unknown Source)
 java.base@11.0.31/java.util.concurrent.Executors$RunnableAdapter.call(Executors.java:515)
 java.base@11.0.31/java.util.concurrent.FutureTask.run(FutureTask.java:264)
 java.base@11.0.31/java.util.concurrent.ThreadPoolExecutor.runWorker(ThreadPoolExecutor.java:1128)
 java.base@11.0.31/java.util.concurrent.ThreadPoolExecutor$Worker.run(ThreadPoolExecutor.java:628)
 java.base@11.0.31/java.lang.Thread.run(Thread.java:829)
09-Oct-2026 11:15:53.784 WARNING [main] org.apache.catalina.loader.WebappClassLoaderBase.clearReferencesThreads The web application [ROOT] appears to have started a thread named [pool-1-thread-1] but has failed to stop it. This is very likely to create a memory leak. Stack trace of thread:
 java.base@11.0.31/jdk.internal.misc.Unsafe.park(Native Method)
 java.base@11.0.31/java.util.concurrent.locks.LockSupport.park(LockSupport.java:194)
 java.base@11.0.31/java.util.concurrent.locks.AbstractQueuedSynchronizer$ConditionObject.await(AbstractQueuedSynchronizer.java:2081)
 java.base@11.0.31/java.util.concurrent.LinkedBlockingQueue.take(LinkedBlockingQueue.java:433)
 java.base@11.0.31/java.util.concurrent.ThreadPoolExecutor.getTask(ThreadPoolExecutor.java:1054)
 java.base@11.0.31/java.util.concurrent.ThreadPoolExecutor.runWorker(ThreadPoolExecutor.java:1114)
 java.base@11.0.31/java.util.concurrent.ThreadPoolExecutor$Worker.run(ThreadPoolExecutor.java:628)
 java.base@11.0.31/java.lang.Thread.run(Thread.java:829)
09-Oct-2026 11:15:53.784 WARNING [main] org.apache.catalina.loader.WebappClassLoaderBase.clearReferencesThreads The web application [ROOT] appears to have started a thread named [pool-1-thread-2] but has failed to stop it. This is very likely to create a memory leak. Stack trace of thread:
 java.base@11.0.31/jdk.internal.misc.Unsafe.park(Native Method)
 java.base@11.0.31/java.util.concurrent.locks.LockSupport.park(LockSupport.java:194)
 java.base@11.0.31/java.util.concurrent.locks.AbstractQueuedSynchronizer$ConditionObject.await(AbstractQueuedSynchronizer.java:2081)
 java.base@11.0.31/java.util.concurrent.LinkedBlockingQueue.take(LinkedBlockingQueue.java:433)
 java.base@11.0.31/java.util.concurrent.ThreadPoolExecutor.getTask(ThreadPoolExecutor.java:1054)
 java.base@11.0.31/java.util.concurrent.ThreadPoolExecutor.runWorker(ThreadPoolExecutor.java:1114)
 java.base@11.0.31/java.util.concurrent.ThreadPoolExecutor$Worker.run(ThreadPoolExecutor.java:628)
 java.base@11.0.31/java.lang.Thread.run(Thread.java:829)
09-Oct-2026 11:15:53.788 WARNING [main] org.apache.catalina.loader.WebappClassLoaderBase.clearReferencesThreads The web application [ROOT] appears to have started a thread named [pool-1-thread-3] but has failed to stop it. This is very likely to create a memory leak. Stack trace of thread:
 java.base@11.0.31/jdk.internal.misc.Unsafe.park(Native Method)
 java.base@11.0.31/java.util.concurrent.locks.LockSupport.park(LockSupport.java:194)
 java.base@11.0.31/java.util.concurrent.locks.AbstractQueuedSynchronizer$ConditionObject.await(AbstractQueuedSynchronizer.java:2081)
 java.base@11.0.31/java.util.concurrent.LinkedBlockingQueue.take(LinkedBlockingQueue.java:433)
 java.base@11.0.31/java.util.concurrent.ThreadPoolExecutor.getTask(ThreadPoolExecutor.java:1054)
 java.base@11.0.31/java.util.concurrent.ThreadPoolExecutor.runWorker(ThreadPoolExecutor.java:1114)
 java.base@11.0.31/java.util.concurrent.ThreadPoolExecutor$Worker.run(ThreadPoolExecutor.java:628)
 java.base@11.0.31/java.lang.Thread.run(Thread.java:829)
09-Oct-2026 11:15:53.792 WARNING [main] org.apache.catalina.loader.WebappClassLoaderBase.clearReferencesThreads The web application [ROOT] appears to have started a thread named [pool-1-thread-4] but has failed to stop it. This is very likely to create a memory leak. Stack trace of thread:
 java.base@11.0.31/jdk.internal.misc.Unsafe.park(Native Method)
 java.base@11.0.31/java.util.concurrent.locks.LockSupport.park(LockSupport.java:194)
 java.base@11.0.31/java.util.concurrent.locks.AbstractQueuedSynchronizer$ConditionObject.await(AbstractQueuedSynchronizer.java:2081)
 java.base@11.0.31/java.util.concurrent.LinkedBlockingQueue.take(LinkedBlockingQueue.java:433)
 java.base@11.0.31/java.util.concurrent.ThreadPoolExecutor.getTask(ThreadPoolExecutor.java:1054)
 java.base@11.0.31/java.util.concurrent.ThreadPoolExecutor.runWorker(ThreadPoolExecutor.java:1114)
 java.base@11.0.31/java.util.concurrent.ThreadPoolExecutor$Worker.run(ThreadPoolExecutor.java:628)
 java.base@11.0.31/java.lang.Thread.run(Thread.java:829)
09-Oct-2026 11:15:53.792 WARNING [main] org.apache.catalina.loader.WebappClassLoaderBase.clearReferencesThreads The web application [ROOT] appears to have started a thread named [pool-1-thread-5] but has failed to stop it. This is very likely to create a memory leak. Stack trace of thread:
 java.base@11.0.31/jdk.internal.misc.Unsafe.park(Native Method)
 java.base@11.0.31/java.util.concurrent.locks.LockSupport.park(LockSupport.java:194)
 java.base@11.0.31/java.util.concurrent.locks.AbstractQueuedSynchronizer$ConditionObject.await(AbstractQueuedSynchronizer.java:2081)
 java.base@11.0.31/java.util.concurrent.LinkedBlockingQueue.take(LinkedBlockingQueue.java:433)
 java.base@11.0.31/java.util.concurrent.ThreadPoolExecutor.getTask(ThreadPoolExecutor.java:1054)
 java.base@11.0.31/java.util.concurrent.ThreadPoolExecutor.runWorker(ThreadPoolExecutor.java:1114)
 java.base@11.0.31/java.util.concurrent.ThreadPoolExecutor$Worker.run(ThreadPoolExecutor.java:628)
 java.base@11.0.31/java.lang.Thread.run(Thread.java:829)
09-Oct-2026 11:15:53.805 SEVERE [main] org.apache.catalina.loader.WebappClassLoaderBase.checkThreadLocalMapForLeaks The web application [ROOT] created a ThreadLocal with key of type [java.lang.ThreadLocal] (value [java.lang.ThreadLocal@d88551a]) and a value of type [org.apache.ibatis.session.defaults.DefaultSqlSession] (value [org.apache.ibatis.session.defaults.DefaultSqlSession@3c12ee82]) but failed to remove it when the web application was stopped. Threads are going to be renewed over time to try and avoid a probable memory leak.
09-Oct-2026 11:15:53.805 SEVERE [main] org.apache.catalina.loader.WebappClassLoaderBase.checkThreadLocalMapForLeaks The web application [ROOT] created a ThreadLocal with key of type [java.lang.ThreadLocal] (value [java.lang.ThreadLocal@fc2d07f]) and a value of type [org.apache.ibatis.executor.ErrorContext] (value [
### The error may exist in com/hmdm/persistence/mapper/ConfigurationMapper.xml
### The error may involve defaultParameterMap
### The error occurred while setting parameters
### SQL: SELECT applications.id, applications.name, applications.pkg, applications.runAfterInstall, applications.runAtBoot,                applications.type, applications.iconText, applications.iconId,                applicationVersions.version, applicationVersions.url,                configurationApplications.applicationVersionId AS usedVersionId,                applications.system, applications.customerId,                applications.latestVersion, applications.intent,                (configurationApplications.configurationId IS NOT NULL AND applications.latestVersion <> applicationVersions.id) as outdated,                COALESCE(configurationApplications.remove, FALSE) AS remove,                COALESCE(configurationApplications.showIcon, applications.showIcon) AS showIcon,                applications.useKiosk,                configurationApplications.action AS action,                configurationApplications.screenOrder AS screenOrder,                configurationApplications.keyCode AS keyCode,                configurationApplications.bottom AS bottom,                configurationApplications.longTap AS longTap,                CASE                    WHEN cap.skipVersionCheck IS TRUE THEN TRUE                    ELSE NULL                    END AS skipVersion         FROM applications                  INNER JOIN applicationVersions ON applicationVersions.applicationId = applications.id                  JOIN configurationApplications ON applicationVersions.id = configurationApplications.applicationVersionId AND configurationApplications.configurationId = ?                  LEFT JOIN configurationapplicationparameters cap ON cap.applicationId = applications.id AND cap.configurationId = ?]) but failed to remove it when the web application was stopped. Threads are going to be renewed over time to try and avoid a probable memory leak.
09-Oct-2026 11:15:53.825 INFO [main] org.apache.catalina.startup.HostConfig.deployDescriptor Deployment of deployment descriptor [/usr/local/tomcat/conf/Catalina/localhost/ROOT.xml] has finished in [30,314] ms
09-Oct-2026 11:15:53.835 INFO [main] org.apache.coyote.AbstractProtocol.start Starting ProtocolHandler ["http-nio-8080"]
09-Oct-2026 11:15:53.893 INFO [main] org.apache.catalina.startup.Catalina.start Server startup in [30641] milliseconds
09-Oct-2026 11:15:56.874 INFO [pool-2-thread-2] org.apache.catalina.loader.WebappClassLoaderBase.checkStateForResourceLoading Illegal access: this web application instance has been stopped already. Could not load [com.fasterxml.jackson.annotation.JsonFilter]. The following stack trace is thrown for debugging purposes as well as to attempt to terminate the thread which caused the illegal access.
	java.lang.IllegalStateException: Illegal access: this web application instance has been stopped already. Could not load [com.fasterxml.jackson.annotation.JsonFilter]. The following stack trace is thrown for debugging purposes as well as to attempt to terminate the thread which caused the illegal access.
		at org.apache.catalina.loader.WebappClassLoaderBase.checkStateForResourceLoading(WebappClassLoaderBase.java:1370)
		at org.apache.catalina.loader.WebappClassLoaderBase.checkStateForClassLoading(WebappClassLoaderBase.java:1359)
		at org.apache.catalina.loader.WebappClassLoaderBase.loadClass(WebappClassLoaderBase.java:1193)
		at org.apache.catalina.loader.WebappClassLoaderBase.loadClass(WebappClassLoaderBase.java:1160)
		at com.fasterxml.jackson.databind.introspect.JacksonAnnotationIntrospector.findFilterId(JacksonAnnotationIntrospector.java:289)
		at com.fasterxml.jackson.databind.ser.BasicSerializerFactory.findFilterId(BasicSerializerFactory.java:1211)
		at com.fasterxml.jackson.databind.ser.BasicSerializerFactory.buildMapSerializer(BasicSerializerFactory.java:769)
		at com.fasterxml.jackson.databind.ser.BasicSerializerFactory.buildContainerSerializer(BasicSerializerFactory.java:568)
		at com.fasterxml.jackson.databind.ser.BeanSerializerFactory._createSerializer2(BeanSerializerFactory.java:196)
		at com.fasterxml.jackson.databind.ser.BeanSerializerFactory.createSerializer(BeanSerializerFactory.java:165)
		at com.fasterxml.jackson.databind.SerializerProvider._createUntypedSerializer(SerializerProvider.java:1388)
		at com.fasterxml.jackson.databind.SerializerProvider._createAndCacheUntypedSerializer(SerializerProvider.java:1336)
		at com.fasterxml.jackson.databind.SerializerProvider.findValueSerializer(SerializerProvider.java:510)
		at com.fasterxml.jackson.databind.SerializerProvider.findTypedValueSerializer(SerializerProvider.java:713)
		at com.fasterxml.jackson.databind.ser.DefaultSerializerProvider.serializeValue(DefaultSerializerProvider.java:308)
		at com.fasterxml.jackson.databind.ObjectMapper._configAndWriteValue(ObjectMapper.java:4094)
		at com.fasterxml.jackson.databind.ObjectMapper.writeValue(ObjectMapper.java:3342)
		at com.hmdm.plugins.webfilter.resolver.DnsEventImporter.run(DnsEventImporter.java:60)
		at java.base/java.util.concurrent.Executors$RunnableAdapter.call(Executors.java:515)
		at java.base/java.util.concurrent.FutureTask.runAndReset(FutureTask.java:305)
		at java.base/java.util.concurrent.ScheduledThreadPoolExecutor$ScheduledFutureTask.run(ScheduledThreadPoolExecutor.java:305)
		at java.base/java.util.concurrent.ThreadPoolExecutor.runWorker(ThreadPoolExecutor.java:1128)
		at java.base/java.util.concurrent.ThreadPoolExecutor$Worker.run(ThreadPoolExecutor.java:628)
		at java.base/java.lang.Thread.run(Thread.java:829)
09-Oct-2026 11:19:28.803 INFO [main] org.apache.catalina.startup.VersionLoggerListener.log Server version name:   Apache Tomcat/9.0.117
09-Oct-2026 11:19:28.814 INFO [main] org.apache.catalina.startup.VersionLoggerListener.log Server built:          Mar 30 2026 18:21:16 UTC
09-Oct-2026 11:19:28.814 INFO [main] org.apache.catalina.startup.VersionLoggerListener.log Server version number: 9.0.117.0
09-Oct-2026 11:19:28.814 INFO [main] org.apache.catalina.startup.VersionLoggerListener.log OS Name:               Linux
09-Oct-2026 11:19:28.814 INFO [main] org.apache.catalina.startup.VersionLoggerListener.log OS Version:            6.8.0-142-generic
09-Oct-2026 11:19:28.815 INFO [main] org.apache.catalina.startup.VersionLoggerListener.log Architecture:          amd64
09-Oct-2026 11:19:28.815 INFO [main] org.apache.catalina.startup.VersionLoggerListener.log Java Home:             /opt/java/openjdk
09-Oct-2026 11:19:28.815 INFO [main] org.apache.catalina.startup.VersionLoggerListener.log JVM Version:           11.0.31+11
09-Oct-2026 11:19:28.815 INFO [main] org.apache.catalina.startup.VersionLoggerListener.log JVM Vendor:            Eclipse Adoptium
09-Oct-2026 11:19:28.815 INFO [main] org.apache.catalina.startup.VersionLoggerListener.log CATALINA_BASE:         /usr/local/tomcat
09-Oct-2026 11:19:28.815 INFO [main] org.apache.catalina.startup.VersionLoggerListener.log CATALINA_HOME:         /usr/local/tomcat
09-Oct-2026 11:19:28.838 INFO [main] org.apache.catalina.startup.VersionLoggerListener.log Command line argument: --add-opens=java.base/java.lang=ALL-UNNAMED
09-Oct-2026 11:19:28.838 INFO [main] org.apache.catalina.startup.VersionLoggerListener.log Command line argument: --add-opens=java.base/java.lang.invoke=ALL-UNNAMED
09-Oct-2026 11:19:28.838 INFO [main] org.apache.catalina.startup.VersionLoggerListener.log Command line argument: --add-opens=java.base/java.lang.reflect=ALL-UNNAMED
09-Oct-2026 11:19:28.839 INFO [main] org.apache.catalina.startup.VersionLoggerListener.log Command line argument: --add-opens=java.base/java.io=ALL-UNNAMED
09-Oct-2026 11:19:28.839 INFO [main] org.apache.catalina.startup.VersionLoggerListener.log Command line argument: --add-opens=java.base/java.util=ALL-UNNAMED
09-Oct-2026 11:19:28.839 INFO [main] org.apache.catalina.startup.VersionLoggerListener.log Command line argument: --add-opens=java.base/java.util.concurrent=ALL-UNNAMED
09-Oct-2026 11:19:28.839 INFO [main] org.apache.catalina.startup.VersionLoggerListener.log Command line argument: --add-opens=java.rmi/sun.rmi.transport=ALL-UNNAMED
09-Oct-2026 11:19:28.839 INFO [main] org.apache.catalina.startup.VersionLoggerListener.log Command line argument: -Djava.util.logging.config.file=/usr/local/tomcat/conf/logging.properties
09-Oct-2026 11:19:28.839 INFO [main] org.apache.catalina.startup.VersionLoggerListener.log Command line argument: -Djava.util.logging.manager=org.apache.juli.ClassLoaderLogManager
09-Oct-2026 11:19:28.842 INFO [main] org.apache.catalina.startup.VersionLoggerListener.log Command line argument: -Djdk.tls.ephemeralDHKeySize=2048
09-Oct-2026 11:19:28.842 INFO [main] org.apache.catalina.startup.VersionLoggerListener.log Command line argument: -Djava.protocol.handler.pkgs=org.apache.catalina.webresources
09-Oct-2026 11:19:28.842 INFO [main] org.apache.catalina.startup.VersionLoggerListener.log Command line argument: -Dsun.io.useCanonCaches=false
09-Oct-2026 11:19:28.842 INFO [main] org.apache.catalina.startup.VersionLoggerListener.log Command line argument: -Dorg.apache.catalina.security.SecurityListener.UMASK=0022
09-Oct-2026 11:19:28.843 INFO [main] org.apache.catalina.startup.VersionLoggerListener.log Command line argument: -Dignore.endorsed.dirs=
09-Oct-2026 11:19:28.843 INFO [main] org.apache.catalina.startup.VersionLoggerListener.log Command line argument: -Dcatalina.base=/usr/local/tomcat
09-Oct-2026 11:19:28.843 INFO [main] org.apache.catalina.startup.VersionLoggerListener.log Command line argument: -Dcatalina.home=/usr/local/tomcat
09-Oct-2026 11:19:28.843 INFO [main] org.apache.catalina.startup.VersionLoggerListener.log Command line argument: -Djava.io.tmpdir=/usr/local/tomcat/temp
09-Oct-2026 11:19:28.856 INFO [main] org.apache.catalina.core.AprLifecycleListener.lifecycleEvent Loaded Apache Tomcat Native library [1.3.7] using APR version [1.7.0].
09-Oct-2026 11:19:28.857 INFO [main] org.apache.catalina.core.AprLifecycleListener.lifecycleEvent APR capabilities: IPv6 [true], sendfile [true], accept filters [false], random [true], UDS [true].
09-Oct-2026 11:19:28.857 INFO [main] org.apache.catalina.core.AprLifecycleListener.lifecycleEvent APR/OpenSSL configuration: useAprConnector [false], useOpenSSL [true]
09-Oct-2026 11:19:28.863 INFO [main] org.apache.catalina.core.AprLifecycleListener.initializeSSL OpenSSL successfully initialized [OpenSSL 3.0.2 15 Mar 2022]
09-Oct-2026 11:19:29.687 INFO [main] org.apache.coyote.AbstractProtocol.init Initializing ProtocolHandler ["http-nio-8080"]
09-Oct-2026 11:19:29.745 INFO [main] org.apache.catalina.startup.Catalina.load Server initialization in [1603] milliseconds
09-Oct-2026 11:19:29.900 INFO [main] org.apache.catalina.core.StandardService.startInternal Starting service [Catalina]
09-Oct-2026 11:19:29.901 INFO [main] org.apache.catalina.core.StandardEngine.startInternal Starting Servlet engine: [Apache Tomcat/9.0.117]
09-Oct-2026 11:19:29.916 INFO [main] org.apache.catalina.startup.HostConfig.deployDescriptor Deploying deployment descriptor [/usr/local/tomcat/conf/Catalina/localhost/ROOT.xml]
09-Oct-2026 11:19:34.979 INFO [main] org.apache.jasper.servlet.TldScanner.scanJars At least one JAR was scanned for TLDs yet contained no TLDs. Enable debug logging for this logger for a complete list of JARs that were scanned but no TLDs were found in them. Skipping unneeded JARs during scanning can improve startup time and JSP compilation time.
09-Oct-2026 11:19:49.375 INFO [main] nonapi.io.github.classgraph.classloaderhandler.lifecycle.ServletLifeCycleListener.contextInitialized Servlet context initialized
09-Oct-2026 11:19:57.393 INFO [main] org.apache.catalina.startup.HostConfig.deployDescriptor Deployment of deployment descriptor [/usr/local/tomcat/conf/Catalina/localhost/ROOT.xml] has finished in [27,475] ms
09-Oct-2026 11:19:57.404 INFO [main] org.apache.coyote.AbstractProtocol.start Starting ProtocolHandler ["http-nio-8080"]
09-Oct-2026 11:19:57.448 INFO [main] org.apache.catalina.startup.Catalina.start Server startup in [27702] milliseconds
09-Oct-2026 13:41:02.384 INFO [main] org.apache.catalina.startup.VersionLoggerListener.log Server version name:   Apache Tomcat/9.0.117
09-Oct-2026 13:41:02.387 INFO [main] org.apache.catalina.startup.VersionLoggerListener.log Server built:          Mar 30 2026 18:21:16 UTC
09-Oct-2026 13:41:02.388 INFO [main] org.apache.catalina.startup.VersionLoggerListener.log Server version number: 9.0.117.0
09-Oct-2026 13:41:02.389 INFO [main] org.apache.catalina.startup.VersionLoggerListener.log OS Name:               Linux
09-Oct-2026 13:41:02.389 INFO [main] org.apache.catalina.startup.VersionLoggerListener.log OS Version:            6.8.0-142-generic
09-Oct-2026 13:41:02.389 INFO [main] org.apache.catalina.startup.VersionLoggerListener.log Architecture:          amd64
09-Oct-2026 13:41:02.389 INFO [main] org.apache.catalina.startup.VersionLoggerListener.log Java Home:             /opt/java/openjdk
09-Oct-2026 13:41:02.389 INFO [main] org.apache.catalina.startup.VersionLoggerListener.log JVM Version:           11.0.31+11
09-Oct-2026 13:41:02.389 INFO [main] org.apache.catalina.startup.VersionLoggerListener.log JVM Vendor:            Eclipse Adoptium
09-Oct-2026 13:41:02.390 INFO [main] org.apache.catalina.startup.VersionLoggerListener.log CATALINA_BASE:         /usr/local/tomcat
09-Oct-2026 13:41:02.390 INFO [main] org.apache.catalina.startup.VersionLoggerListener.log CATALINA_HOME:         /usr/local/tomcat
09-Oct-2026 13:41:02.520 INFO [main] org.apache.catalina.startup.VersionLoggerListener.log Command line argument: --add-opens=java.base/java.lang=ALL-UNNAMED
09-Oct-2026 13:41:02.520 INFO [main] org.apache.catalina.startup.VersionLoggerListener.log Command line argument: --add-opens=java.base/java.lang.invoke=ALL-UNNAMED
09-Oct-2026 13:41:02.520 INFO [main] org.apache.catalina.startup.VersionLoggerListener.log Command line argument: --add-opens=java.base/java.lang.reflect=ALL-UNNAMED
09-Oct-2026 13:41:02.520 INFO [main] org.apache.catalina.startup.VersionLoggerListener.log Command line argument: --add-opens=java.base/java.io=ALL-UNNAMED
09-Oct-2026 13:41:02.520 INFO [main] org.apache.catalina.startup.VersionLoggerListener.log Command line argument: --add-opens=java.base/java.util=ALL-UNNAMED
09-Oct-2026 13:41:02.521 INFO [main] org.apache.catalina.startup.VersionLoggerListener.log Command line argument: --add-opens=java.base/java.util.concurrent=ALL-UNNAMED
09-Oct-2026 13:41:02.521 INFO [main] org.apache.catalina.startup.VersionLoggerListener.log Command line argument: --add-opens=java.rmi/sun.rmi.transport=ALL-UNNAMED
09-Oct-2026 13:41:02.521 INFO [main] org.apache.catalina.startup.VersionLoggerListener.log Command line argument: -Djava.util.logging.config.file=/usr/local/tomcat/conf/logging.properties
09-Oct-2026 13:41:02.521 INFO [main] org.apache.catalina.startup.VersionLoggerListener.log Command line argument: -Djava.util.logging.manager=org.apache.juli.ClassLoaderLogManager
09-Oct-2026 13:41:02.521 INFO [main] org.apache.catalina.startup.VersionLoggerListener.log Command line argument: -Djdk.tls.ephemeralDHKeySize=2048
09-Oct-2026 13:41:02.521 INFO [main] org.apache.catalina.startup.VersionLoggerListener.log Command line argument: -Djava.protocol.handler.pkgs=org.apache.catalina.webresources
09-Oct-2026 13:41:02.521 INFO [main] org.apache.catalina.startup.VersionLoggerListener.log Command line argument: -Dsun.io.useCanonCaches=false
09-Oct-2026 13:41:02.521 INFO [main] org.apache.catalina.startup.VersionLoggerListener.log Command line argument: -Dorg.apache.catalina.security.SecurityListener.UMASK=0022
09-Oct-2026 13:41:02.521 INFO [main] org.apache.catalina.startup.VersionLoggerListener.log Command line argument: -Dignore.endorsed.dirs=
09-Oct-2026 13:41:02.522 INFO [main] org.apache.catalina.startup.VersionLoggerListener.log Command line argument: -Dcatalina.base=/usr/local/tomcat
09-Oct-2026 13:41:02.522 INFO [main] org.apache.catalina.startup.VersionLoggerListener.log Command line argument: -Dcatalina.home=/usr/local/tomcat
09-Oct-2026 13:41:02.522 INFO [main] org.apache.catalina.startup.VersionLoggerListener.log Command line argument: -Djava.io.tmpdir=/usr/local/tomcat/temp
09-Oct-2026 13:41:02.744 INFO [main] org.apache.catalina.core.AprLifecycleListener.lifecycleEvent Loaded Apache Tomcat Native library [1.3.7] using APR version [1.7.0].
09-Oct-2026 13:41:02.744 INFO [main] org.apache.catalina.core.AprLifecycleListener.lifecycleEvent APR capabilities: IPv6 [true], sendfile [true], accept filters [false], random [true], UDS [true].
09-Oct-2026 13:41:02.744 INFO [main] org.apache.catalina.core.AprLifecycleListener.lifecycleEvent APR/OpenSSL configuration: useAprConnector [false], useOpenSSL [true]
09-Oct-2026 13:41:02.760 INFO [main] org.apache.catalina.core.AprLifecycleListener.initializeSSL OpenSSL successfully initialized [OpenSSL 3.0.2 15 Mar 2022]
09-Oct-2026 13:41:03.696 INFO [main] org.apache.coyote.AbstractProtocol.init Initializing ProtocolHandler ["http-nio-8080"]
09-Oct-2026 13:41:04.003 INFO [main] org.apache.catalina.startup.Catalina.load Server initialization in [5480] milliseconds
09-Oct-2026 13:41:04.291 INFO [main] org.apache.catalina.core.StandardService.startInternal Starting service [Catalina]
09-Oct-2026 13:41:04.292 INFO [main] org.apache.catalina.core.StandardEngine.startInternal Starting Servlet engine: [Apache Tomcat/9.0.117]
09-Oct-2026 13:41:04.319 INFO [main] org.apache.catalina.startup.HostConfig.deployDescriptor Deploying deployment descriptor [/usr/local/tomcat/conf/Catalina/localhost/ROOT.xml]
09-Oct-2026 13:41:15.767 INFO [main] org.apache.jasper.servlet.TldScanner.scanJars At least one JAR was scanned for TLDs yet contained no TLDs. Enable debug logging for this logger for a complete list of JARs that were scanned but no TLDs were found in them. Skipping unneeded JARs during scanning can improve startup time and JSP compilation time.
09-Oct-2026 13:41:27.278 INFO [main] nonapi.io.github.classgraph.classloaderhandler.lifecycle.ServletLifeCycleListener.contextInitialized Servlet context initialized
09-Oct-2026 13:41:31.130 INFO [main] org.apache.catalina.startup.HostConfig.deployDescriptor Deployment of deployment descriptor [/usr/local/tomcat/conf/Catalina/localhost/ROOT.xml] has finished in [26,809] ms
09-Oct-2026 13:41:31.135 INFO [main] org.apache.coyote.AbstractProtocol.start Starting ProtocolHandler ["http-nio-8080"]
09-Oct-2026 13:41:31.173 INFO [main] org.apache.catalina.startup.Catalina.start Server startup in [27168] milliseconds
09-Oct-2026 14:16:53.077 INFO [main] org.apache.catalina.startup.VersionLoggerListener.log Server version name:   Apache Tomcat/9.0.117
09-Oct-2026 14:16:53.081 INFO [main] org.apache.catalina.startup.VersionLoggerListener.log Server built:          Mar 30 2026 18:21:16 UTC
09-Oct-2026 14:16:53.130 INFO [main] org.apache.catalina.startup.VersionLoggerListener.log Server version number: 9.0.117.0
09-Oct-2026 14:16:53.130 INFO [main] org.apache.catalina.startup.VersionLoggerListener.log OS Name:               Linux
09-Oct-2026 14:16:53.130 INFO [main] org.apache.catalina.startup.VersionLoggerListener.log OS Version:            6.8.0-142-generic
09-Oct-2026 14:16:53.130 INFO [main] org.apache.catalina.startup.VersionLoggerListener.log Architecture:          amd64
09-Oct-2026 14:16:53.130 INFO [main] org.apache.catalina.startup.VersionLoggerListener.log Java Home:             /opt/java/openjdk
09-Oct-2026 14:16:53.130 INFO [main] org.apache.catalina.startup.VersionLoggerListener.log JVM Version:           11.0.31+11
09-Oct-2026 14:16:53.130 INFO [main] org.apache.catalina.startup.VersionLoggerListener.log JVM Vendor:            Eclipse Adoptium
09-Oct-2026 14:16:53.131 INFO [main] org.apache.catalina.startup.VersionLoggerListener.log CATALINA_BASE:         /usr/local/tomcat
09-Oct-2026 14:16:53.131 INFO [main] org.apache.catalina.startup.VersionLoggerListener.log CATALINA_HOME:         /usr/local/tomcat
09-Oct-2026 14:16:54.180 INFO [main] org.apache.catalina.startup.VersionLoggerListener.log Command line argument: --add-opens=java.base/java.lang=ALL-UNNAMED
09-Oct-2026 14:16:54.180 INFO [main] org.apache.catalina.startup.VersionLoggerListener.log Command line argument: --add-opens=java.base/java.lang.invoke=ALL-UNNAMED
09-Oct-2026 14:16:54.180 INFO [main] org.apache.catalina.startup.VersionLoggerListener.log Command line argument: --add-opens=java.base/java.lang.reflect=ALL-UNNAMED
09-Oct-2026 14:16:54.180 INFO [main] org.apache.catalina.startup.VersionLoggerListener.log Command line argument: --add-opens=java.base/java.io=ALL-UNNAMED
09-Oct-2026 14:16:54.180 INFO [main] org.apache.catalina.startup.VersionLoggerListener.log Command line argument: --add-opens=java.base/java.util=ALL-UNNAMED
09-Oct-2026 14:16:54.180 INFO [main] org.apache.catalina.startup.VersionLoggerListener.log Command line argument: --add-opens=java.base/java.util.concurrent=ALL-UNNAMED
09-Oct-2026 14:16:54.181 INFO [main] org.apache.catalina.startup.VersionLoggerListener.log Command line argument: --add-opens=java.rmi/sun.rmi.transport=ALL-UNNAMED
09-Oct-2026 14:16:54.181 INFO [main] org.apache.catalina.startup.VersionLoggerListener.log Command line argument: -Djava.util.logging.config.file=/usr/local/tomcat/conf/logging.properties
09-Oct-2026 14:16:54.181 INFO [main] org.apache.catalina.startup.VersionLoggerListener.log Command line argument: -Djava.util.logging.manager=org.apache.juli.ClassLoaderLogManager
09-Oct-2026 14:16:54.181 INFO [main] org.apache.catalina.startup.VersionLoggerListener.log Command line argument: -Djdk.tls.ephemeralDHKeySize=2048
09-Oct-2026 14:16:54.181 INFO [main] org.apache.catalina.startup.VersionLoggerListener.log Command line argument: -Djava.protocol.handler.pkgs=org.apache.catalina.webresources
09-Oct-2026 14:16:54.181 INFO [main] org.apache.catalina.startup.VersionLoggerListener.log Command line argument: -Dsun.io.useCanonCaches=false
09-Oct-2026 14:16:54.181 INFO [main] org.apache.catalina.startup.VersionLoggerListener.log Command line argument: -Dorg.apache.catalina.security.SecurityListener.UMASK=0022
09-Oct-2026 14:16:54.182 INFO [main] org.apache.catalina.startup.VersionLoggerListener.log Command line argument: -Dignore.endorsed.dirs=
09-Oct-2026 14:16:54.182 INFO [main] org.apache.catalina.startup.VersionLoggerListener.log Command line argument: -Dcatalina.base=/usr/local/tomcat
09-Oct-2026 14:16:54.182 INFO [main] org.apache.catalina.startup.VersionLoggerListener.log Command line argument: -Dcatalina.home=/usr/local/tomcat
09-Oct-2026 14:16:54.182 INFO [main] org.apache.catalina.startup.VersionLoggerListener.log Command line argument: -Djava.io.tmpdir=/usr/local/tomcat/temp
09-Oct-2026 14:16:55.069 INFO [main] org.apache.catalina.core.AprLifecycleListener.lifecycleEvent Loaded Apache Tomcat Native library [1.3.7] using APR version [1.7.0].
09-Oct-2026 14:16:55.070 INFO [main] org.apache.catalina.core.AprLifecycleListener.lifecycleEvent APR capabilities: IPv6 [true], sendfile [true], accept filters [false], random [true], UDS [true].
09-Oct-2026 14:16:55.070 INFO [main] org.apache.catalina.core.AprLifecycleListener.lifecycleEvent APR/OpenSSL configuration: useAprConnector [false], useOpenSSL [true]
09-Oct-2026 14:16:55.319 INFO [main] org.apache.catalina.core.AprLifecycleListener.initializeSSL OpenSSL successfully initialized [OpenSSL 3.0.2 15 Mar 2022]
09-Oct-2026 14:17:06.973 INFO [main] org.apache.coyote.AbstractProtocol.init Initializing ProtocolHandler ["http-nio-8080"]
09-Oct-2026 14:17:08.688 INFO [main] org.apache.catalina.startup.Catalina.load Server initialization in [27250] milliseconds
09-Oct-2026 14:17:12.325 INFO [main] org.apache.catalina.core.StandardService.startInternal Starting service [Catalina]
09-Oct-2026 14:17:12.327 INFO [main] org.apache.catalina.core.StandardEngine.startInternal Starting Servlet engine: [Apache Tomcat/9.0.117]
09-Oct-2026 14:17:12.386 INFO [main] org.apache.catalina.startup.HostConfig.deployDescriptor Deploying deployment descriptor [/usr/local/tomcat/conf/Catalina/localhost/ROOT.xml]
09-Oct-2026 14:18:30.405 INFO [main] org.apache.jasper.servlet.TldScanner.scanJars At least one JAR was scanned for TLDs yet contained no TLDs. Enable debug logging for this logger for a complete list of JARs that were scanned but no TLDs were found in them. Skipping unneeded JARs during scanning can improve startup time and JSP compilation time.
09-Oct-2026 14:18:51.786 INFO [main] nonapi.io.github.classgraph.classloaderhandler.lifecycle.ServletLifeCycleListener.contextInitialized Servlet context initialized
09-Oct-2026 14:18:52.076 WARNING [main] org.apache.catalina.util.SessionIdGeneratorBase.createSecureRandom Creation of SecureRandom instance for session ID generation using [SHA1PRNG] took [283] milliseconds.
09-Oct-2026 14:18:58.221 INFO [main] org.apache.catalina.startup.HostConfig.deployDescriptor Deployment of deployment descriptor [/usr/local/tomcat/conf/Catalina/localhost/ROOT.xml] has finished in [105,835] ms
09-Oct-2026 14:18:58.226 INFO [main] org.apache.coyote.AbstractProtocol.start Starting ProtocolHandler ["http-nio-8080"]
09-Oct-2026 14:18:58.485 INFO [main] org.apache.catalina.startup.Catalina.start Server startup in [109797] milliseconds
09-Oct-2026 14:58:17.112 INFO [main] org.apache.catalina.startup.VersionLoggerListener.log Server version name:   Apache Tomcat/9.0.117
09-Oct-2026 14:58:17.154 INFO [main] org.apache.catalina.startup.VersionLoggerListener.log Server built:          Mar 30 2026 18:21:16 UTC
09-Oct-2026 14:58:17.155 INFO [main] org.apache.catalina.startup.VersionLoggerListener.log Server version number: 9.0.117.0
09-Oct-2026 14:58:17.155 INFO [main] org.apache.catalina.startup.VersionLoggerListener.log OS Name:               Linux
09-Oct-2026 14:58:17.155 INFO [main] org.apache.catalina.startup.VersionLoggerListener.log OS Version:            6.8.0-142-generic
09-Oct-2026 14:58:17.155 INFO [main] org.apache.catalina.startup.VersionLoggerListener.log Architecture:          amd64
09-Oct-2026 14:58:17.155 INFO [main] org.apache.catalina.startup.VersionLoggerListener.log Java Home:             /opt/java/openjdk
09-Oct-2026 14:58:17.155 INFO [main] org.apache.catalina.startup.VersionLoggerListener.log JVM Version:           11.0.31+11
09-Oct-2026 14:58:17.155 INFO [main] org.apache.catalina.startup.VersionLoggerListener.log JVM Vendor:            Eclipse Adoptium
09-Oct-2026 14:58:17.155 INFO [main] org.apache.catalina.startup.VersionLoggerListener.log CATALINA_BASE:         /usr/local/tomcat
09-Oct-2026 14:58:17.156 INFO [main] org.apache.catalina.startup.VersionLoggerListener.log CATALINA_HOME:         /usr/local/tomcat
09-Oct-2026 14:58:17.173 INFO [main] org.apache.catalina.startup.VersionLoggerListener.log Command line argument: --add-opens=java.base/java.lang=ALL-UNNAMED
09-Oct-2026 14:58:17.173 INFO [main] org.apache.catalina.startup.VersionLoggerListener.log Command line argument: --add-opens=java.base/java.lang.invoke=ALL-UNNAMED
09-Oct-2026 14:58:17.173 INFO [main] org.apache.catalina.startup.VersionLoggerListener.log Command line argument: --add-opens=java.base/java.lang.reflect=ALL-UNNAMED
09-Oct-2026 14:58:17.173 INFO [main] org.apache.catalina.startup.VersionLoggerListener.log Command line argument: --add-opens=java.base/java.io=ALL-UNNAMED
09-Oct-2026 14:58:17.173 INFO [main] org.apache.catalina.startup.VersionLoggerListener.log Command line argument: --add-opens=java.base/java.util=ALL-UNNAMED
09-Oct-2026 14:58:17.173 INFO [main] org.apache.catalina.startup.VersionLoggerListener.log Command line argument: --add-opens=java.base/java.util.concurrent=ALL-UNNAMED
09-Oct-2026 14:58:17.174 INFO [main] org.apache.catalina.startup.VersionLoggerListener.log Command line argument: --add-opens=java.rmi/sun.rmi.transport=ALL-UNNAMED
09-Oct-2026 14:58:17.175 INFO [main] org.apache.catalina.startup.VersionLoggerListener.log Command line argument: -Djava.util.logging.config.file=/usr/local/tomcat/conf/logging.properties
09-Oct-2026 14:58:17.175 INFO [main] org.apache.catalina.startup.VersionLoggerListener.log Command line argument: -Djava.util.logging.manager=org.apache.juli.ClassLoaderLogManager
09-Oct-2026 14:58:17.175 INFO [main] org.apache.catalina.startup.VersionLoggerListener.log Command line argument: -Djdk.tls.ephemeralDHKeySize=2048
09-Oct-2026 14:58:17.175 INFO [main] org.apache.catalina.startup.VersionLoggerListener.log Command line argument: -Djava.protocol.handler.pkgs=org.apache.catalina.webresources
09-Oct-2026 14:58:17.175 INFO [main] org.apache.catalina.startup.VersionLoggerListener.log Command line argument: -Dsun.io.useCanonCaches=false
09-Oct-2026 14:58:17.175 INFO [main] org.apache.catalina.startup.VersionLoggerListener.log Command line argument: -Dorg.apache.catalina.security.SecurityListener.UMASK=0022
09-Oct-2026 14:58:17.175 INFO [main] org.apache.catalina.startup.VersionLoggerListener.log Command line argument: -Dignore.endorsed.dirs=
09-Oct-2026 14:58:17.175 INFO [main] org.apache.catalina.startup.VersionLoggerListener.log Command line argument: -Dcatalina.base=/usr/local/tomcat
09-Oct-2026 14:58:17.176 INFO [main] org.apache.catalina.startup.VersionLoggerListener.log Command line argument: -Dcatalina.home=/usr/local/tomcat
09-Oct-2026 14:58:17.176 INFO [main] org.apache.catalina.startup.VersionLoggerListener.log Command line argument: -Djava.io.tmpdir=/usr/local/tomcat/temp
09-Oct-2026 14:58:17.180 INFO [main] org.apache.catalina.core.AprLifecycleListener.lifecycleEvent Loaded Apache Tomcat Native library [1.3.7] using APR version [1.7.0].
09-Oct-2026 14:58:17.180 INFO [main] org.apache.catalina.core.AprLifecycleListener.lifecycleEvent APR capabilities: IPv6 [true], sendfile [true], accept filters [false], random [true], UDS [true].
09-Oct-2026 14:58:17.181 INFO [main] org.apache.catalina.core.AprLifecycleListener.lifecycleEvent APR/OpenSSL configuration: useAprConnector [false], useOpenSSL [true]
09-Oct-2026 14:58:17.185 INFO [main] org.apache.catalina.core.AprLifecycleListener.initializeSSL OpenSSL successfully initialized [OpenSSL 3.0.2 15 Mar 2022]
09-Oct-2026 14:58:17.659 INFO [main] org.apache.coyote.AbstractProtocol.init Initializing ProtocolHandler ["http-nio-8080"]
09-Oct-2026 14:58:17.707 INFO [main] org.apache.catalina.startup.Catalina.load Server initialization in [1015] milliseconds
09-Oct-2026 14:58:17.805 INFO [main] org.apache.catalina.core.StandardService.startInternal Starting service [Catalina]
09-Oct-2026 14:58:17.807 INFO [main] org.apache.catalina.core.StandardEngine.startInternal Starting Servlet engine: [Apache Tomcat/9.0.117]
09-Oct-2026 14:58:17.818 INFO [main] org.apache.catalina.startup.HostConfig.deployDescriptor Deploying deployment descriptor [/usr/local/tomcat/conf/Catalina/localhost/ROOT.xml]
09-Oct-2026 14:58:20.859 INFO [main] org.apache.jasper.servlet.TldScanner.scanJars At least one JAR was scanned for TLDs yet contained no TLDs. Enable debug logging for this logger for a complete list of JARs that were scanned but no TLDs were found in them. Skipping unneeded JARs during scanning can improve startup time and JSP compilation time.
09-Oct-2026 14:58:28.362 INFO [main] nonapi.io.github.classgraph.classloaderhandler.lifecycle.ServletLifeCycleListener.contextInitialized Servlet context initialized
09-Oct-2026 14:58:33.176 INFO [main] org.apache.catalina.startup.HostConfig.deployDescriptor Deployment of deployment descriptor [/usr/local/tomcat/conf/Catalina/localhost/ROOT.xml] has finished in [15,356] ms
09-Oct-2026 14:58:33.182 INFO [main] org.apache.coyote.AbstractProtocol.start Starting ProtocolHandler ["http-nio-8080"]
09-Oct-2026 14:58:33.208 INFO [main] org.apache.catalina.startup.Catalina.start Server startup in [15501] milliseconds
09-Oct-2026 15:31:39.640 INFO [main] org.apache.catalina.startup.VersionLoggerListener.log Server version name:   Apache Tomcat/9.0.117
09-Oct-2026 15:31:39.644 INFO [main] org.apache.catalina.startup.VersionLoggerListener.log Server built:          Mar 30 2026 18:21:16 UTC
09-Oct-2026 15:31:39.645 INFO [main] org.apache.catalina.startup.VersionLoggerListener.log Server version number: 9.0.117.0
09-Oct-2026 15:31:39.645 INFO [main] org.apache.catalina.startup.VersionLoggerListener.log OS Name:               Linux
09-Oct-2026 15:31:39.645 INFO [main] org.apache.catalina.startup.VersionLoggerListener.log OS Version:            6.8.0-142-generic
09-Oct-2026 15:31:39.646 INFO [main] org.apache.catalina.startup.VersionLoggerListener.log Architecture:          amd64
09-Oct-2026 15:31:39.646 INFO [main] org.apache.catalina.startup.VersionLoggerListener.log Java Home:             /opt/java/openjdk
09-Oct-2026 15:31:39.646 INFO [main] org.apache.catalina.startup.VersionLoggerListener.log JVM Version:           11.0.31+11
09-Oct-2026 15:31:39.647 INFO [main] org.apache.catalina.startup.VersionLoggerListener.log JVM Vendor:            Eclipse Adoptium
09-Oct-2026 15:31:39.647 INFO [main] org.apache.catalina.startup.VersionLoggerListener.log CATALINA_BASE:         /usr/local/tomcat
09-Oct-2026 15:31:39.647 INFO [main] org.apache.catalina.startup.VersionLoggerListener.log CATALINA_HOME:         /usr/local/tomcat
09-Oct-2026 15:31:39.714 INFO [main] org.apache.catalina.startup.VersionLoggerListener.log Command line argument: --add-opens=java.base/java.lang=ALL-UNNAMED
09-Oct-2026 15:31:39.714 INFO [main] org.apache.catalina.startup.VersionLoggerListener.log Command line argument: --add-opens=java.base/java.lang.invoke=ALL-UNNAMED
09-Oct-2026 15:31:39.714 INFO [main] org.apache.catalina.startup.VersionLoggerListener.log Command line argument: --add-opens=java.base/java.lang.reflect=ALL-UNNAMED
09-Oct-2026 15:31:39.714 INFO [main] org.apache.catalina.startup.VersionLoggerListener.log Command line argument: --add-opens=java.base/java.io=ALL-UNNAMED
09-Oct-2026 15:31:39.714 INFO [main] org.apache.catalina.startup.VersionLoggerListener.log Command line argument: --add-opens=java.base/java.util=ALL-UNNAMED
09-Oct-2026 15:31:39.714 INFO [main] org.apache.catalina.startup.VersionLoggerListener.log Command line argument: --add-opens=java.base/java.util.concurrent=ALL-UNNAMED
09-Oct-2026 15:31:39.715 INFO [main] org.apache.catalina.startup.VersionLoggerListener.log Command line argument: --add-opens=java.rmi/sun.rmi.transport=ALL-UNNAMED
09-Oct-2026 15:31:39.715 INFO [main] org.apache.catalina.startup.VersionLoggerListener.log Command line argument: -Djava.util.logging.config.file=/usr/local/tomcat/conf/logging.properties
09-Oct-2026 15:31:39.715 INFO [main] org.apache.catalina.startup.VersionLoggerListener.log Command line argument: -Djava.util.logging.manager=org.apache.juli.ClassLoaderLogManager
09-Oct-2026 15:31:39.715 INFO [main] org.apache.catalina.startup.VersionLoggerListener.log Command line argument: -Djdk.tls.ephemeralDHKeySize=2048
09-Oct-2026 15:31:39.715 INFO [main] org.apache.catalina.startup.VersionLoggerListener.log Command line argument: -Djava.protocol.handler.pkgs=org.apache.catalina.webresources
09-Oct-2026 15:31:39.715 INFO [main] org.apache.catalina.startup.VersionLoggerListener.log Command line argument: -Dsun.io.useCanonCaches=false
09-Oct-2026 15:31:39.715 INFO [main] org.apache.catalina.startup.VersionLoggerListener.log Command line argument: -Dorg.apache.catalina.security.SecurityListener.UMASK=0022
09-Oct-2026 15:31:39.717 INFO [main] org.apache.catalina.startup.VersionLoggerListener.log Command line argument: -Dignore.endorsed.dirs=
09-Oct-2026 15:31:39.717 INFO [main] org.apache.catalina.startup.VersionLoggerListener.log Command line argument: -Dcatalina.base=/usr/local/tomcat
09-Oct-2026 15:31:39.718 INFO [main] org.apache.catalina.startup.VersionLoggerListener.log Command line argument: -Dcatalina.home=/usr/local/tomcat
09-Oct-2026 15:31:39.718 INFO [main] org.apache.catalina.startup.VersionLoggerListener.log Command line argument: -Djava.io.tmpdir=/usr/local/tomcat/temp
09-Oct-2026 15:31:39.722 INFO [main] org.apache.catalina.core.AprLifecycleListener.lifecycleEvent Loaded Apache Tomcat Native library [1.3.7] using APR version [1.7.0].
09-Oct-2026 15:31:39.722 INFO [main] org.apache.catalina.core.AprLifecycleListener.lifecycleEvent APR capabilities: IPv6 [true], sendfile [true], accept filters [false], random [true], UDS [true].
09-Oct-2026 15:31:39.722 INFO [main] org.apache.catalina.core.AprLifecycleListener.lifecycleEvent APR/OpenSSL configuration: useAprConnector [false], useOpenSSL [true]
09-Oct-2026 15:31:39.728 INFO [main] org.apache.catalina.core.AprLifecycleListener.initializeSSL OpenSSL successfully initialized [OpenSSL 3.0.2 15 Mar 2022]
09-Oct-2026 15:31:41.138 INFO [main] org.apache.coyote.AbstractProtocol.init Initializing ProtocolHandler ["http-nio-8080"]
09-Oct-2026 15:31:41.227 INFO [main] org.apache.catalina.startup.Catalina.load Server initialization in [2763] milliseconds
09-Oct-2026 15:31:41.331 INFO [main] org.apache.catalina.core.StandardService.startInternal Starting service [Catalina]
09-Oct-2026 15:31:41.333 INFO [main] org.apache.catalina.core.StandardEngine.startInternal Starting Servlet engine: [Apache Tomcat/9.0.117]
09-Oct-2026 15:31:41.347 INFO [main] org.apache.catalina.startup.HostConfig.deployDescriptor Deploying deployment descriptor [/usr/local/tomcat/conf/Catalina/localhost/ROOT.xml]
09-Oct-2026 15:31:49.034 INFO [main] org.apache.jasper.servlet.TldScanner.scanJars At least one JAR was scanned for TLDs yet contained no TLDs. Enable debug logging for this logger for a complete list of JARs that were scanned but no TLDs were found in them. Skipping unneeded JARs during scanning can improve startup time and JSP compilation time.
09-Oct-2026 15:31:59.208 INFO [main] nonapi.io.github.classgraph.classloaderhandler.lifecycle.ServletLifeCycleListener.contextInitialized Servlet context initialized
09-Oct-2026 15:31:59.539 WARNING [main] org.apache.catalina.util.SessionIdGeneratorBase.createSecureRandom Creation of SecureRandom instance for session ID generation using [SHA1PRNG] took [325] milliseconds.
09-Oct-2026 15:32:03.893 INFO [main] org.apache.catalina.startup.HostConfig.deployDescriptor Deployment of deployment descriptor [/usr/local/tomcat/conf/Catalina/localhost/ROOT.xml] has finished in [22,547] ms
09-Oct-2026 15:32:03.904 INFO [main] org.apache.coyote.AbstractProtocol.start Starting ProtocolHandler ["http-nio-8080"]
09-Oct-2026 15:32:03.927 INFO [main] org.apache.catalina.startup.Catalina.start Server startup in [22699] milliseconds
