06-Oct-2026 16:06:25.192 SEVERE [http-nio-8080-exec-9] org.apache.catalina.core.StandardWrapperValve.invoke Servlet.service() for servlet [com.hmdm.notification.rest.LongPollingServlet] in context with path [] threw exception
	org.apache.ibatis.exceptions.PersistenceException: 
### Error querying database.  Cause: org.postgresql.util.PSQLException: FATAL: terminating connection due to administrator command
### The error may exist in com/hmdm/persistence/mapper/DeviceMapper.xml
### The error may involve defaultParameterMap
### The error occurred while setting parameters
### SQL: SELECT devices.id AS deviceId, devices.number, devices.description, devices.lastUpdate,                devices.configurationId, devices.info, devices.imei, devices.phone, devices.customerId,                devices.custom1, devices.custom2, devices.custom3, devices.oldNumber,                groups.id AS groupId, groups.name AS groupName,                configurations.name as configName         FROM devices                  LEFT JOIN configurations ON devices.configurationId = configurations.id                  LEFT JOIN deviceGroups ON devices.id = deviceGroups.deviceId                  LEFT JOIN groups ON deviceGroups.groupId = groups.id               WHERE devices.number = ?
### Cause: org.postgresql.util.PSQLException: FATAL: terminating connection due to administrator command
		at org.apache.ibatis.exceptions.ExceptionFactory.wrapException(ExceptionFactory.java:30)
		at org.apache.ibatis.session.defaults.DefaultSqlSession.selectList(DefaultSqlSession.java:149)
		at org.apache.ibatis.session.defaults.DefaultSqlSession.selectList(DefaultSqlSession.java:140)
		at org.apache.ibatis.session.defaults.DefaultSqlSession.selectOne(DefaultSqlSession.java:76)
		at jdk.internal.reflect.GeneratedMethodAccessor279.invoke(Unknown Source)
		at java.base/jdk.internal.reflect.DelegatingMethodAccessorImpl.invoke(DelegatingMethodAccessorImpl.java:43)
		at java.base/java.lang.reflect.Method.invoke(Method.java:566)
		at org.apache.ibatis.session.SqlSessionManager$SqlSessionInterceptor.invoke(SqlSessionManager.java:357)
		at com.sun.proxy.$Proxy68.selectOne(Unknown Source)
		at org.apache.ibatis.session.SqlSessionManager.selectOne(SqlSessionManager.java:166)
		at org.apache.ibatis.binding.MapperMethod.execute(MapperMethod.java:87)
		at org.apache.ibatis.binding.MapperProxy.invoke(MapperProxy.java:93)
		at com.sun.proxy.$Proxy82.getDeviceByNumber(Unknown Source)
		at com.hmdm.persistence.UnsecureDAO.getDeviceByNumber(UnsecureDAO.java:166)
		at com.hmdm.notification.rest.LongPollingServlet.doGet(LongPollingServlet.java:138)
		at javax.servlet.http.HttpServlet.service(HttpServlet.java:529)
		at javax.servlet.http.HttpServlet.service(HttpServlet.java:623)
		at com.google.inject.servlet.ServletDefinition.doServiceImpl(ServletDefinition.java:290)
		at com.google.inject.servlet.ServletDefinition.doService(ServletDefinition.java:280)
		at com.google.inject.servlet.ServletDefinition.service(ServletDefinition.java:184)
		at com.google.inject.servlet.ManagedServletPipeline.service(ManagedServletPipeline.java:89)
		at com.hmdm.rest.filter.HstsFilter.doFilter(HstsFilter.java:57)
		at com.hmdm.rest.filter.ApiOriginFilter.doFilter(ApiOriginFilter.java:52)
		at com.google.inject.servlet.ManagedFilterPipeline.dispatch(ManagedFilterPipeline.java:121)
		at com.google.inject.servlet.GuiceFilter.doFilter(GuiceFilter.java:133)
		at org.apache.catalina.core.ApplicationFilterChain.internalDoFilter(ApplicationFilterChain.java:166)
		at org.apache.catalina.core.ApplicationFilterChain.doFilter(ApplicationFilterChain.java:142)
		at org.apache.catalina.core.StandardWrapperValve.invoke(StandardWrapperValve.java:166)
		at org.apache.catalina.core.StandardContextValve.invoke(StandardContextValve.java:88)
		at org.apache.catalina.authenticator.AuthenticatorBase.invoke(AuthenticatorBase.java:491)
		at org.apache.catalina.core.StandardHostValve.invoke(StandardHostValve.java:127)
		at org.apache.catalina.valves.ErrorReportValve.invoke(ErrorReportValve.java:83)
		at org.apache.catalina.valves.AbstractAccessLogValve.invoke(AbstractAccessLogValve.java:643)
		at org.apache.catalina.core.StandardEngineValve.invoke(StandardEngineValve.java:72)
		at org.apache.catalina.connector.CoyoteAdapter.service(CoyoteAdapter.java:344)
		at org.apache.coyote.http11.Http11Processor.service(Http11Processor.java:398)
		at org.apache.coyote.AbstractProcessorLight.process(AbstractProcessorLight.java:63)
		at org.apache.coyote.AbstractProtocol$ConnectionHandler.process(AbstractProtocol.java:939)
		at org.apache.tomcat.util.net.NioEndpoint$SocketProcessor.doRun(NioEndpoint.java:1854)
		at org.apache.tomcat.util.net.SocketProcessorBase.run(SocketProcessorBase.java:52)
		at org.apache.tomcat.util.threads.ThreadPoolExecutor.runWorker(ThreadPoolExecutor.java:973)
		at org.apache.tomcat.util.threads.ThreadPoolExecutor$Worker.run(ThreadPoolExecutor.java:491)
		at org.apache.tomcat.util.threads.TaskThread$WrappingRunnable.run(TaskThread.java:63)
		at java.base/java.lang.Thread.run(Thread.java:829)
	Caused by: org.postgresql.util.PSQLException: FATAL: terminating connection due to administrator command
		at org.postgresql.core.v3.QueryExecutorImpl.receiveErrorResponse(QueryExecutorImpl.java:2675)
		at org.postgresql.core.v3.QueryExecutorImpl.processResults(QueryExecutorImpl.java:2365)
		at org.postgresql.core.v3.QueryExecutorImpl.execute(QueryExecutorImpl.java:355)
		at org.postgresql.jdbc.PgStatement.executeInternal(PgStatement.java:490)
		at org.postgresql.jdbc.PgStatement.execute(PgStatement.java:408)
		at org.postgresql.jdbc.PgPreparedStatement.executeWithFlags(PgPreparedStatement.java:166)
		at org.postgresql.jdbc.PgPreparedStatement.execute(PgPreparedStatement.java:155)
		at jdk.internal.reflect.GeneratedMethodAccessor267.invoke(Unknown Source)
		at java.base/jdk.internal.reflect.DelegatingMethodAccessorImpl.invoke(DelegatingMethodAccessorImpl.java:43)
		at java.base/java.lang.reflect.Method.invoke(Method.java:566)
		at org.apache.ibatis.logging.jdbc.PreparedStatementLogger.invoke(PreparedStatementLogger.java:59)
		at com.sun.proxy.$Proxy94.execute(Unknown Source)
		at org.apache.ibatis.executor.statement.PreparedStatementHandler.query(PreparedStatementHandler.java:64)
		at org.apache.ibatis.executor.statement.RoutingStatementHandler.query(RoutingStatementHandler.java:79)
		at org.apache.ibatis.executor.SimpleExecutor.doQuery(SimpleExecutor.java:63)
		at org.apache.ibatis.executor.BaseExecutor.queryFromDatabase(BaseExecutor.java:324)
		at org.apache.ibatis.executor.BaseExecutor.query(BaseExecutor.java:156)
		at org.apache.ibatis.executor.CachingExecutor.query(CachingExecutor.java:109)
		at org.apache.ibatis.executor.CachingExecutor.query(CachingExecutor.java:83)
		at org.apache.ibatis.session.defaults.DefaultSqlSession.selectList(DefaultSqlSession.java:147)
		... 42 more
06-Oct-2026 16:06:28.677 SEVERE [http-nio-8080-exec-3] org.apache.catalina.core.StandardWrapperValve.invoke Servlet.service() for servlet [default] in context with path [] threw exception
	org.apache.ibatis.exceptions.PersistenceException: 
### Error querying database.  Cause: org.postgresql.util.PSQLException: The connection attempt failed.
### The error may exist in com/hmdm/persistence/mapper/UserMapper.xml
### The error may involve com.hmdm.persistence.mapper.UserMapper.findById
### The error occurred while executing a query
### Cause: org.postgresql.util.PSQLException: The connection attempt failed.
		at org.apache.ibatis.exceptions.ExceptionFactory.wrapException(ExceptionFactory.java:30)
		at org.apache.ibatis.session.defaults.DefaultSqlSession.selectList(DefaultSqlSession.java:149)
		at org.apache.ibatis.session.defaults.DefaultSqlSession.selectList(DefaultSqlSession.java:140)
		at org.apache.ibatis.session.defaults.DefaultSqlSession.selectOne(DefaultSqlSession.java:76)
		at jdk.internal.reflect.GeneratedMethodAccessor279.invoke(Unknown Source)
		at java.base/jdk.internal.reflect.DelegatingMethodAccessorImpl.invoke(DelegatingMethodAccessorImpl.java:43)
		at java.base/java.lang.reflect.Method.invoke(Method.java:566)
		at org.apache.ibatis.session.SqlSessionManager$SqlSessionInterceptor.invoke(SqlSessionManager.java:357)
		at com.sun.proxy.$Proxy68.selectOne(Unknown Source)
		at org.apache.ibatis.session.SqlSessionManager.selectOne(SqlSessionManager.java:166)
		at org.apache.ibatis.binding.MapperMethod.execute(MapperMethod.java:87)
		at org.apache.ibatis.binding.MapperProxy.invoke(MapperProxy.java:93)
		at com.sun.proxy.$Proxy69.findById(Unknown Source)
		at com.hmdm.persistence.UserDAO.lambda$getUserDetails$1(UserDAO.java:63)
		at com.hmdm.persistence.AbstractDAO.getSingleRecord(AbstractDAO.java:118)
		at com.hmdm.persistence.UserDAO.getUserDetails(UserDAO.java:63)
		at com.hmdm.rest.filter.AuthFilter.doFilter(AuthFilter.java:106)
		at com.hmdm.security.jwt.JWTFilter.doFilter(JWTFilter.java:120)
		at com.hmdm.rest.filter.HstsFilter.doFilter(HstsFilter.java:57)
		at com.hmdm.rest.filter.ApiOriginFilter.doFilter(ApiOriginFilter.java:52)
		at com.google.inject.servlet.ManagedFilterPipeline.dispatch(ManagedFilterPipeline.java:121)
		at com.google.inject.servlet.GuiceFilter.doFilter(GuiceFilter.java:133)
		at org.apache.catalina.core.ApplicationFilterChain.internalDoFilter(ApplicationFilterChain.java:166)
		at org.apache.catalina.core.ApplicationFilterChain.doFilter(ApplicationFilterChain.java:142)
		at org.apache.catalina.core.StandardWrapperValve.invoke(StandardWrapperValve.java:166)
		at org.apache.catalina.core.StandardContextValve.invoke(StandardContextValve.java:88)
		at org.apache.catalina.authenticator.AuthenticatorBase.invoke(AuthenticatorBase.java:491)
		at org.apache.catalina.core.StandardHostValve.invoke(StandardHostValve.java:127)
		at org.apache.catalina.valves.ErrorReportValve.invoke(ErrorReportValve.java:83)
		at org.apache.catalina.valves.AbstractAccessLogValve.invoke(AbstractAccessLogValve.java:643)
		at org.apache.catalina.core.StandardEngineValve.invoke(StandardEngineValve.java:72)
		at org.apache.catalina.connector.CoyoteAdapter.service(CoyoteAdapter.java:344)
		at org.apache.coyote.http11.Http11Processor.service(Http11Processor.java:398)
		at org.apache.coyote.AbstractProcessorLight.process(AbstractProcessorLight.java:63)
		at org.apache.coyote.AbstractProtocol$ConnectionHandler.process(AbstractProtocol.java:939)
		at org.apache.tomcat.util.net.NioEndpoint$SocketProcessor.doRun(NioEndpoint.java:1854)
		at org.apache.tomcat.util.net.SocketProcessorBase.run(SocketProcessorBase.java:52)
		at org.apache.tomcat.util.threads.ThreadPoolExecutor.runWorker(ThreadPoolExecutor.java:973)
		at org.apache.tomcat.util.threads.ThreadPoolExecutor$Worker.run(ThreadPoolExecutor.java:491)
		at org.apache.tomcat.util.threads.TaskThread$WrappingRunnable.run(TaskThread.java:63)
		at java.base/java.lang.Thread.run(Thread.java:829)
	Caused by: org.postgresql.util.PSQLException: The connection attempt failed.
		at org.postgresql.core.v3.ConnectionFactoryImpl.openConnectionImpl(ConnectionFactoryImpl.java:331)
		at org.postgresql.core.ConnectionFactory.openConnection(ConnectionFactory.java:49)
		at org.postgresql.jdbc.PgConnection.<init>(PgConnection.java:223)
		at org.postgresql.Driver.makeConnection(Driver.java:400)
		at org.postgresql.Driver.connect(Driver.java:259)
		at java.sql/java.sql.DriverManager.getConnection(DriverManager.java:677)
		at java.sql/java.sql.DriverManager.getConnection(DriverManager.java:189)
		at org.apache.ibatis.datasource.unpooled.UnpooledDataSource.doGetConnection(UnpooledDataSource.java:221)
		at org.apache.ibatis.datasource.unpooled.UnpooledDataSource.doGetConnection(UnpooledDataSource.java:216)
		at org.apache.ibatis.datasource.unpooled.UnpooledDataSource.getConnection(UnpooledDataSource.java:95)
		at org.apache.ibatis.datasource.pooled.PooledDataSource.popConnection(PooledDataSource.java:422)
		at org.apache.ibatis.datasource.pooled.PooledDataSource.getConnection(PooledDataSource.java:89)
		at org.apache.ibatis.transaction.jdbc.JdbcTransaction.openConnection(JdbcTransaction.java:138)
		at org.apache.ibatis.transaction.jdbc.JdbcTransaction.getConnection(JdbcTransaction.java:60)
		at org.apache.ibatis.executor.BaseExecutor.getConnection(BaseExecutor.java:336)
		at org.apache.ibatis.executor.SimpleExecutor.prepareStatement(SimpleExecutor.java:86)
		at org.apache.ibatis.executor.SimpleExecutor.doQuery(SimpleExecutor.java:62)
		at org.apache.ibatis.executor.BaseExecutor.queryFromDatabase(BaseExecutor.java:324)
		at org.apache.ibatis.executor.BaseExecutor.query(BaseExecutor.java:156)
		at org.apache.ibatis.executor.CachingExecutor.query(CachingExecutor.java:109)
		at org.apache.ibatis.executor.CachingExecutor.query(CachingExecutor.java:83)
		at org.apache.ibatis.session.defaults.DefaultSqlSession.selectList(DefaultSqlSession.java:147)
		... 39 more
	Caused by: java.net.UnknownHostException: postgresql
		at java.base/java.net.AbstractPlainSocketImpl.connect(AbstractPlainSocketImpl.java:229)
		at java.base/java.net.SocksSocketImpl.connect(SocksSocketImpl.java:392)
		at java.base/java.net.Socket.connect(Socket.java:609)
		at org.postgresql.core.PGStream.createSocket(PGStream.java:241)
		at org.postgresql.core.PGStream.<init>(PGStream.java:98)
		at org.postgresql.core.v3.ConnectionFactoryImpl.tryConnect(ConnectionFactoryImpl.java:109)
		at org.postgresql.core.v3.ConnectionFactoryImpl.openConnectionImpl(ConnectionFactoryImpl.java:235)
		... 60 more
06-Oct-2026 16:06:28.676 SEVERE [http-nio-8080-exec-6] org.apache.catalina.core.StandardWrapperValve.invoke Servlet.service() for servlet [default] in context with path [] threw exception
	org.apache.ibatis.exceptions.PersistenceException: 
### Error querying database.  Cause: org.postgresql.util.PSQLException: The connection attempt failed.
### The error may exist in com/hmdm/persistence/mapper/UserMapper.xml
### The error may involve com.hmdm.persistence.mapper.UserMapper.findById
### The error occurred while executing a query
### Cause: org.postgresql.util.PSQLException: The connection attempt failed.
		at org.apache.ibatis.exceptions.ExceptionFactory.wrapException(ExceptionFactory.java:30)
		at org.apache.ibatis.session.defaults.DefaultSqlSession.selectList(DefaultSqlSession.java:149)
		at org.apache.ibatis.session.defaults.DefaultSqlSession.selectList(DefaultSqlSession.java:140)
		at org.apache.ibatis.session.defaults.DefaultSqlSession.selectOne(DefaultSqlSession.java:76)
		at jdk.internal.reflect.GeneratedMethodAccessor279.invoke(Unknown Source)
		at java.base/jdk.internal.reflect.DelegatingMethodAccessorImpl.invoke(DelegatingMethodAccessorImpl.java:43)
		at java.base/java.lang.reflect.Method.invoke(Method.java:566)
		at org.apache.ibatis.session.SqlSessionManager$SqlSessionInterceptor.invoke(SqlSessionManager.java:357)
		at com.sun.proxy.$Proxy68.selectOne(Unknown Source)
		at org.apache.ibatis.session.SqlSessionManager.selectOne(SqlSessionManager.java:166)
		at org.apache.ibatis.binding.MapperMethod.execute(MapperMethod.java:87)
		at org.apache.ibatis.binding.MapperProxy.invoke(MapperProxy.java:93)
		at com.sun.proxy.$Proxy69.findById(Unknown Source)
		at com.hmdm.persistence.UserDAO.lambda$getUserDetails$1(UserDAO.java:63)
		at com.hmdm.persistence.AbstractDAO.getSingleRecord(AbstractDAO.java:118)
		at com.hmdm.persistence.UserDAO.getUserDetails(UserDAO.java:63)
		at com.hmdm.rest.filter.AuthFilter.doFilter(AuthFilter.java:106)
		at com.hmdm.security.jwt.JWTFilter.doFilter(JWTFilter.java:120)
		at com.hmdm.rest.filter.HstsFilter.doFilter(HstsFilter.java:57)
		at com.hmdm.rest.filter.ApiOriginFilter.doFilter(ApiOriginFilter.java:52)
		at com.google.inject.servlet.ManagedFilterPipeline.dispatch(ManagedFilterPipeline.java:121)
		at com.google.inject.servlet.GuiceFilter.doFilter(GuiceFilter.java:133)
		at org.apache.catalina.core.ApplicationFilterChain.internalDoFilter(ApplicationFilterChain.java:166)
		at org.apache.catalina.core.ApplicationFilterChain.doFilter(ApplicationFilterChain.java:142)
		at org.apache.catalina.core.StandardWrapperValve.invoke(StandardWrapperValve.java:166)
		at org.apache.catalina.core.StandardContextValve.invoke(StandardContextValve.java:88)
		at org.apache.catalina.authenticator.AuthenticatorBase.invoke(AuthenticatorBase.java:491)
		at org.apache.catalina.core.StandardHostValve.invoke(StandardHostValve.java:127)
		at org.apache.catalina.valves.ErrorReportValve.invoke(ErrorReportValve.java:83)
		at org.apache.catalina.valves.AbstractAccessLogValve.invoke(AbstractAccessLogValve.java:643)
		at org.apache.catalina.core.StandardEngineValve.invoke(StandardEngineValve.java:72)
		at org.apache.catalina.connector.CoyoteAdapter.service(CoyoteAdapter.java:344)
		at org.apache.coyote.http11.Http11Processor.service(Http11Processor.java:398)
		at org.apache.coyote.AbstractProcessorLight.process(AbstractProcessorLight.java:63)
		at org.apache.coyote.AbstractProtocol$ConnectionHandler.process(AbstractProtocol.java:939)
		at org.apache.tomcat.util.net.NioEndpoint$SocketProcessor.doRun(NioEndpoint.java:1854)
		at org.apache.tomcat.util.net.SocketProcessorBase.run(SocketProcessorBase.java:52)
		at org.apache.tomcat.util.threads.ThreadPoolExecutor.runWorker(ThreadPoolExecutor.java:973)
		at org.apache.tomcat.util.threads.ThreadPoolExecutor$Worker.run(ThreadPoolExecutor.java:491)
		at org.apache.tomcat.util.threads.TaskThread$WrappingRunnable.run(TaskThread.java:63)
		at java.base/java.lang.Thread.run(Thread.java:829)
	Caused by: org.postgresql.util.PSQLException: The connection attempt failed.
		at org.postgresql.core.v3.ConnectionFactoryImpl.openConnectionImpl(ConnectionFactoryImpl.java:331)
		at org.postgresql.core.ConnectionFactory.openConnection(ConnectionFactory.java:49)
		at org.postgresql.jdbc.PgConnection.<init>(PgConnection.java:223)
		at org.postgresql.Driver.makeConnection(Driver.java:400)
		at org.postgresql.Driver.connect(Driver.java:259)
		at java.sql/java.sql.DriverManager.getConnection(DriverManager.java:677)
		at java.sql/java.sql.DriverManager.getConnection(DriverManager.java:189)
		at org.apache.ibatis.datasource.unpooled.UnpooledDataSource.doGetConnection(UnpooledDataSource.java:221)
		at org.apache.ibatis.datasource.unpooled.UnpooledDataSource.doGetConnection(UnpooledDataSource.java:216)
		at org.apache.ibatis.datasource.unpooled.UnpooledDataSource.getConnection(UnpooledDataSource.java:95)
		at org.apache.ibatis.datasource.pooled.PooledDataSource.popConnection(PooledDataSource.java:422)
		at org.apache.ibatis.datasource.pooled.PooledDataSource.getConnection(PooledDataSource.java:89)
		at org.apache.ibatis.transaction.jdbc.JdbcTransaction.openConnection(JdbcTransaction.java:138)
		at org.apache.ibatis.transaction.jdbc.JdbcTransaction.getConnection(JdbcTransaction.java:60)
		at org.apache.ibatis.executor.BaseExecutor.getConnection(BaseExecutor.java:336)
		at org.apache.ibatis.executor.SimpleExecutor.prepareStatement(SimpleExecutor.java:86)
		at org.apache.ibatis.executor.SimpleExecutor.doQuery(SimpleExecutor.java:62)
		at org.apache.ibatis.executor.BaseExecutor.queryFromDatabase(BaseExecutor.java:324)
		at org.apache.ibatis.executor.BaseExecutor.query(BaseExecutor.java:156)
		at org.apache.ibatis.executor.CachingExecutor.query(CachingExecutor.java:109)
		at org.apache.ibatis.executor.CachingExecutor.query(CachingExecutor.java:83)
		at org.apache.ibatis.session.defaults.DefaultSqlSession.selectList(DefaultSqlSession.java:147)
		... 39 more
	Caused by: java.net.UnknownHostException: postgresql
		at java.base/java.net.AbstractPlainSocketImpl.connect(AbstractPlainSocketImpl.java:229)
		at java.base/java.net.SocksSocketImpl.connect(SocksSocketImpl.java:392)
		at java.base/java.net.Socket.connect(Socket.java:609)
		at org.postgresql.core.PGStream.createSocket(PGStream.java:241)
		at org.postgresql.core.PGStream.<init>(PGStream.java:98)
		at org.postgresql.core.v3.ConnectionFactoryImpl.tryConnect(ConnectionFactoryImpl.java:109)
		at org.postgresql.core.v3.ConnectionFactoryImpl.openConnectionImpl(ConnectionFactoryImpl.java:235)
		... 60 more
06-Oct-2026 16:06:28.766 SEVERE [http-nio-8080-exec-1] org.apache.catalina.core.StandardWrapperValve.invoke Servlet.service() for servlet [default] in context with path [] threw exception
	org.apache.ibatis.exceptions.PersistenceException: 
### Error querying database.  Cause: org.postgresql.util.PSQLException: The connection attempt failed.
### The error may exist in com/hmdm/persistence/mapper/UserMapper.xml
### The error may involve com.hmdm.persistence.mapper.UserMapper.findById
### The error occurred while executing a query
### Cause: org.postgresql.util.PSQLException: The connection attempt failed.
		at org.apache.ibatis.exceptions.ExceptionFactory.wrapException(ExceptionFactory.java:30)
		at org.apache.ibatis.session.defaults.DefaultSqlSession.selectList(DefaultSqlSession.java:149)
		at org.apache.ibatis.session.defaults.DefaultSqlSession.selectList(DefaultSqlSession.java:140)
		at org.apache.ibatis.session.defaults.DefaultSqlSession.selectOne(DefaultSqlSession.java:76)
		at jdk.internal.reflect.GeneratedMethodAccessor279.invoke(Unknown Source)
		at java.base/jdk.internal.reflect.DelegatingMethodAccessorImpl.invoke(DelegatingMethodAccessorImpl.java:43)
		at java.base/java.lang.reflect.Method.invoke(Method.java:566)
		at org.apache.ibatis.session.SqlSessionManager$SqlSessionInterceptor.invoke(SqlSessionManager.java:357)
		at com.sun.proxy.$Proxy68.selectOne(Unknown Source)
		at org.apache.ibatis.session.SqlSessionManager.selectOne(SqlSessionManager.java:166)
		at org.apache.ibatis.binding.MapperMethod.execute(MapperMethod.java:87)
		at org.apache.ibatis.binding.MapperProxy.invoke(MapperProxy.java:93)
		at com.sun.proxy.$Proxy69.findById(Unknown Source)
		at com.hmdm.persistence.UserDAO.lambda$getUserDetails$1(UserDAO.java:63)
		at com.hmdm.persistence.AbstractDAO.getSingleRecord(AbstractDAO.java:118)
		at com.hmdm.persistence.UserDAO.getUserDetails(UserDAO.java:63)
		at com.hmdm.rest.filter.AuthFilter.doFilter(AuthFilter.java:106)
		at com.hmdm.security.jwt.JWTFilter.doFilter(JWTFilter.java:120)
		at com.hmdm.rest.filter.HstsFilter.doFilter(HstsFilter.java:57)
		at com.hmdm.rest.filter.ApiOriginFilter.doFilter(ApiOriginFilter.java:52)
		at com.google.inject.servlet.ManagedFilterPipeline.dispatch(ManagedFilterPipeline.java:121)
		at com.google.inject.servlet.GuiceFilter.doFilter(GuiceFilter.java:133)
		at org.apache.catalina.core.ApplicationFilterChain.internalDoFilter(ApplicationFilterChain.java:166)
		at org.apache.catalina.core.ApplicationFilterChain.doFilter(ApplicationFilterChain.java:142)
		at org.apache.catalina.core.StandardWrapperValve.invoke(StandardWrapperValve.java:166)
		at org.apache.catalina.core.StandardContextValve.invoke(StandardContextValve.java:88)
		at org.apache.catalina.authenticator.AuthenticatorBase.invoke(AuthenticatorBase.java:491)
		at org.apache.catalina.core.StandardHostValve.invoke(StandardHostValve.java:127)
		at org.apache.catalina.valves.ErrorReportValve.invoke(ErrorReportValve.java:83)
		at org.apache.catalina.valves.AbstractAccessLogValve.invoke(AbstractAccessLogValve.java:643)
		at org.apache.catalina.core.StandardEngineValve.invoke(StandardEngineValve.java:72)
		at org.apache.catalina.connector.CoyoteAdapter.service(CoyoteAdapter.java:344)
		at org.apache.coyote.http11.Http11Processor.service(Http11Processor.java:398)
		at org.apache.coyote.AbstractProcessorLight.process(AbstractProcessorLight.java:63)
		at org.apache.coyote.AbstractProtocol$ConnectionHandler.process(AbstractProtocol.java:939)
		at org.apache.tomcat.util.net.NioEndpoint$SocketProcessor.doRun(NioEndpoint.java:1854)
		at org.apache.tomcat.util.net.SocketProcessorBase.run(SocketProcessorBase.java:52)
		at org.apache.tomcat.util.threads.ThreadPoolExecutor.runWorker(ThreadPoolExecutor.java:973)
		at org.apache.tomcat.util.threads.ThreadPoolExecutor$Worker.run(ThreadPoolExecutor.java:491)
		at org.apache.tomcat.util.threads.TaskThread$WrappingRunnable.run(TaskThread.java:63)
		at java.base/java.lang.Thread.run(Thread.java:829)
	Caused by: org.postgresql.util.PSQLException: The connection attempt failed.
		at org.postgresql.core.v3.ConnectionFactoryImpl.openConnectionImpl(ConnectionFactoryImpl.java:331)
		at org.postgresql.core.ConnectionFactory.openConnection(ConnectionFactory.java:49)
		at org.postgresql.jdbc.PgConnection.<init>(PgConnection.java:223)
		at org.postgresql.Driver.makeConnection(Driver.java:400)
		at org.postgresql.Driver.connect(Driver.java:259)
		at java.sql/java.sql.DriverManager.getConnection(DriverManager.java:677)
		at java.sql/java.sql.DriverManager.getConnection(DriverManager.java:189)
		at org.apache.ibatis.datasource.unpooled.UnpooledDataSource.doGetConnection(UnpooledDataSource.java:221)
		at org.apache.ibatis.datasource.unpooled.UnpooledDataSource.doGetConnection(UnpooledDataSource.java:216)
		at org.apache.ibatis.datasource.unpooled.UnpooledDataSource.getConnection(UnpooledDataSource.java:95)
		at org.apache.ibatis.datasource.pooled.PooledDataSource.popConnection(PooledDataSource.java:422)
		at org.apache.ibatis.datasource.pooled.PooledDataSource.getConnection(PooledDataSource.java:89)
		at org.apache.ibatis.transaction.jdbc.JdbcTransaction.openConnection(JdbcTransaction.java:138)
		at org.apache.ibatis.transaction.jdbc.JdbcTransaction.getConnection(JdbcTransaction.java:60)
		at org.apache.ibatis.executor.BaseExecutor.getConnection(BaseExecutor.java:336)
		at org.apache.ibatis.executor.SimpleExecutor.prepareStatement(SimpleExecutor.java:86)
		at org.apache.ibatis.executor.SimpleExecutor.doQuery(SimpleExecutor.java:62)
		at org.apache.ibatis.executor.BaseExecutor.queryFromDatabase(BaseExecutor.java:324)
		at org.apache.ibatis.executor.BaseExecutor.query(BaseExecutor.java:156)
		at org.apache.ibatis.executor.CachingExecutor.query(CachingExecutor.java:109)
		at org.apache.ibatis.executor.CachingExecutor.query(CachingExecutor.java:83)
		at org.apache.ibatis.session.defaults.DefaultSqlSession.selectList(DefaultSqlSession.java:147)
		... 39 more
	Caused by: java.net.UnknownHostException: postgresql
		at java.base/java.net.AbstractPlainSocketImpl.connect(AbstractPlainSocketImpl.java:229)
		at java.base/java.net.SocksSocketImpl.connect(SocksSocketImpl.java:392)
		at java.base/java.net.Socket.connect(Socket.java:609)
		at org.postgresql.core.PGStream.createSocket(PGStream.java:241)
		at org.postgresql.core.PGStream.<init>(PGStream.java:98)
		at org.postgresql.core.v3.ConnectionFactoryImpl.tryConnect(ConnectionFactoryImpl.java:109)
		at org.postgresql.core.v3.ConnectionFactoryImpl.openConnectionImpl(ConnectionFactoryImpl.java:235)
		... 60 more
06-Oct-2026 16:06:29.016 SEVERE [http-nio-8080-exec-10] org.apache.catalina.core.StandardWrapperValve.invoke Servlet.service() for servlet [default] in context with path [] threw exception
	org.apache.ibatis.exceptions.PersistenceException: 
### Error querying database.  Cause: org.postgresql.util.PSQLException: The connection attempt failed.
### The error may exist in com/hmdm/persistence/mapper/UserMapper.xml
### The error may involve com.hmdm.persistence.mapper.UserMapper.findById
### The error occurred while executing a query
### Cause: org.postgresql.util.PSQLException: The connection attempt failed.
		at org.apache.ibatis.exceptions.ExceptionFactory.wrapException(ExceptionFactory.java:30)
		at org.apache.ibatis.session.defaults.DefaultSqlSession.selectList(DefaultSqlSession.java:149)
		at org.apache.ibatis.session.defaults.DefaultSqlSession.selectList(DefaultSqlSession.java:140)
		at org.apache.ibatis.session.defaults.DefaultSqlSession.selectOne(DefaultSqlSession.java:76)
		at jdk.internal.reflect.GeneratedMethodAccessor279.invoke(Unknown Source)
		at java.base/jdk.internal.reflect.DelegatingMethodAccessorImpl.invoke(DelegatingMethodAccessorImpl.java:43)
		at java.base/java.lang.reflect.Method.invoke(Method.java:566)
		at org.apache.ibatis.session.SqlSessionManager$SqlSessionInterceptor.invoke(SqlSessionManager.java:357)
		at com.sun.proxy.$Proxy68.selectOne(Unknown Source)
		at org.apache.ibatis.session.SqlSessionManager.selectOne(SqlSessionManager.java:166)
		at org.apache.ibatis.binding.MapperMethod.execute(MapperMethod.java:87)
		at org.apache.ibatis.binding.MapperProxy.invoke(MapperProxy.java:93)
		at com.sun.proxy.$Proxy69.findById(Unknown Source)
		at com.hmdm.persistence.UserDAO.lambda$getUserDetails$1(UserDAO.java:63)
		at com.hmdm.persistence.AbstractDAO.getSingleRecord(AbstractDAO.java:118)
		at com.hmdm.persistence.UserDAO.getUserDetails(UserDAO.java:63)
		at com.hmdm.rest.filter.AuthFilter.doFilter(AuthFilter.java:106)
		at com.hmdm.security.jwt.JWTFilter.doFilter(JWTFilter.java:120)
		at com.hmdm.rest.filter.HstsFilter.doFilter(HstsFilter.java:57)
		at com.hmdm.rest.filter.ApiOriginFilter.doFilter(ApiOriginFilter.java:52)
		at com.google.inject.servlet.ManagedFilterPipeline.dispatch(ManagedFilterPipeline.java:121)
		at com.google.inject.servlet.GuiceFilter.doFilter(GuiceFilter.java:133)
		at org.apache.catalina.core.ApplicationFilterChain.internalDoFilter(ApplicationFilterChain.java:166)
		at org.apache.catalina.core.ApplicationFilterChain.doFilter(ApplicationFilterChain.java:142)
		at org.apache.catalina.core.StandardWrapperValve.invoke(StandardWrapperValve.java:166)
		at org.apache.catalina.core.StandardContextValve.invoke(StandardContextValve.java:88)
		at org.apache.catalina.authenticator.AuthenticatorBase.invoke(AuthenticatorBase.java:491)
		at org.apache.catalina.core.StandardHostValve.invoke(StandardHostValve.java:127)
		at org.apache.catalina.valves.ErrorReportValve.invoke(ErrorReportValve.java:83)
		at org.apache.catalina.valves.AbstractAccessLogValve.invoke(AbstractAccessLogValve.java:643)
		at org.apache.catalina.core.StandardEngineValve.invoke(StandardEngineValve.java:72)
		at org.apache.catalina.connector.CoyoteAdapter.service(CoyoteAdapter.java:344)
		at org.apache.coyote.http11.Http11Processor.service(Http11Processor.java:398)
		at org.apache.coyote.AbstractProcessorLight.process(AbstractProcessorLight.java:63)
		at org.apache.coyote.AbstractProtocol$ConnectionHandler.process(AbstractProtocol.java:939)
		at org.apache.tomcat.util.net.NioEndpoint$SocketProcessor.doRun(NioEndpoint.java:1854)
		at org.apache.tomcat.util.net.SocketProcessorBase.run(SocketProcessorBase.java:52)
		at org.apache.tomcat.util.threads.ThreadPoolExecutor.runWorker(ThreadPoolExecutor.java:973)
		at org.apache.tomcat.util.threads.ThreadPoolExecutor$Worker.run(ThreadPoolExecutor.java:491)
		at org.apache.tomcat.util.threads.TaskThread$WrappingRunnable.run(TaskThread.java:63)
		at java.base/java.lang.Thread.run(Thread.java:829)
	Caused by: org.postgresql.util.PSQLException: The connection attempt failed.
		at org.postgresql.core.v3.ConnectionFactoryImpl.openConnectionImpl(ConnectionFactoryImpl.java:331)
		at org.postgresql.core.ConnectionFactory.openConnection(ConnectionFactory.java:49)
		at org.postgresql.jdbc.PgConnection.<init>(PgConnection.java:223)
		at org.postgresql.Driver.makeConnection(Driver.java:400)
		at org.postgresql.Driver.connect(Driver.java:259)
		at java.sql/java.sql.DriverManager.getConnection(DriverManager.java:677)
		at java.sql/java.sql.DriverManager.getConnection(DriverManager.java:189)
		at org.apache.ibatis.datasource.unpooled.UnpooledDataSource.doGetConnection(UnpooledDataSource.java:221)
		at org.apache.ibatis.datasource.unpooled.UnpooledDataSource.doGetConnection(UnpooledDataSource.java:216)
		at org.apache.ibatis.datasource.unpooled.UnpooledDataSource.getConnection(UnpooledDataSource.java:95)
		at org.apache.ibatis.datasource.pooled.PooledDataSource.popConnection(PooledDataSource.java:422)
		at org.apache.ibatis.datasource.pooled.PooledDataSource.getConnection(PooledDataSource.java:89)
		at org.apache.ibatis.transaction.jdbc.JdbcTransaction.openConnection(JdbcTransaction.java:138)
		at org.apache.ibatis.transaction.jdbc.JdbcTransaction.getConnection(JdbcTransaction.java:60)
		at org.apache.ibatis.executor.BaseExecutor.getConnection(BaseExecutor.java:336)
		at org.apache.ibatis.executor.SimpleExecutor.prepareStatement(SimpleExecutor.java:86)
		at org.apache.ibatis.executor.SimpleExecutor.doQuery(SimpleExecutor.java:62)
		at org.apache.ibatis.executor.BaseExecutor.queryFromDatabase(BaseExecutor.java:324)
		at org.apache.ibatis.executor.BaseExecutor.query(BaseExecutor.java:156)
		at org.apache.ibatis.executor.CachingExecutor.query(CachingExecutor.java:109)
		at org.apache.ibatis.executor.CachingExecutor.query(CachingExecutor.java:83)
		at org.apache.ibatis.session.defaults.DefaultSqlSession.selectList(DefaultSqlSession.java:147)
		... 39 more
	Caused by: java.net.UnknownHostException: postgresql
		at java.base/java.net.AbstractPlainSocketImpl.connect(AbstractPlainSocketImpl.java:229)
		at java.base/java.net.SocksSocketImpl.connect(SocksSocketImpl.java:392)
		at java.base/java.net.Socket.connect(Socket.java:609)
		at org.postgresql.core.PGStream.createSocket(PGStream.java:241)
		at org.postgresql.core.PGStream.<init>(PGStream.java:98)
		at org.postgresql.core.v3.ConnectionFactoryImpl.tryConnect(ConnectionFactoryImpl.java:109)
		at org.postgresql.core.v3.ConnectionFactoryImpl.openConnectionImpl(ConnectionFactoryImpl.java:235)
		... 60 more
06-Oct-2026 16:06:29.021 SEVERE [http-nio-8080-exec-1] org.apache.catalina.core.StandardWrapperValve.invoke Servlet.service() for servlet [default] in context with path [] threw exception
	org.apache.ibatis.exceptions.PersistenceException: 
### Error querying database.  Cause: org.postgresql.util.PSQLException: The connection attempt failed.
### The error may exist in com/hmdm/persistence/mapper/UserMapper.xml
### The error may involve com.hmdm.persistence.mapper.UserMapper.findById
### The error occurred while executing a query
### Cause: org.postgresql.util.PSQLException: The connection attempt failed.
		at org.apache.ibatis.exceptions.ExceptionFactory.wrapException(ExceptionFactory.java:30)
		at org.apache.ibatis.session.defaults.DefaultSqlSession.selectList(DefaultSqlSession.java:149)
		at org.apache.ibatis.session.defaults.DefaultSqlSession.selectList(DefaultSqlSession.java:140)
		at org.apache.ibatis.session.defaults.DefaultSqlSession.selectOne(DefaultSqlSession.java:76)
		at jdk.internal.reflect.GeneratedMethodAccessor279.invoke(Unknown Source)
		at java.base/jdk.internal.reflect.DelegatingMethodAccessorImpl.invoke(DelegatingMethodAccessorImpl.java:43)
		at java.base/java.lang.reflect.Method.invoke(Method.java:566)
		at org.apache.ibatis.session.SqlSessionManager$SqlSessionInterceptor.invoke(SqlSessionManager.java:357)
		at com.sun.proxy.$Proxy68.selectOne(Unknown Source)
		at org.apache.ibatis.session.SqlSessionManager.selectOne(SqlSessionManager.java:166)
		at org.apache.ibatis.binding.MapperMethod.execute(MapperMethod.java:87)
		at org.apache.ibatis.binding.MapperProxy.invoke(MapperProxy.java:93)
		at com.sun.proxy.$Proxy69.findById(Unknown Source)
		at com.hmdm.persistence.UserDAO.lambda$getUserDetails$1(UserDAO.java:63)
		at com.hmdm.persistence.AbstractDAO.getSingleRecord(AbstractDAO.java:118)
		at com.hmdm.persistence.UserDAO.getUserDetails(UserDAO.java:63)
		at com.hmdm.rest.filter.AuthFilter.doFilter(AuthFilter.java:106)
		at com.hmdm.rest.filter.HstsFilter.doFilter(HstsFilter.java:57)
		at com.hmdm.rest.filter.ApiOriginFilter.doFilter(ApiOriginFilter.java:52)
		at com.google.inject.servlet.ManagedFilterPipeline.dispatch(ManagedFilterPipeline.java:121)
		at com.google.inject.servlet.GuiceFilter.doFilter(GuiceFilter.java:133)
		at org.apache.catalina.core.ApplicationFilterChain.internalDoFilter(ApplicationFilterChain.java:166)
		at org.apache.catalina.core.ApplicationFilterChain.doFilter(ApplicationFilterChain.java:142)
		at org.apache.catalina.core.StandardWrapperValve.invoke(StandardWrapperValve.java:166)
		at org.apache.catalina.core.StandardContextValve.invoke(StandardContextValve.java:88)
		at org.apache.catalina.authenticator.AuthenticatorBase.invoke(AuthenticatorBase.java:491)
		at org.apache.catalina.core.StandardHostValve.invoke(StandardHostValve.java:127)
		at org.apache.catalina.valves.ErrorReportValve.invoke(ErrorReportValve.java:83)
		at org.apache.catalina.valves.AbstractAccessLogValve.invoke(AbstractAccessLogValve.java:643)
		at org.apache.catalina.core.StandardEngineValve.invoke(StandardEngineValve.java:72)
		at org.apache.catalina.connector.CoyoteAdapter.service(CoyoteAdapter.java:344)
		at org.apache.coyote.http11.Http11Processor.service(Http11Processor.java:398)
		at org.apache.coyote.AbstractProcessorLight.process(AbstractProcessorLight.java:63)
		at org.apache.coyote.AbstractProtocol$ConnectionHandler.process(AbstractProtocol.java:939)
		at org.apache.tomcat.util.net.NioEndpoint$SocketProcessor.doRun(NioEndpoint.java:1854)
		at org.apache.tomcat.util.net.SocketProcessorBase.run(SocketProcessorBase.java:52)
		at org.apache.tomcat.util.threads.ThreadPoolExecutor.runWorker(ThreadPoolExecutor.java:973)
		at org.apache.tomcat.util.threads.ThreadPoolExecutor$Worker.run(ThreadPoolExecutor.java:491)
		at org.apache.tomcat.util.threads.TaskThread$WrappingRunnable.run(TaskThread.java:63)
		at java.base/java.lang.Thread.run(Thread.java:829)
	Caused by: org.postgresql.util.PSQLException: The connection attempt failed.
		at org.postgresql.core.v3.ConnectionFactoryImpl.openConnectionImpl(ConnectionFactoryImpl.java:331)
		at org.postgresql.core.ConnectionFactory.openConnection(ConnectionFactory.java:49)
		at org.postgresql.jdbc.PgConnection.<init>(PgConnection.java:223)
		at org.postgresql.Driver.makeConnection(Driver.java:400)
		at org.postgresql.Driver.connect(Driver.java:259)
		at java.sql/java.sql.DriverManager.getConnection(DriverManager.java:677)
		at java.sql/java.sql.DriverManager.getConnection(DriverManager.java:189)
		at org.apache.ibatis.datasource.unpooled.UnpooledDataSource.doGetConnection(UnpooledDataSource.java:221)
		at org.apache.ibatis.datasource.unpooled.UnpooledDataSource.doGetConnection(UnpooledDataSource.java:216)
		at org.apache.ibatis.datasource.unpooled.UnpooledDataSource.getConnection(UnpooledDataSource.java:95)
		at org.apache.ibatis.datasource.pooled.PooledDataSource.popConnection(PooledDataSource.java:422)
		at org.apache.ibatis.datasource.pooled.PooledDataSource.getConnection(PooledDataSource.java:89)
		at org.apache.ibatis.transaction.jdbc.JdbcTransaction.openConnection(JdbcTransaction.java:138)
		at org.apache.ibatis.transaction.jdbc.JdbcTransaction.getConnection(JdbcTransaction.java:60)
		at org.apache.ibatis.executor.BaseExecutor.getConnection(BaseExecutor.java:336)
		at org.apache.ibatis.executor.SimpleExecutor.prepareStatement(SimpleExecutor.java:86)
		at org.apache.ibatis.executor.SimpleExecutor.doQuery(SimpleExecutor.java:62)
		at org.apache.ibatis.executor.BaseExecutor.queryFromDatabase(BaseExecutor.java:324)
		at org.apache.ibatis.executor.BaseExecutor.query(BaseExecutor.java:156)
		at org.apache.ibatis.executor.CachingExecutor.query(CachingExecutor.java:109)
		at org.apache.ibatis.executor.CachingExecutor.query(CachingExecutor.java:83)
		at org.apache.ibatis.session.defaults.DefaultSqlSession.selectList(DefaultSqlSession.java:147)
		... 38 more
	Caused by: java.net.UnknownHostException: postgresql
		at java.base/java.net.AbstractPlainSocketImpl.connect(AbstractPlainSocketImpl.java:229)
		at java.base/java.net.SocksSocketImpl.connect(SocksSocketImpl.java:392)
		at java.base/java.net.Socket.connect(Socket.java:609)
		at org.postgresql.core.PGStream.createSocket(PGStream.java:241)
		at org.postgresql.core.PGStream.<init>(PGStream.java:98)
		at org.postgresql.core.v3.ConnectionFactoryImpl.tryConnect(ConnectionFactoryImpl.java:109)
		at org.postgresql.core.v3.ConnectionFactoryImpl.openConnectionImpl(ConnectionFactoryImpl.java:235)
		... 59 more
06-Oct-2026 16:06:29.022 SEVERE [http-nio-8080-exec-4] org.apache.catalina.core.StandardWrapperValve.invoke Servlet.service() for servlet [default] in context with path [] threw exception
	org.apache.ibatis.exceptions.PersistenceException: 
### Error querying database.  Cause: org.postgresql.util.PSQLException: The connection attempt failed.
### The error may exist in com/hmdm/persistence/mapper/UserMapper.xml
### The error may involve com.hmdm.persistence.mapper.UserMapper.findById
### The error occurred while executing a query
### Cause: org.postgresql.util.PSQLException: The connection attempt failed.
		at org.apache.ibatis.exceptions.ExceptionFactory.wrapException(ExceptionFactory.java:30)
		at org.apache.ibatis.session.defaults.DefaultSqlSession.selectList(DefaultSqlSession.java:149)
		at org.apache.ibatis.session.defaults.DefaultSqlSession.selectList(DefaultSqlSession.java:140)
		at org.apache.ibatis.session.defaults.DefaultSqlSession.selectOne(DefaultSqlSession.java:76)
		at jdk.internal.reflect.GeneratedMethodAccessor279.invoke(Unknown Source)
		at java.base/jdk.internal.reflect.DelegatingMethodAccessorImpl.invoke(DelegatingMethodAccessorImpl.java:43)
		at java.base/java.lang.reflect.Method.invoke(Method.java:566)
		at org.apache.ibatis.session.SqlSessionManager$SqlSessionInterceptor.invoke(SqlSessionManager.java:357)
		at com.sun.proxy.$Proxy68.selectOne(Unknown Source)
		at org.apache.ibatis.session.SqlSessionManager.selectOne(SqlSessionManager.java:166)
		at org.apache.ibatis.binding.MapperMethod.execute(MapperMethod.java:87)
		at org.apache.ibatis.binding.MapperProxy.invoke(MapperProxy.java:93)
		at com.sun.proxy.$Proxy69.findById(Unknown Source)
		at com.hmdm.persistence.UserDAO.lambda$getUserDetails$1(UserDAO.java:63)
		at com.hmdm.persistence.AbstractDAO.getSingleRecord(AbstractDAO.java:118)
		at com.hmdm.persistence.UserDAO.getUserDetails(UserDAO.java:63)
		at com.hmdm.rest.filter.AuthFilter.doFilter(AuthFilter.java:106)
		at com.hmdm.security.jwt.JWTFilter.doFilter(JWTFilter.java:120)
		at com.hmdm.plugins.audit.rest.filter.AuditFilter.doFilter(AuditFilter.java:128)
		at com.hmdm.rest.filter.HstsFilter.doFilter(HstsFilter.java:57)
		at com.hmdm.rest.filter.ApiOriginFilter.doFilter(ApiOriginFilter.java:52)
		at com.google.inject.servlet.ManagedFilterPipeline.dispatch(ManagedFilterPipeline.java:121)
		at com.google.inject.servlet.GuiceFilter.doFilter(GuiceFilter.java:133)
		at org.apache.catalina.core.ApplicationFilterChain.internalDoFilter(ApplicationFilterChain.java:166)
		at org.apache.catalina.core.ApplicationFilterChain.doFilter(ApplicationFilterChain.java:142)
		at org.apache.catalina.core.StandardWrapperValve.invoke(StandardWrapperValve.java:166)
		at org.apache.catalina.core.StandardContextValve.invoke(StandardContextValve.java:88)
		at org.apache.catalina.authenticator.AuthenticatorBase.invoke(AuthenticatorBase.java:491)
		at org.apache.catalina.core.StandardHostValve.invoke(StandardHostValve.java:127)
		at org.apache.catalina.valves.ErrorReportValve.invoke(ErrorReportValve.java:83)
		at org.apache.catalina.valves.AbstractAccessLogValve.invoke(AbstractAccessLogValve.java:643)
		at org.apache.catalina.core.StandardEngineValve.invoke(StandardEngineValve.java:72)
		at org.apache.catalina.connector.CoyoteAdapter.service(CoyoteAdapter.java:344)
		at org.apache.coyote.http11.Http11Processor.service(Http11Processor.java:398)
		at org.apache.coyote.AbstractProcessorLight.process(AbstractProcessorLight.java:63)
		at org.apache.coyote.AbstractProtocol$ConnectionHandler.process(AbstractProtocol.java:939)
		at org.apache.tomcat.util.net.NioEndpoint$SocketProcessor.doRun(NioEndpoint.java:1854)
		at org.apache.tomcat.util.net.SocketProcessorBase.run(SocketProcessorBase.java:52)
		at org.apache.tomcat.util.threads.ThreadPoolExecutor.runWorker(ThreadPoolExecutor.java:973)
		at org.apache.tomcat.util.threads.ThreadPoolExecutor$Worker.run(ThreadPoolExecutor.java:491)
		at org.apache.tomcat.util.threads.TaskThread$WrappingRunnable.run(TaskThread.java:63)
		at java.base/java.lang.Thread.run(Thread.java:829)
	Caused by: org.postgresql.util.PSQLException: The connection attempt failed.
		at org.postgresql.core.v3.ConnectionFactoryImpl.openConnectionImpl(ConnectionFactoryImpl.java:331)
		at org.postgresql.core.ConnectionFactory.openConnection(ConnectionFactory.java:49)
		at org.postgresql.jdbc.PgConnection.<init>(PgConnection.java:223)
		at org.postgresql.Driver.makeConnection(Driver.java:400)
		at org.postgresql.Driver.connect(Driver.java:259)
		at java.sql/java.sql.DriverManager.getConnection(DriverManager.java:677)
		at java.sql/java.sql.DriverManager.getConnection(DriverManager.java:189)
		at org.apache.ibatis.datasource.unpooled.UnpooledDataSource.doGetConnection(UnpooledDataSource.java:221)
		at org.apache.ibatis.datasource.unpooled.UnpooledDataSource.doGetConnection(UnpooledDataSource.java:216)
		at org.apache.ibatis.datasource.unpooled.UnpooledDataSource.getConnection(UnpooledDataSource.java:95)
		at org.apache.ibatis.datasource.pooled.PooledDataSource.popConnection(PooledDataSource.java:422)
		at org.apache.ibatis.datasource.pooled.PooledDataSource.getConnection(PooledDataSource.java:89)
		at org.apache.ibatis.transaction.jdbc.JdbcTransaction.openConnection(JdbcTransaction.java:138)
		at org.apache.ibatis.transaction.jdbc.JdbcTransaction.getConnection(JdbcTransaction.java:60)
		at org.apache.ibatis.executor.BaseExecutor.getConnection(BaseExecutor.java:336)
		at org.apache.ibatis.executor.SimpleExecutor.prepareStatement(SimpleExecutor.java:86)
		at org.apache.ibatis.executor.SimpleExecutor.doQuery(SimpleExecutor.java:62)
		at org.apache.ibatis.executor.BaseExecutor.queryFromDatabase(BaseExecutor.java:324)
		at org.apache.ibatis.executor.BaseExecutor.query(BaseExecutor.java:156)
		at org.apache.ibatis.executor.CachingExecutor.query(CachingExecutor.java:109)
		at org.apache.ibatis.executor.CachingExecutor.query(CachingExecutor.java:83)
		at org.apache.ibatis.session.defaults.DefaultSqlSession.selectList(DefaultSqlSession.java:147)
		... 40 more
	Caused by: java.net.UnknownHostException: postgresql
		at java.base/java.net.AbstractPlainSocketImpl.connect(AbstractPlainSocketImpl.java:229)
		at java.base/java.net.SocksSocketImpl.connect(SocksSocketImpl.java:392)
		at java.base/java.net.Socket.connect(Socket.java:609)
		at org.postgresql.core.PGStream.createSocket(PGStream.java:241)
		at org.postgresql.core.PGStream.<init>(PGStream.java:98)
		at org.postgresql.core.v3.ConnectionFactoryImpl.tryConnect(ConnectionFactoryImpl.java:109)
		at org.postgresql.core.v3.ConnectionFactoryImpl.openConnectionImpl(ConnectionFactoryImpl.java:235)
		... 61 more
06-Oct-2026 16:06:29.024 SEVERE [http-nio-8080-exec-5] org.apache.catalina.core.StandardWrapperValve.invoke Servlet.service() for servlet [default] in context with path [] threw exception
	org.apache.ibatis.exceptions.PersistenceException: 
### Error querying database.  Cause: org.postgresql.util.PSQLException: The connection attempt failed.
### The error may exist in com/hmdm/persistence/mapper/UserMapper.xml
### The error may involve com.hmdm.persistence.mapper.UserMapper.findById
### The error occurred while executing a query
### Cause: org.postgresql.util.PSQLException: The connection attempt failed.
		at org.apache.ibatis.exceptions.ExceptionFactory.wrapException(ExceptionFactory.java:30)
		at org.apache.ibatis.session.defaults.DefaultSqlSession.selectList(DefaultSqlSession.java:149)
		at org.apache.ibatis.session.defaults.DefaultSqlSession.selectList(DefaultSqlSession.java:140)
		at org.apache.ibatis.session.defaults.DefaultSqlSession.selectOne(DefaultSqlSession.java:76)
		at jdk.internal.reflect.GeneratedMethodAccessor279.invoke(Unknown Source)
		at java.base/jdk.internal.reflect.DelegatingMethodAccessorImpl.invoke(DelegatingMethodAccessorImpl.java:43)
		at java.base/java.lang.reflect.Method.invoke(Method.java:566)
		at org.apache.ibatis.session.SqlSessionManager$SqlSessionInterceptor.invoke(SqlSessionManager.java:357)
		at com.sun.proxy.$Proxy68.selectOne(Unknown Source)
		at org.apache.ibatis.session.SqlSessionManager.selectOne(SqlSessionManager.java:166)
		at org.apache.ibatis.binding.MapperMethod.execute(MapperMethod.java:87)
		at org.apache.ibatis.binding.MapperProxy.invoke(MapperProxy.java:93)
		at com.sun.proxy.$Proxy69.findById(Unknown Source)
		at com.hmdm.persistence.UserDAO.lambda$getUserDetails$1(UserDAO.java:63)
		at com.hmdm.persistence.AbstractDAO.getSingleRecord(AbstractDAO.java:118)
		at com.hmdm.persistence.UserDAO.getUserDetails(UserDAO.java:63)
		at com.hmdm.rest.filter.AuthFilter.doFilter(AuthFilter.java:106)
		at com.hmdm.rest.filter.HstsFilter.doFilter(HstsFilter.java:57)
		at com.hmdm.rest.filter.ApiOriginFilter.doFilter(ApiOriginFilter.java:52)
		at com.google.inject.servlet.ManagedFilterPipeline.dispatch(ManagedFilterPipeline.java:121)
		at com.google.inject.servlet.GuiceFilter.doFilter(GuiceFilter.java:133)
		at org.apache.catalina.core.ApplicationFilterChain.internalDoFilter(ApplicationFilterChain.java:166)
		at org.apache.catalina.core.ApplicationFilterChain.doFilter(ApplicationFilterChain.java:142)
		at org.apache.catalina.core.StandardWrapperValve.invoke(StandardWrapperValve.java:166)
		at org.apache.catalina.core.StandardContextValve.invoke(StandardContextValve.java:88)
		at org.apache.catalina.authenticator.AuthenticatorBase.invoke(AuthenticatorBase.java:491)
		at org.apache.catalina.core.StandardHostValve.invoke(StandardHostValve.java:127)
		at org.apache.catalina.valves.ErrorReportValve.invoke(ErrorReportValve.java:83)
		at org.apache.catalina.valves.AbstractAccessLogValve.invoke(AbstractAccessLogValve.java:643)
		at org.apache.catalina.core.StandardEngineValve.invoke(StandardEngineValve.java:72)
		at org.apache.catalina.connector.CoyoteAdapter.service(CoyoteAdapter.java:344)
		at org.apache.coyote.http11.Http11Processor.service(Http11Processor.java:398)
		at org.apache.coyote.AbstractProcessorLight.process(AbstractProcessorLight.java:63)
		at org.apache.coyote.AbstractProtocol$ConnectionHandler.process(AbstractProtocol.java:939)
		at org.apache.tomcat.util.net.NioEndpoint$SocketProcessor.doRun(NioEndpoint.java:1854)
		at org.apache.tomcat.util.net.SocketProcessorBase.run(SocketProcessorBase.java:52)
		at org.apache.tomcat.util.threads.ThreadPoolExecutor.runWorker(ThreadPoolExecutor.java:973)
		at org.apache.tomcat.util.threads.ThreadPoolExecutor$Worker.run(ThreadPoolExecutor.java:491)
		at org.apache.tomcat.util.threads.TaskThread$WrappingRunnable.run(TaskThread.java:63)
		at java.base/java.lang.Thread.run(Thread.java:829)
	Caused by: org.postgresql.util.PSQLException: The connection attempt failed.
		at org.postgresql.core.v3.ConnectionFactoryImpl.openConnectionImpl(ConnectionFactoryImpl.java:331)
		at org.postgresql.core.ConnectionFactory.openConnection(ConnectionFactory.java:49)
		at org.postgresql.jdbc.PgConnection.<init>(PgConnection.java:223)
		at org.postgresql.Driver.makeConnection(Driver.java:400)
		at org.postgresql.Driver.connect(Driver.java:259)
		at java.sql/java.sql.DriverManager.getConnection(DriverManager.java:677)
		at java.sql/java.sql.DriverManager.getConnection(DriverManager.java:189)
		at org.apache.ibatis.datasource.unpooled.UnpooledDataSource.doGetConnection(UnpooledDataSource.java:221)
		at org.apache.ibatis.datasource.unpooled.UnpooledDataSource.doGetConnection(UnpooledDataSource.java:216)
		at org.apache.ibatis.datasource.unpooled.UnpooledDataSource.getConnection(UnpooledDataSource.java:95)
		at org.apache.ibatis.datasource.pooled.PooledDataSource.popConnection(PooledDataSource.java:422)
		at org.apache.ibatis.datasource.pooled.PooledDataSource.getConnection(PooledDataSource.java:89)
		at org.apache.ibatis.transaction.jdbc.JdbcTransaction.openConnection(JdbcTransaction.java:138)
		at org.apache.ibatis.transaction.jdbc.JdbcTransaction.getConnection(JdbcTransaction.java:60)
		at org.apache.ibatis.executor.BaseExecutor.getConnection(BaseExecutor.java:336)
		at org.apache.ibatis.executor.SimpleExecutor.prepareStatement(SimpleExecutor.java:86)
		at org.apache.ibatis.executor.SimpleExecutor.doQuery(SimpleExecutor.java:62)
		at org.apache.ibatis.executor.BaseExecutor.queryFromDatabase(BaseExecutor.java:324)
		at org.apache.ibatis.executor.BaseExecutor.query(BaseExecutor.java:156)
		at org.apache.ibatis.executor.CachingExecutor.query(CachingExecutor.java:109)
		at org.apache.ibatis.executor.CachingExecutor.query(CachingExecutor.java:83)
		at org.apache.ibatis.session.defaults.DefaultSqlSession.selectList(DefaultSqlSession.java:147)
		... 38 more
	Caused by: java.net.UnknownHostException: postgresql
		at java.base/java.net.AbstractPlainSocketImpl.connect(AbstractPlainSocketImpl.java:229)
		at java.base/java.net.SocksSocketImpl.connect(SocksSocketImpl.java:392)
		at java.base/java.net.Socket.connect(Socket.java:609)
		at org.postgresql.core.PGStream.createSocket(PGStream.java:241)
		at org.postgresql.core.PGStream.<init>(PGStream.java:98)
		at org.postgresql.core.v3.ConnectionFactoryImpl.tryConnect(ConnectionFactoryImpl.java:109)
		at org.postgresql.core.v3.ConnectionFactoryImpl.openConnectionImpl(ConnectionFactoryImpl.java:235)
		... 59 more
06-Oct-2026 16:06:33.042 SEVERE [http-nio-8080-exec-6] org.apache.catalina.core.StandardWrapperValve.invoke Servlet.service() for servlet [com.hmdm.notification.rest.LongPollingServlet] in context with path [] threw exception
	org.apache.ibatis.exceptions.PersistenceException: 
### Error querying database.  Cause: org.postgresql.util.PSQLException: The connection attempt failed.
### The error may exist in com/hmdm/persistence/mapper/DeviceMapper.xml
### The error may involve com.hmdm.persistence.mapper.DeviceMapper.getDeviceByNumber
### The error occurred while executing a query
### Cause: org.postgresql.util.PSQLException: The connection attempt failed.
		at org.apache.ibatis.exceptions.ExceptionFactory.wrapException(ExceptionFactory.java:30)
		at org.apache.ibatis.session.defaults.DefaultSqlSession.selectList(DefaultSqlSession.java:149)
		at org.apache.ibatis.session.defaults.DefaultSqlSession.selectList(DefaultSqlSession.java:140)
		at org.apache.ibatis.session.defaults.DefaultSqlSession.selectOne(DefaultSqlSession.java:76)
		at jdk.internal.reflect.GeneratedMethodAccessor279.invoke(Unknown Source)
		at java.base/jdk.internal.reflect.DelegatingMethodAccessorImpl.invoke(DelegatingMethodAccessorImpl.java:43)
		at java.base/java.lang.reflect.Method.invoke(Method.java:566)
		at org.apache.ibatis.session.SqlSessionManager$SqlSessionInterceptor.invoke(SqlSessionManager.java:357)
		at com.sun.proxy.$Proxy68.selectOne(Unknown Source)
		at org.apache.ibatis.session.SqlSessionManager.selectOne(SqlSessionManager.java:166)
		at org.apache.ibatis.binding.MapperMethod.execute(MapperMethod.java:87)
		at org.apache.ibatis.binding.MapperProxy.invoke(MapperProxy.java:93)
		at com.sun.proxy.$Proxy82.getDeviceByNumber(Unknown Source)
		at com.hmdm.persistence.UnsecureDAO.getDeviceByNumber(UnsecureDAO.java:166)
		at com.hmdm.notification.rest.LongPollingServlet.doGet(LongPollingServlet.java:138)
		at javax.servlet.http.HttpServlet.service(HttpServlet.java:529)
		at javax.servlet.http.HttpServlet.service(HttpServlet.java:623)
		at com.google.inject.servlet.ServletDefinition.doServiceImpl(ServletDefinition.java:290)
		at com.google.inject.servlet.ServletDefinition.doService(ServletDefinition.java:280)
		at com.google.inject.servlet.ServletDefinition.service(ServletDefinition.java:184)
		at com.google.inject.servlet.ManagedServletPipeline.service(ManagedServletPipeline.java:89)
		at com.hmdm.rest.filter.HstsFilter.doFilter(HstsFilter.java:57)
		at com.hmdm.rest.filter.ApiOriginFilter.doFilter(ApiOriginFilter.java:52)
		at com.google.inject.servlet.ManagedFilterPipeline.dispatch(ManagedFilterPipeline.java:121)
		at com.google.inject.servlet.GuiceFilter.doFilter(GuiceFilter.java:133)
		at org.apache.catalina.core.ApplicationFilterChain.internalDoFilter(ApplicationFilterChain.java:166)
		at org.apache.catalina.core.ApplicationFilterChain.doFilter(ApplicationFilterChain.java:142)
		at org.apache.catalina.core.StandardWrapperValve.invoke(StandardWrapperValve.java:166)
		at org.apache.catalina.core.StandardContextValve.invoke(StandardContextValve.java:88)
		at org.apache.catalina.authenticator.AuthenticatorBase.invoke(AuthenticatorBase.java:491)
		at org.apache.catalina.core.StandardHostValve.invoke(StandardHostValve.java:127)
		at org.apache.catalina.valves.ErrorReportValve.invoke(ErrorReportValve.java:83)
		at org.apache.catalina.valves.AbstractAccessLogValve.invoke(AbstractAccessLogValve.java:643)
		at org.apache.catalina.core.StandardEngineValve.invoke(StandardEngineValve.java:72)
		at org.apache.catalina.connector.CoyoteAdapter.service(CoyoteAdapter.java:344)
		at org.apache.coyote.http11.Http11Processor.service(Http11Processor.java:398)
		at org.apache.coyote.AbstractProcessorLight.process(AbstractProcessorLight.java:63)
		at org.apache.coyote.AbstractProtocol$ConnectionHandler.process(AbstractProtocol.java:939)
		at org.apache.tomcat.util.net.NioEndpoint$SocketProcessor.doRun(NioEndpoint.java:1854)
		at org.apache.tomcat.util.net.SocketProcessorBase.run(SocketProcessorBase.java:52)
		at org.apache.tomcat.util.threads.ThreadPoolExecutor.runWorker(ThreadPoolExecutor.java:973)
		at org.apache.tomcat.util.threads.ThreadPoolExecutor$Worker.run(ThreadPoolExecutor.java:491)
		at org.apache.tomcat.util.threads.TaskThread$WrappingRunnable.run(TaskThread.java:63)
		at java.base/java.lang.Thread.run(Thread.java:829)
	Caused by: org.postgresql.util.PSQLException: The connection attempt failed.
		at org.postgresql.core.v3.ConnectionFactoryImpl.openConnectionImpl(ConnectionFactoryImpl.java:331)
		at org.postgresql.core.ConnectionFactory.openConnection(ConnectionFactory.java:49)
		at org.postgresql.jdbc.PgConnection.<init>(PgConnection.java:223)
		at org.postgresql.Driver.makeConnection(Driver.java:400)
		at org.postgresql.Driver.connect(Driver.java:259)
		at java.sql/java.sql.DriverManager.getConnection(DriverManager.java:677)
		at java.sql/java.sql.DriverManager.getConnection(DriverManager.java:189)
		at org.apache.ibatis.datasource.unpooled.UnpooledDataSource.doGetConnection(UnpooledDataSource.java:221)
		at org.apache.ibatis.datasource.unpooled.UnpooledDataSource.doGetConnection(UnpooledDataSource.java:216)
		at org.apache.ibatis.datasource.unpooled.UnpooledDataSource.getConnection(UnpooledDataSource.java:95)
		at org.apache.ibatis.datasource.pooled.PooledDataSource.popConnection(PooledDataSource.java:422)
		at org.apache.ibatis.datasource.pooled.PooledDataSource.getConnection(PooledDataSource.java:89)
		at org.apache.ibatis.transaction.jdbc.JdbcTransaction.openConnection(JdbcTransaction.java:138)
		at org.apache.ibatis.transaction.jdbc.JdbcTransaction.getConnection(JdbcTransaction.java:60)
		at org.apache.ibatis.executor.BaseExecutor.getConnection(BaseExecutor.java:336)
		at org.apache.ibatis.executor.SimpleExecutor.prepareStatement(SimpleExecutor.java:86)
		at org.apache.ibatis.executor.SimpleExecutor.doQuery(SimpleExecutor.java:62)
		at org.apache.ibatis.executor.BaseExecutor.queryFromDatabase(BaseExecutor.java:324)
		at org.apache.ibatis.executor.BaseExecutor.query(BaseExecutor.java:156)
		at org.apache.ibatis.executor.CachingExecutor.query(CachingExecutor.java:109)
		at org.apache.ibatis.executor.CachingExecutor.query(CachingExecutor.java:83)
		at org.apache.ibatis.session.defaults.DefaultSqlSession.selectList(DefaultSqlSession.java:147)
		... 42 more
	Caused by: java.net.UnknownHostException: postgresql
		at java.base/java.net.AbstractPlainSocketImpl.connect(AbstractPlainSocketImpl.java:229)
		at java.base/java.net.SocksSocketImpl.connect(SocksSocketImpl.java:392)
		at java.base/java.net.Socket.connect(Socket.java:609)
		at org.postgresql.core.PGStream.createSocket(PGStream.java:241)
		at org.postgresql.core.PGStream.<init>(PGStream.java:98)
		at org.postgresql.core.v3.ConnectionFactoryImpl.tryConnect(ConnectionFactoryImpl.java:109)
		at org.postgresql.core.v3.ConnectionFactoryImpl.openConnectionImpl(ConnectionFactoryImpl.java:235)
		... 63 more
06-Oct-2026 16:06:35.037 SEVERE [http-nio-8080-exec-11] org.apache.catalina.core.StandardWrapperValve.invoke Servlet.service() for servlet [com.hmdm.notification.rest.LongPollingServlet] in context with path [] threw exception
	org.apache.ibatis.exceptions.PersistenceException: 
### Error querying database.  Cause: org.postgresql.util.PSQLException: The connection attempt failed.
### The error may exist in com/hmdm/persistence/mapper/DeviceMapper.xml
### The error may involve com.hmdm.persistence.mapper.DeviceMapper.getDeviceByNumber
### The error occurred while executing a query
### Cause: org.postgresql.util.PSQLException: The connection attempt failed.
		at org.apache.ibatis.exceptions.ExceptionFactory.wrapException(ExceptionFactory.java:30)
		at org.apache.ibatis.session.defaults.DefaultSqlSession.selectList(DefaultSqlSession.java:149)
		at org.apache.ibatis.session.defaults.DefaultSqlSession.selectList(DefaultSqlSession.java:140)
		at org.apache.ibatis.session.defaults.DefaultSqlSession.selectOne(DefaultSqlSession.java:76)
		at jdk.internal.reflect.GeneratedMethodAccessor279.invoke(Unknown Source)
		at java.base/jdk.internal.reflect.DelegatingMethodAccessorImpl.invoke(DelegatingMethodAccessorImpl.java:43)
		at java.base/java.lang.reflect.Method.invoke(Method.java:566)
		at org.apache.ibatis.session.SqlSessionManager$SqlSessionInterceptor.invoke(SqlSessionManager.java:357)
		at com.sun.proxy.$Proxy68.selectOne(Unknown Source)
		at org.apache.ibatis.session.SqlSessionManager.selectOne(SqlSessionManager.java:166)
		at org.apache.ibatis.binding.MapperMethod.execute(MapperMethod.java:87)
		at org.apache.ibatis.binding.MapperProxy.invoke(MapperProxy.java:93)
		at com.sun.proxy.$Proxy82.getDeviceByNumber(Unknown Source)
		at com.hmdm.persistence.UnsecureDAO.getDeviceByNumber(UnsecureDAO.java:166)
		at com.hmdm.notification.rest.LongPollingServlet.doGet(LongPollingServlet.java:138)
		at javax.servlet.http.HttpServlet.service(HttpServlet.java:529)
		at javax.servlet.http.HttpServlet.service(HttpServlet.java:623)
		at com.google.inject.servlet.ServletDefinition.doServiceImpl(ServletDefinition.java:290)
		at com.google.inject.servlet.ServletDefinition.doService(ServletDefinition.java:280)
		at com.google.inject.servlet.ServletDefinition.service(ServletDefinition.java:184)
		at com.google.inject.servlet.ManagedServletPipeline.service(ManagedServletPipeline.java:89)
		at com.hmdm.rest.filter.HstsFilter.doFilter(HstsFilter.java:57)
		at com.hmdm.rest.filter.ApiOriginFilter.doFilter(ApiOriginFilter.java:52)
		at com.google.inject.servlet.ManagedFilterPipeline.dispatch(ManagedFilterPipeline.java:121)
		at com.google.inject.servlet.GuiceFilter.doFilter(GuiceFilter.java:133)
		at org.apache.catalina.core.ApplicationFilterChain.internalDoFilter(ApplicationFilterChain.java:166)
		at org.apache.catalina.core.ApplicationFilterChain.doFilter(ApplicationFilterChain.java:142)
		at org.apache.catalina.core.StandardWrapperValve.invoke(StandardWrapperValve.java:166)
		at org.apache.catalina.core.StandardContextValve.invoke(StandardContextValve.java:88)
		at org.apache.catalina.authenticator.AuthenticatorBase.invoke(AuthenticatorBase.java:491)
		at org.apache.catalina.core.StandardHostValve.invoke(StandardHostValve.java:127)
		at org.apache.catalina.valves.ErrorReportValve.invoke(ErrorReportValve.java:83)
		at org.apache.catalina.valves.AbstractAccessLogValve.invoke(AbstractAccessLogValve.java:643)
		at org.apache.catalina.core.StandardEngineValve.invoke(StandardEngineValve.java:72)
		at org.apache.catalina.connector.CoyoteAdapter.service(CoyoteAdapter.java:344)
		at org.apache.coyote.http11.Http11Processor.service(Http11Processor.java:398)
		at org.apache.coyote.AbstractProcessorLight.process(AbstractProcessorLight.java:63)
		at org.apache.coyote.AbstractProtocol$ConnectionHandler.process(AbstractProtocol.java:939)
		at org.apache.tomcat.util.net.NioEndpoint$SocketProcessor.doRun(NioEndpoint.java:1854)
		at org.apache.tomcat.util.net.SocketProcessorBase.run(SocketProcessorBase.java:52)
		at org.apache.tomcat.util.threads.ThreadPoolExecutor.runWorker(ThreadPoolExecutor.java:973)
		at org.apache.tomcat.util.threads.ThreadPoolExecutor$Worker.run(ThreadPoolExecutor.java:491)
		at org.apache.tomcat.util.threads.TaskThread$WrappingRunnable.run(TaskThread.java:63)
		at java.base/java.lang.Thread.run(Thread.java:829)
	Caused by: org.postgresql.util.PSQLException: The connection attempt failed.
		at org.postgresql.core.v3.ConnectionFactoryImpl.openConnectionImpl(ConnectionFactoryImpl.java:331)
		at org.postgresql.core.ConnectionFactory.openConnection(ConnectionFactory.java:49)
		at org.postgresql.jdbc.PgConnection.<init>(PgConnection.java:223)
		at org.postgresql.Driver.makeConnection(Driver.java:400)
		at org.postgresql.Driver.connect(Driver.java:259)
		at java.sql/java.sql.DriverManager.getConnection(DriverManager.java:677)
		at java.sql/java.sql.DriverManager.getConnection(DriverManager.java:189)
		at org.apache.ibatis.datasource.unpooled.UnpooledDataSource.doGetConnection(UnpooledDataSource.java:221)
		at org.apache.ibatis.datasource.unpooled.UnpooledDataSource.doGetConnection(UnpooledDataSource.java:216)
		at org.apache.ibatis.datasource.unpooled.UnpooledDataSource.getConnection(UnpooledDataSource.java:95)
		at org.apache.ibatis.datasource.pooled.PooledDataSource.popConnection(PooledDataSource.java:422)
		at org.apache.ibatis.datasource.pooled.PooledDataSource.getConnection(PooledDataSource.java:89)
		at org.apache.ibatis.transaction.jdbc.JdbcTransaction.openConnection(JdbcTransaction.java:138)
		at org.apache.ibatis.transaction.jdbc.JdbcTransaction.getConnection(JdbcTransaction.java:60)
		at org.apache.ibatis.executor.BaseExecutor.getConnection(BaseExecutor.java:336)
		at org.apache.ibatis.executor.SimpleExecutor.prepareStatement(SimpleExecutor.java:86)
		at org.apache.ibatis.executor.SimpleExecutor.doQuery(SimpleExecutor.java:62)
		at org.apache.ibatis.executor.BaseExecutor.queryFromDatabase(BaseExecutor.java:324)
		at org.apache.ibatis.executor.BaseExecutor.query(BaseExecutor.java:156)
		at org.apache.ibatis.executor.CachingExecutor.query(CachingExecutor.java:109)
		at org.apache.ibatis.executor.CachingExecutor.query(CachingExecutor.java:83)
		at org.apache.ibatis.session.defaults.DefaultSqlSession.selectList(DefaultSqlSession.java:147)
		... 42 more
	Caused by: java.net.UnknownHostException: postgresql
		at java.base/java.net.AbstractPlainSocketImpl.connect(AbstractPlainSocketImpl.java:229)
		at java.base/java.net.SocksSocketImpl.connect(SocksSocketImpl.java:392)
		at java.base/java.net.Socket.connect(Socket.java:609)
		at org.postgresql.core.PGStream.createSocket(PGStream.java:241)
		at org.postgresql.core.PGStream.<init>(PGStream.java:98)
		at org.postgresql.core.v3.ConnectionFactoryImpl.tryConnect(ConnectionFactoryImpl.java:109)
		at org.postgresql.core.v3.ConnectionFactoryImpl.openConnectionImpl(ConnectionFactoryImpl.java:235)
		... 63 more
06-Oct-2026 16:06:38.547 SEVERE [http-nio-8080-exec-12] org.apache.catalina.core.StandardWrapperValve.invoke Servlet.service() for servlet [com.hmdm.notification.rest.LongPollingServlet] in context with path [] threw exception
	org.apache.ibatis.exceptions.PersistenceException: 
### Error querying database.  Cause: org.postgresql.util.PSQLException: The connection attempt failed.
### The error may exist in com/hmdm/persistence/mapper/DeviceMapper.xml
### The error may involve com.hmdm.persistence.mapper.DeviceMapper.getDeviceByNumber
### The error occurred while executing a query
### Cause: org.postgresql.util.PSQLException: The connection attempt failed.
		at org.apache.ibatis.exceptions.ExceptionFactory.wrapException(ExceptionFactory.java:30)
		at org.apache.ibatis.session.defaults.DefaultSqlSession.selectList(DefaultSqlSession.java:149)
		at org.apache.ibatis.session.defaults.DefaultSqlSession.selectList(DefaultSqlSession.java:140)
		at org.apache.ibatis.session.defaults.DefaultSqlSession.selectOne(DefaultSqlSession.java:76)
		at jdk.internal.reflect.GeneratedMethodAccessor279.invoke(Unknown Source)
		at java.base/jdk.internal.reflect.DelegatingMethodAccessorImpl.invoke(DelegatingMethodAccessorImpl.java:43)
		at java.base/java.lang.reflect.Method.invoke(Method.java:566)
		at org.apache.ibatis.session.SqlSessionManager$SqlSessionInterceptor.invoke(SqlSessionManager.java:357)
		at com.sun.proxy.$Proxy68.selectOne(Unknown Source)
		at org.apache.ibatis.session.SqlSessionManager.selectOne(SqlSessionManager.java:166)
		at org.apache.ibatis.binding.MapperMethod.execute(MapperMethod.java:87)
		at org.apache.ibatis.binding.MapperProxy.invoke(MapperProxy.java:93)
		at com.sun.proxy.$Proxy82.getDeviceByNumber(Unknown Source)
		at com.hmdm.persistence.UnsecureDAO.getDeviceByNumber(UnsecureDAO.java:166)
		at com.hmdm.notification.rest.LongPollingServlet.doGet(LongPollingServlet.java:138)
		at javax.servlet.http.HttpServlet.service(HttpServlet.java:529)
		at javax.servlet.http.HttpServlet.service(HttpServlet.java:623)
		at com.google.inject.servlet.ServletDefinition.doServiceImpl(ServletDefinition.java:290)
		at com.google.inject.servlet.ServletDefinition.doService(ServletDefinition.java:280)
		at com.google.inject.servlet.ServletDefinition.service(ServletDefinition.java:184)
		at com.google.inject.servlet.ManagedServletPipeline.service(ManagedServletPipeline.java:89)
		at com.hmdm.rest.filter.HstsFilter.doFilter(HstsFilter.java:57)
		at com.hmdm.rest.filter.ApiOriginFilter.doFilter(ApiOriginFilter.java:52)
		at com.google.inject.servlet.ManagedFilterPipeline.dispatch(ManagedFilterPipeline.java:121)
		at com.google.inject.servlet.GuiceFilter.doFilter(GuiceFilter.java:133)
		at org.apache.catalina.core.ApplicationFilterChain.internalDoFilter(ApplicationFilterChain.java:166)
		at org.apache.catalina.core.ApplicationFilterChain.doFilter(ApplicationFilterChain.java:142)
		at org.apache.catalina.core.StandardWrapperValve.invoke(StandardWrapperValve.java:166)
		at org.apache.catalina.core.StandardContextValve.invoke(StandardContextValve.java:88)
		at org.apache.catalina.authenticator.AuthenticatorBase.invoke(AuthenticatorBase.java:491)
		at org.apache.catalina.core.StandardHostValve.invoke(StandardHostValve.java:127)
		at org.apache.catalina.valves.ErrorReportValve.invoke(ErrorReportValve.java:83)
		at org.apache.catalina.valves.AbstractAccessLogValve.invoke(AbstractAccessLogValve.java:643)
		at org.apache.catalina.core.StandardEngineValve.invoke(StandardEngineValve.java:72)
		at org.apache.catalina.connector.CoyoteAdapter.service(CoyoteAdapter.java:344)
		at org.apache.coyote.http11.Http11Processor.service(Http11Processor.java:398)
		at org.apache.coyote.AbstractProcessorLight.process(AbstractProcessorLight.java:63)
		at org.apache.coyote.AbstractProtocol$ConnectionHandler.process(AbstractProtocol.java:939)
		at org.apache.tomcat.util.net.NioEndpoint$SocketProcessor.doRun(NioEndpoint.java:1854)
		at org.apache.tomcat.util.net.SocketProcessorBase.run(SocketProcessorBase.java:52)
		at org.apache.tomcat.util.threads.ThreadPoolExecutor.runWorker(ThreadPoolExecutor.java:973)
		at org.apache.tomcat.util.threads.ThreadPoolExecutor$Worker.run(ThreadPoolExecutor.java:491)
		at org.apache.tomcat.util.threads.TaskThread$WrappingRunnable.run(TaskThread.java:63)
		at java.base/java.lang.Thread.run(Thread.java:829)
	Caused by: org.postgresql.util.PSQLException: The connection attempt failed.
		at org.postgresql.core.v3.ConnectionFactoryImpl.openConnectionImpl(ConnectionFactoryImpl.java:331)
		at org.postgresql.core.ConnectionFactory.openConnection(ConnectionFactory.java:49)
		at org.postgresql.jdbc.PgConnection.<init>(PgConnection.java:223)
		at org.postgresql.Driver.makeConnection(Driver.java:400)
		at org.postgresql.Driver.connect(Driver.java:259)
		at java.sql/java.sql.DriverManager.getConnection(DriverManager.java:677)
		at java.sql/java.sql.DriverManager.getConnection(DriverManager.java:189)
		at org.apache.ibatis.datasource.unpooled.UnpooledDataSource.doGetConnection(UnpooledDataSource.java:221)
		at org.apache.ibatis.datasource.unpooled.UnpooledDataSource.doGetConnection(UnpooledDataSource.java:216)
		at org.apache.ibatis.datasource.unpooled.UnpooledDataSource.getConnection(UnpooledDataSource.java:95)
		at org.apache.ibatis.datasource.pooled.PooledDataSource.popConnection(PooledDataSource.java:422)
		at org.apache.ibatis.datasource.pooled.PooledDataSource.getConnection(PooledDataSource.java:89)
		at org.apache.ibatis.transaction.jdbc.JdbcTransaction.openConnection(JdbcTransaction.java:138)
		at org.apache.ibatis.transaction.jdbc.JdbcTransaction.getConnection(JdbcTransaction.java:60)
		at org.apache.ibatis.executor.BaseExecutor.getConnection(BaseExecutor.java:336)
		at org.apache.ibatis.executor.SimpleExecutor.prepareStatement(SimpleExecutor.java:86)
		at org.apache.ibatis.executor.SimpleExecutor.doQuery(SimpleExecutor.java:62)
		at org.apache.ibatis.executor.BaseExecutor.queryFromDatabase(BaseExecutor.java:324)
		at org.apache.ibatis.executor.BaseExecutor.query(BaseExecutor.java:156)
		at org.apache.ibatis.executor.CachingExecutor.query(CachingExecutor.java:109)
		at org.apache.ibatis.executor.CachingExecutor.query(CachingExecutor.java:83)
		at org.apache.ibatis.session.defaults.DefaultSqlSession.selectList(DefaultSqlSession.java:147)
		... 42 more
	Caused by: java.net.UnknownHostException: postgresql
		at java.base/java.net.AbstractPlainSocketImpl.connect(AbstractPlainSocketImpl.java:229)
		at java.base/java.net.SocksSocketImpl.connect(SocksSocketImpl.java:392)
		at java.base/java.net.Socket.connect(Socket.java:609)
		at org.postgresql.core.PGStream.createSocket(PGStream.java:241)
		at org.postgresql.core.PGStream.<init>(PGStream.java:98)
		at org.postgresql.core.v3.ConnectionFactoryImpl.tryConnect(ConnectionFactoryImpl.java:109)
		at org.postgresql.core.v3.ConnectionFactoryImpl.openConnectionImpl(ConnectionFactoryImpl.java:235)
		... 63 more
06-Oct-2026 16:06:40.070 SEVERE [http-nio-8080-exec-10] org.apache.catalina.core.StandardWrapperValve.invoke Servlet.service() for servlet [com.hmdm.notification.rest.LongPollingServlet] in context with path [] threw exception
	org.apache.ibatis.exceptions.PersistenceException: 
### Error querying database.  Cause: org.postgresql.util.PSQLException: The connection attempt failed.
### The error may exist in com/hmdm/persistence/mapper/DeviceMapper.xml
### The error may involve com.hmdm.persistence.mapper.DeviceMapper.getDeviceByNumber
### The error occurred while executing a query
### Cause: org.postgresql.util.PSQLException: The connection attempt failed.
		at org.apache.ibatis.exceptions.ExceptionFactory.wrapException(ExceptionFactory.java:30)
		at org.apache.ibatis.session.defaults.DefaultSqlSession.selectList(DefaultSqlSession.java:149)
		at org.apache.ibatis.session.defaults.DefaultSqlSession.selectList(DefaultSqlSession.java:140)
		at org.apache.ibatis.session.defaults.DefaultSqlSession.selectOne(DefaultSqlSession.java:76)
		at jdk.internal.reflect.GeneratedMethodAccessor279.invoke(Unknown Source)
		at java.base/jdk.internal.reflect.DelegatingMethodAccessorImpl.invoke(DelegatingMethodAccessorImpl.java:43)
		at java.base/java.lang.reflect.Method.invoke(Method.java:566)
		at org.apache.ibatis.session.SqlSessionManager$SqlSessionInterceptor.invoke(SqlSessionManager.java:357)
		at com.sun.proxy.$Proxy68.selectOne(Unknown Source)
		at org.apache.ibatis.session.SqlSessionManager.selectOne(SqlSessionManager.java:166)
		at org.apache.ibatis.binding.MapperMethod.execute(MapperMethod.java:87)
		at org.apache.ibatis.binding.MapperProxy.invoke(MapperProxy.java:93)
		at com.sun.proxy.$Proxy82.getDeviceByNumber(Unknown Source)
		at com.hmdm.persistence.UnsecureDAO.getDeviceByNumber(UnsecureDAO.java:166)
		at com.hmdm.notification.rest.LongPollingServlet.doGet(LongPollingServlet.java:138)
		at javax.servlet.http.HttpServlet.service(HttpServlet.java:529)
		at javax.servlet.http.HttpServlet.service(HttpServlet.java:623)
		at com.google.inject.servlet.ServletDefinition.doServiceImpl(ServletDefinition.java:290)
		at com.google.inject.servlet.ServletDefinition.doService(ServletDefinition.java:280)
		at com.google.inject.servlet.ServletDefinition.service(ServletDefinition.java:184)
		at com.google.inject.servlet.ManagedServletPipeline.service(ManagedServletPipeline.java:89)
		at com.hmdm.rest.filter.HstsFilter.doFilter(HstsFilter.java:57)
		at com.hmdm.rest.filter.ApiOriginFilter.doFilter(ApiOriginFilter.java:52)
		at com.google.inject.servlet.ManagedFilterPipeline.dispatch(ManagedFilterPipeline.java:121)
		at com.google.inject.servlet.GuiceFilter.doFilter(GuiceFilter.java:133)
		at org.apache.catalina.core.ApplicationFilterChain.internalDoFilter(ApplicationFilterChain.java:166)
		at org.apache.catalina.core.ApplicationFilterChain.doFilter(ApplicationFilterChain.java:142)
		at org.apache.catalina.core.StandardWrapperValve.invoke(StandardWrapperValve.java:166)
		at org.apache.catalina.core.StandardContextValve.invoke(StandardContextValve.java:88)
		at org.apache.catalina.authenticator.AuthenticatorBase.invoke(AuthenticatorBase.java:491)
		at org.apache.catalina.core.StandardHostValve.invoke(StandardHostValve.java:127)
		at org.apache.catalina.valves.ErrorReportValve.invoke(ErrorReportValve.java:83)
		at org.apache.catalina.valves.AbstractAccessLogValve.invoke(AbstractAccessLogValve.java:643)
		at org.apache.catalina.core.StandardEngineValve.invoke(StandardEngineValve.java:72)
		at org.apache.catalina.connector.CoyoteAdapter.service(CoyoteAdapter.java:344)
		at org.apache.coyote.http11.Http11Processor.service(Http11Processor.java:398)
		at org.apache.coyote.AbstractProcessorLight.process(AbstractProcessorLight.java:63)
		at org.apache.coyote.AbstractProtocol$ConnectionHandler.process(AbstractProtocol.java:939)
		at org.apache.tomcat.util.net.NioEndpoint$SocketProcessor.doRun(NioEndpoint.java:1854)
		at org.apache.tomcat.util.net.SocketProcessorBase.run(SocketProcessorBase.java:52)
		at org.apache.tomcat.util.threads.ThreadPoolExecutor.runWorker(ThreadPoolExecutor.java:973)
		at org.apache.tomcat.util.threads.ThreadPoolExecutor$Worker.run(ThreadPoolExecutor.java:491)
		at org.apache.tomcat.util.threads.TaskThread$WrappingRunnable.run(TaskThread.java:63)
		at java.base/java.lang.Thread.run(Thread.java:829)
	Caused by: org.postgresql.util.PSQLException: The connection attempt failed.
		at org.postgresql.core.v3.ConnectionFactoryImpl.openConnectionImpl(ConnectionFactoryImpl.java:331)
		at org.postgresql.core.ConnectionFactory.openConnection(ConnectionFactory.java:49)
		at org.postgresql.jdbc.PgConnection.<init>(PgConnection.java:223)
		at org.postgresql.Driver.makeConnection(Driver.java:400)
		at org.postgresql.Driver.connect(Driver.java:259)
		at java.sql/java.sql.DriverManager.getConnection(DriverManager.java:677)
		at java.sql/java.sql.DriverManager.getConnection(DriverManager.java:189)
		at org.apache.ibatis.datasource.unpooled.UnpooledDataSource.doGetConnection(UnpooledDataSource.java:221)
		at org.apache.ibatis.datasource.unpooled.UnpooledDataSource.doGetConnection(UnpooledDataSource.java:216)
		at org.apache.ibatis.datasource.unpooled.UnpooledDataSource.getConnection(UnpooledDataSource.java:95)
		at org.apache.ibatis.datasource.pooled.PooledDataSource.popConnection(PooledDataSource.java:422)
		at org.apache.ibatis.datasource.pooled.PooledDataSource.getConnection(PooledDataSource.java:89)
		at org.apache.ibatis.transaction.jdbc.JdbcTransaction.openConnection(JdbcTransaction.java:138)
		at org.apache.ibatis.transaction.jdbc.JdbcTransaction.getConnection(JdbcTransaction.java:60)
		at org.apache.ibatis.executor.BaseExecutor.getConnection(BaseExecutor.java:336)
		at org.apache.ibatis.executor.SimpleExecutor.prepareStatement(SimpleExecutor.java:86)
		at org.apache.ibatis.executor.SimpleExecutor.doQuery(SimpleExecutor.java:62)
		at org.apache.ibatis.executor.BaseExecutor.queryFromDatabase(BaseExecutor.java:324)
		at org.apache.ibatis.executor.BaseExecutor.query(BaseExecutor.java:156)
		at org.apache.ibatis.executor.CachingExecutor.query(CachingExecutor.java:109)
		at org.apache.ibatis.executor.CachingExecutor.query(CachingExecutor.java:83)
		at org.apache.ibatis.session.defaults.DefaultSqlSession.selectList(DefaultSqlSession.java:147)
		... 42 more
	Caused by: java.net.UnknownHostException: postgresql
		at java.base/java.net.AbstractPlainSocketImpl.connect(AbstractPlainSocketImpl.java:229)
		at java.base/java.net.SocksSocketImpl.connect(SocksSocketImpl.java:392)
		at java.base/java.net.Socket.connect(Socket.java:609)
		at org.postgresql.core.PGStream.createSocket(PGStream.java:241)
		at org.postgresql.core.PGStream.<init>(PGStream.java:98)
		at org.postgresql.core.v3.ConnectionFactoryImpl.tryConnect(ConnectionFactoryImpl.java:109)
		at org.postgresql.core.v3.ConnectionFactoryImpl.openConnectionImpl(ConnectionFactoryImpl.java:235)
		... 63 more
06-Oct-2026 16:06:44.073 SEVERE [http-nio-8080-exec-5] org.apache.catalina.core.StandardWrapperValve.invoke Servlet.service() for servlet [com.hmdm.notification.rest.LongPollingServlet] in context with path [] threw exception
	org.apache.ibatis.exceptions.PersistenceException: 
### Error querying database.  Cause: org.postgresql.util.PSQLException: The connection attempt failed.
### The error may exist in com/hmdm/persistence/mapper/DeviceMapper.xml
### The error may involve com.hmdm.persistence.mapper.DeviceMapper.getDeviceByNumber
### The error occurred while executing a query
### Cause: org.postgresql.util.PSQLException: The connection attempt failed.
		at org.apache.ibatis.exceptions.ExceptionFactory.wrapException(ExceptionFactory.java:30)
		at org.apache.ibatis.session.defaults.DefaultSqlSession.selectList(DefaultSqlSession.java:149)
		at org.apache.ibatis.session.defaults.DefaultSqlSession.selectList(DefaultSqlSession.java:140)
		at org.apache.ibatis.session.defaults.DefaultSqlSession.selectOne(DefaultSqlSession.java:76)
		at jdk.internal.reflect.GeneratedMethodAccessor279.invoke(Unknown Source)
		at java.base/jdk.internal.reflect.DelegatingMethodAccessorImpl.invoke(DelegatingMethodAccessorImpl.java:43)
		at java.base/java.lang.reflect.Method.invoke(Method.java:566)
		at org.apache.ibatis.session.SqlSessionManager$SqlSessionInterceptor.invoke(SqlSessionManager.java:357)
		at com.sun.proxy.$Proxy68.selectOne(Unknown Source)
		at org.apache.ibatis.session.SqlSessionManager.selectOne(SqlSessionManager.java:166)
		at org.apache.ibatis.binding.MapperMethod.execute(MapperMethod.java:87)
		at org.apache.ibatis.binding.MapperProxy.invoke(MapperProxy.java:93)
		at com.sun.proxy.$Proxy82.getDeviceByNumber(Unknown Source)
		at com.hmdm.persistence.UnsecureDAO.getDeviceByNumber(UnsecureDAO.java:166)
		at com.hmdm.notification.rest.LongPollingServlet.doGet(LongPollingServlet.java:138)
		at javax.servlet.http.HttpServlet.service(HttpServlet.java:529)
		at javax.servlet.http.HttpServlet.service(HttpServlet.java:623)
		at com.google.inject.servlet.ServletDefinition.doServiceImpl(ServletDefinition.java:290)
		at com.google.inject.servlet.ServletDefinition.doService(ServletDefinition.java:280)
		at com.google.inject.servlet.ServletDefinition.service(ServletDefinition.java:184)
		at com.google.inject.servlet.ManagedServletPipeline.service(ManagedServletPipeline.java:89)
		at com.hmdm.rest.filter.HstsFilter.doFilter(HstsFilter.java:57)
		at com.hmdm.rest.filter.ApiOriginFilter.doFilter(ApiOriginFilter.java:52)
		at com.google.inject.servlet.ManagedFilterPipeline.dispatch(ManagedFilterPipeline.java:121)
		at com.google.inject.servlet.GuiceFilter.doFilter(GuiceFilter.java:133)
		at org.apache.catalina.core.ApplicationFilterChain.internalDoFilter(ApplicationFilterChain.java:166)
		at org.apache.catalina.core.ApplicationFilterChain.doFilter(ApplicationFilterChain.java:142)
		at org.apache.catalina.core.StandardWrapperValve.invoke(StandardWrapperValve.java:166)
		at org.apache.catalina.core.StandardContextValve.invoke(StandardContextValve.java:88)
		at org.apache.catalina.authenticator.AuthenticatorBase.invoke(AuthenticatorBase.java:491)
		at org.apache.catalina.core.StandardHostValve.invoke(StandardHostValve.java:127)
		at org.apache.catalina.valves.ErrorReportValve.invoke(ErrorReportValve.java:83)
		at org.apache.catalina.valves.AbstractAccessLogValve.invoke(AbstractAccessLogValve.java:643)
		at org.apache.catalina.core.StandardEngineValve.invoke(StandardEngineValve.java:72)
		at org.apache.catalina.connector.CoyoteAdapter.service(CoyoteAdapter.java:344)
		at org.apache.coyote.http11.Http11Processor.service(Http11Processor.java:398)
		at org.apache.coyote.AbstractProcessorLight.process(AbstractProcessorLight.java:63)
		at org.apache.coyote.AbstractProtocol$ConnectionHandler.process(AbstractProtocol.java:939)
		at org.apache.tomcat.util.net.NioEndpoint$SocketProcessor.doRun(NioEndpoint.java:1854)
		at org.apache.tomcat.util.net.SocketProcessorBase.run(SocketProcessorBase.java:52)
		at org.apache.tomcat.util.threads.ThreadPoolExecutor.runWorker(ThreadPoolExecutor.java:973)
		at org.apache.tomcat.util.threads.ThreadPoolExecutor$Worker.run(ThreadPoolExecutor.java:491)
		at org.apache.tomcat.util.threads.TaskThread$WrappingRunnable.run(TaskThread.java:63)
		at java.base/java.lang.Thread.run(Thread.java:829)
	Caused by: org.postgresql.util.PSQLException: The connection attempt failed.
		at org.postgresql.core.v3.ConnectionFactoryImpl.openConnectionImpl(ConnectionFactoryImpl.java:331)
		at org.postgresql.core.ConnectionFactory.openConnection(ConnectionFactory.java:49)
		at org.postgresql.jdbc.PgConnection.<init>(PgConnection.java:223)
		at org.postgresql.Driver.makeConnection(Driver.java:400)
		at org.postgresql.Driver.connect(Driver.java:259)
		at java.sql/java.sql.DriverManager.getConnection(DriverManager.java:677)
		at java.sql/java.sql.DriverManager.getConnection(DriverManager.java:189)
		at org.apache.ibatis.datasource.unpooled.UnpooledDataSource.doGetConnection(UnpooledDataSource.java:221)
		at org.apache.ibatis.datasource.unpooled.UnpooledDataSource.doGetConnection(UnpooledDataSource.java:216)
		at org.apache.ibatis.datasource.unpooled.UnpooledDataSource.getConnection(UnpooledDataSource.java:95)
		at org.apache.ibatis.datasource.pooled.PooledDataSource.popConnection(PooledDataSource.java:422)
		at org.apache.ibatis.datasource.pooled.PooledDataSource.getConnection(PooledDataSource.java:89)
		at org.apache.ibatis.transaction.jdbc.JdbcTransaction.openConnection(JdbcTransaction.java:138)
		at org.apache.ibatis.transaction.jdbc.JdbcTransaction.getConnection(JdbcTransaction.java:60)
		at org.apache.ibatis.executor.BaseExecutor.getConnection(BaseExecutor.java:336)
		at org.apache.ibatis.executor.SimpleExecutor.prepareStatement(SimpleExecutor.java:86)
		at org.apache.ibatis.executor.SimpleExecutor.doQuery(SimpleExecutor.java:62)
		at org.apache.ibatis.executor.BaseExecutor.queryFromDatabase(BaseExecutor.java:324)
		at org.apache.ibatis.executor.BaseExecutor.query(BaseExecutor.java:156)
		at org.apache.ibatis.executor.CachingExecutor.query(CachingExecutor.java:109)
		at org.apache.ibatis.executor.CachingExecutor.query(CachingExecutor.java:83)
		at org.apache.ibatis.session.defaults.DefaultSqlSession.selectList(DefaultSqlSession.java:147)
		... 42 more
	Caused by: java.net.UnknownHostException: postgresql
		at java.base/java.net.AbstractPlainSocketImpl.connect(AbstractPlainSocketImpl.java:229)
		at java.base/java.net.SocksSocketImpl.connect(SocksSocketImpl.java:392)
		at java.base/java.net.Socket.connect(Socket.java:609)
		at org.postgresql.core.PGStream.createSocket(PGStream.java:241)
		at org.postgresql.core.PGStream.<init>(PGStream.java:98)
		at org.postgresql.core.v3.ConnectionFactoryImpl.tryConnect(ConnectionFactoryImpl.java:109)
		at org.postgresql.core.v3.ConnectionFactoryImpl.openConnectionImpl(ConnectionFactoryImpl.java:235)
		... 63 more
06-Oct-2026 16:06:45.110 SEVERE [http-nio-8080-exec-1] org.apache.catalina.core.StandardWrapperValve.invoke Servlet.service() for servlet [com.hmdm.notification.rest.LongPollingServlet] in context with path [] threw exception
	org.apache.ibatis.exceptions.PersistenceException: 
### Error querying database.  Cause: org.postgresql.util.PSQLException: The connection attempt failed.
### The error may exist in com/hmdm/persistence/mapper/DeviceMapper.xml
### The error may involve com.hmdm.persistence.mapper.DeviceMapper.getDeviceByNumber
### The error occurred while executing a query
### Cause: org.postgresql.util.PSQLException: The connection attempt failed.
		at org.apache.ibatis.exceptions.ExceptionFactory.wrapException(ExceptionFactory.java:30)
		at org.apache.ibatis.session.defaults.DefaultSqlSession.selectList(DefaultSqlSession.java:149)
		at org.apache.ibatis.session.defaults.DefaultSqlSession.selectList(DefaultSqlSession.java:140)
		at org.apache.ibatis.session.defaults.DefaultSqlSession.selectOne(DefaultSqlSession.java:76)
		at jdk.internal.reflect.GeneratedMethodAccessor279.invoke(Unknown Source)
		at java.base/jdk.internal.reflect.DelegatingMethodAccessorImpl.invoke(DelegatingMethodAccessorImpl.java:43)
		at java.base/java.lang.reflect.Method.invoke(Method.java:566)
		at org.apache.ibatis.session.SqlSessionManager$SqlSessionInterceptor.invoke(SqlSessionManager.java:357)
		at com.sun.proxy.$Proxy68.selectOne(Unknown Source)
		at org.apache.ibatis.session.SqlSessionManager.selectOne(SqlSessionManager.java:166)
		at org.apache.ibatis.binding.MapperMethod.execute(MapperMethod.java:87)
		at org.apache.ibatis.binding.MapperProxy.invoke(MapperProxy.java:93)
		at com.sun.proxy.$Proxy82.getDeviceByNumber(Unknown Source)
		at com.hmdm.persistence.UnsecureDAO.getDeviceByNumber(UnsecureDAO.java:166)
		at com.hmdm.notification.rest.LongPollingServlet.doGet(LongPollingServlet.java:138)
		at javax.servlet.http.HttpServlet.service(HttpServlet.java:529)
		at javax.servlet.http.HttpServlet.service(HttpServlet.java:623)
		at com.google.inject.servlet.ServletDefinition.doServiceImpl(ServletDefinition.java:290)
		at com.google.inject.servlet.ServletDefinition.doService(ServletDefinition.java:280)
		at com.google.inject.servlet.ServletDefinition.service(ServletDefinition.java:184)
		at com.google.inject.servlet.ManagedServletPipeline.service(ManagedServletPipeline.java:89)
		at com.hmdm.rest.filter.HstsFilter.doFilter(HstsFilter.java:57)
		at com.hmdm.rest.filter.ApiOriginFilter.doFilter(ApiOriginFilter.java:52)
		at com.google.inject.servlet.ManagedFilterPipeline.dispatch(ManagedFilterPipeline.java:121)
		at com.google.inject.servlet.GuiceFilter.doFilter(GuiceFilter.java:133)
		at org.apache.catalina.core.ApplicationFilterChain.internalDoFilter(ApplicationFilterChain.java:166)
		at org.apache.catalina.core.ApplicationFilterChain.doFilter(ApplicationFilterChain.java:142)
		at org.apache.catalina.core.StandardWrapperValve.invoke(StandardWrapperValve.java:166)
		at org.apache.catalina.core.StandardContextValve.invoke(StandardContextValve.java:88)
		at org.apache.catalina.authenticator.AuthenticatorBase.invoke(AuthenticatorBase.java:491)
		at org.apache.catalina.core.StandardHostValve.invoke(StandardHostValve.java:127)
		at org.apache.catalina.valves.ErrorReportValve.invoke(ErrorReportValve.java:83)
		at org.apache.catalina.valves.AbstractAccessLogValve.invoke(AbstractAccessLogValve.java:643)
		at org.apache.catalina.core.StandardEngineValve.invoke(StandardEngineValve.java:72)
		at org.apache.catalina.connector.CoyoteAdapter.service(CoyoteAdapter.java:344)
		at org.apache.coyote.http11.Http11Processor.service(Http11Processor.java:398)
		at org.apache.coyote.AbstractProcessorLight.process(AbstractProcessorLight.java:63)
		at org.apache.coyote.AbstractProtocol$ConnectionHandler.process(AbstractProtocol.java:939)
		at org.apache.tomcat.util.net.NioEndpoint$SocketProcessor.doRun(NioEndpoint.java:1854)
		at org.apache.tomcat.util.net.SocketProcessorBase.run(SocketProcessorBase.java:52)
		at org.apache.tomcat.util.threads.ThreadPoolExecutor.runWorker(ThreadPoolExecutor.java:973)
		at org.apache.tomcat.util.threads.ThreadPoolExecutor$Worker.run(ThreadPoolExecutor.java:491)
		at org.apache.tomcat.util.threads.TaskThread$WrappingRunnable.run(TaskThread.java:63)
		at java.base/java.lang.Thread.run(Thread.java:829)
	Caused by: org.postgresql.util.PSQLException: The connection attempt failed.
		at org.postgresql.core.v3.ConnectionFactoryImpl.openConnectionImpl(ConnectionFactoryImpl.java:331)
		at org.postgresql.core.ConnectionFactory.openConnection(ConnectionFactory.java:49)
		at org.postgresql.jdbc.PgConnection.<init>(PgConnection.java:223)
		at org.postgresql.Driver.makeConnection(Driver.java:400)
		at org.postgresql.Driver.connect(Driver.java:259)
		at java.sql/java.sql.DriverManager.getConnection(DriverManager.java:677)
		at java.sql/java.sql.DriverManager.getConnection(DriverManager.java:189)
		at org.apache.ibatis.datasource.unpooled.UnpooledDataSource.doGetConnection(UnpooledDataSource.java:221)
		at org.apache.ibatis.datasource.unpooled.UnpooledDataSource.doGetConnection(UnpooledDataSource.java:216)
		at org.apache.ibatis.datasource.unpooled.UnpooledDataSource.getConnection(UnpooledDataSource.java:95)
		at org.apache.ibatis.datasource.pooled.PooledDataSource.popConnection(PooledDataSource.java:422)
		at org.apache.ibatis.datasource.pooled.PooledDataSource.getConnection(PooledDataSource.java:89)
		at org.apache.ibatis.transaction.jdbc.JdbcTransaction.openConnection(JdbcTransaction.java:138)
		at org.apache.ibatis.transaction.jdbc.JdbcTransaction.getConnection(JdbcTransaction.java:60)
		at org.apache.ibatis.executor.BaseExecutor.getConnection(BaseExecutor.java:336)
		at org.apache.ibatis.executor.SimpleExecutor.prepareStatement(SimpleExecutor.java:86)
		at org.apache.ibatis.executor.SimpleExecutor.doQuery(SimpleExecutor.java:62)
		at org.apache.ibatis.executor.BaseExecutor.queryFromDatabase(BaseExecutor.java:324)
		at org.apache.ibatis.executor.BaseExecutor.query(BaseExecutor.java:156)
		at org.apache.ibatis.executor.CachingExecutor.query(CachingExecutor.java:109)
		at org.apache.ibatis.executor.CachingExecutor.query(CachingExecutor.java:83)
		at org.apache.ibatis.session.defaults.DefaultSqlSession.selectList(DefaultSqlSession.java:147)
		... 42 more
	Caused by: java.net.UnknownHostException: postgresql
		at java.base/java.net.AbstractPlainSocketImpl.connect(AbstractPlainSocketImpl.java:229)
		at java.base/java.net.SocksSocketImpl.connect(SocksSocketImpl.java:392)
		at java.base/java.net.Socket.connect(Socket.java:609)
		at org.postgresql.core.PGStream.createSocket(PGStream.java:241)
		at org.postgresql.core.PGStream.<init>(PGStream.java:98)
		at org.postgresql.core.v3.ConnectionFactoryImpl.tryConnect(ConnectionFactoryImpl.java:109)
		at org.postgresql.core.v3.ConnectionFactoryImpl.openConnectionImpl(ConnectionFactoryImpl.java:235)
		... 63 more
06-Oct-2026 16:06:49.140 SEVERE [http-nio-8080-exec-11] org.apache.catalina.core.StandardWrapperValve.invoke Servlet.service() for servlet [com.hmdm.notification.rest.LongPollingServlet] in context with path [] threw exception
	org.apache.ibatis.exceptions.PersistenceException: 
### Error querying database.  Cause: org.postgresql.util.PSQLException: The connection attempt failed.
### The error may exist in com/hmdm/persistence/mapper/DeviceMapper.xml
### The error may involve com.hmdm.persistence.mapper.DeviceMapper.getDeviceByNumber
### The error occurred while executing a query
### Cause: org.postgresql.util.PSQLException: The connection attempt failed.
		at org.apache.ibatis.exceptions.ExceptionFactory.wrapException(ExceptionFactory.java:30)
		at org.apache.ibatis.session.defaults.DefaultSqlSession.selectList(DefaultSqlSession.java:149)
		at org.apache.ibatis.session.defaults.DefaultSqlSession.selectList(DefaultSqlSession.java:140)
		at org.apache.ibatis.session.defaults.DefaultSqlSession.selectOne(DefaultSqlSession.java:76)
		at jdk.internal.reflect.GeneratedMethodAccessor279.invoke(Unknown Source)
		at java.base/jdk.internal.reflect.DelegatingMethodAccessorImpl.invoke(DelegatingMethodAccessorImpl.java:43)
		at java.base/java.lang.reflect.Method.invoke(Method.java:566)
		at org.apache.ibatis.session.SqlSessionManager$SqlSessionInterceptor.invoke(SqlSessionManager.java:357)
		at com.sun.proxy.$Proxy68.selectOne(Unknown Source)
		at org.apache.ibatis.session.SqlSessionManager.selectOne(SqlSessionManager.java:166)
		at org.apache.ibatis.binding.MapperMethod.execute(MapperMethod.java:87)
		at org.apache.ibatis.binding.MapperProxy.invoke(MapperProxy.java:93)
		at com.sun.proxy.$Proxy82.getDeviceByNumber(Unknown Source)
		at com.hmdm.persistence.UnsecureDAO.getDeviceByNumber(UnsecureDAO.java:166)
		at com.hmdm.notification.rest.LongPollingServlet.doGet(LongPollingServlet.java:138)
		at javax.servlet.http.HttpServlet.service(HttpServlet.java:529)
		at javax.servlet.http.HttpServlet.service(HttpServlet.java:623)
		at com.google.inject.servlet.ServletDefinition.doServiceImpl(ServletDefinition.java:290)
		at com.google.inject.servlet.ServletDefinition.doService(ServletDefinition.java:280)
		at com.google.inject.servlet.ServletDefinition.service(ServletDefinition.java:184)
		at com.google.inject.servlet.ManagedServletPipeline.service(ManagedServletPipeline.java:89)
		at com.hmdm.rest.filter.HstsFilter.doFilter(HstsFilter.java:57)
		at com.hmdm.rest.filter.ApiOriginFilter.doFilter(ApiOriginFilter.java:52)
		at com.google.inject.servlet.ManagedFilterPipeline.dispatch(ManagedFilterPipeline.java:121)
		at com.google.inject.servlet.GuiceFilter.doFilter(GuiceFilter.java:133)
		at org.apache.catalina.core.ApplicationFilterChain.internalDoFilter(ApplicationFilterChain.java:166)
		at org.apache.catalina.core.ApplicationFilterChain.doFilter(ApplicationFilterChain.java:142)
		at org.apache.catalina.core.StandardWrapperValve.invoke(StandardWrapperValve.java:166)
		at org.apache.catalina.core.StandardContextValve.invoke(StandardContextValve.java:88)
		at org.apache.catalina.authenticator.AuthenticatorBase.invoke(AuthenticatorBase.java:491)
		at org.apache.catalina.core.StandardHostValve.invoke(StandardHostValve.java:127)
		at org.apache.catalina.valves.ErrorReportValve.invoke(ErrorReportValve.java:83)
		at org.apache.catalina.valves.AbstractAccessLogValve.invoke(AbstractAccessLogValve.java:643)
		at org.apache.catalina.core.StandardEngineValve.invoke(StandardEngineValve.java:72)
		at org.apache.catalina.connector.CoyoteAdapter.service(CoyoteAdapter.java:344)
		at org.apache.coyote.http11.Http11Processor.service(Http11Processor.java:398)
		at org.apache.coyote.AbstractProcessorLight.process(AbstractProcessorLight.java:63)
		at org.apache.coyote.AbstractProtocol$ConnectionHandler.process(AbstractProtocol.java:939)
		at org.apache.tomcat.util.net.NioEndpoint$SocketProcessor.doRun(NioEndpoint.java:1854)
		at org.apache.tomcat.util.net.SocketProcessorBase.run(SocketProcessorBase.java:52)
		at org.apache.tomcat.util.threads.ThreadPoolExecutor.runWorker(ThreadPoolExecutor.java:973)
		at org.apache.tomcat.util.threads.ThreadPoolExecutor$Worker.run(ThreadPoolExecutor.java:491)
		at org.apache.tomcat.util.threads.TaskThread$WrappingRunnable.run(TaskThread.java:63)
		at java.base/java.lang.Thread.run(Thread.java:829)
	Caused by: org.postgresql.util.PSQLException: The connection attempt failed.
		at org.postgresql.core.v3.ConnectionFactoryImpl.openConnectionImpl(ConnectionFactoryImpl.java:331)
		at org.postgresql.core.ConnectionFactory.openConnection(ConnectionFactory.java:49)
		at org.postgresql.jdbc.PgConnection.<init>(PgConnection.java:223)
		at org.postgresql.Driver.makeConnection(Driver.java:400)
		at org.postgresql.Driver.connect(Driver.java:259)
		at java.sql/java.sql.DriverManager.getConnection(DriverManager.java:677)
		at java.sql/java.sql.DriverManager.getConnection(DriverManager.java:189)
		at org.apache.ibatis.datasource.unpooled.UnpooledDataSource.doGetConnection(UnpooledDataSource.java:221)
		at org.apache.ibatis.datasource.unpooled.UnpooledDataSource.doGetConnection(UnpooledDataSource.java:216)
		at org.apache.ibatis.datasource.unpooled.UnpooledDataSource.getConnection(UnpooledDataSource.java:95)
		at org.apache.ibatis.datasource.pooled.PooledDataSource.popConnection(PooledDataSource.java:422)
		at org.apache.ibatis.datasource.pooled.PooledDataSource.getConnection(PooledDataSource.java:89)
		at org.apache.ibatis.transaction.jdbc.JdbcTransaction.openConnection(JdbcTransaction.java:138)
		at org.apache.ibatis.transaction.jdbc.JdbcTransaction.getConnection(JdbcTransaction.java:60)
		at org.apache.ibatis.executor.BaseExecutor.getConnection(BaseExecutor.java:336)
		at org.apache.ibatis.executor.SimpleExecutor.prepareStatement(SimpleExecutor.java:86)
		at org.apache.ibatis.executor.SimpleExecutor.doQuery(SimpleExecutor.java:62)
		at org.apache.ibatis.executor.BaseExecutor.queryFromDatabase(BaseExecutor.java:324)
		at org.apache.ibatis.executor.BaseExecutor.query(BaseExecutor.java:156)
		at org.apache.ibatis.executor.CachingExecutor.query(CachingExecutor.java:109)
		at org.apache.ibatis.executor.CachingExecutor.query(CachingExecutor.java:83)
		at org.apache.ibatis.session.defaults.DefaultSqlSession.selectList(DefaultSqlSession.java:147)
		... 42 more
	Caused by: java.net.UnknownHostException: postgresql
		at java.base/java.net.AbstractPlainSocketImpl.connect(AbstractPlainSocketImpl.java:229)
		at java.base/java.net.SocksSocketImpl.connect(SocksSocketImpl.java:392)
		at java.base/java.net.Socket.connect(Socket.java:609)
		at org.postgresql.core.PGStream.createSocket(PGStream.java:241)
		at org.postgresql.core.PGStream.<init>(PGStream.java:98)
		at org.postgresql.core.v3.ConnectionFactoryImpl.tryConnect(ConnectionFactoryImpl.java:109)
		at org.postgresql.core.v3.ConnectionFactoryImpl.openConnectionImpl(ConnectionFactoryImpl.java:235)
		... 63 more
06-Oct-2026 16:16:26.121 SEVERE [main] org.apache.catalina.core.StandardContext.listenerStart Exception sending context initialized event to listener instance of class [com.hmdm.guice.Initializer]
	java.lang.NullPointerException
		at com.google.inject.servlet.GuiceServletContextListener.contextInitialized(GuiceServletContextListener.java:47)
		at com.hmdm.guice.Initializer.contextInitialized(Initializer.java:126)
		at org.apache.catalina.core.StandardContext.listenerStart(StandardContext.java:4047)
		at org.apache.catalina.core.StandardContext.startInternal(StandardContext.java:4489)
		at org.apache.catalina.util.LifecycleBase.start(LifecycleBase.java:164)
		at org.apache.catalina.core.ContainerBase.addChildInternal(ContainerBase.java:597)
		at org.apache.catalina.core.ContainerBase.addChild(ContainerBase.java:569)
		at org.apache.catalina.core.StandardHost.addChild(StandardHost.java:608)
		at org.apache.catalina.startup.HostConfig.deployDescriptor(HostConfig.java:677)
		at org.apache.catalina.startup.HostConfig$DeployDescriptor.run(HostConfig.java:1836)
		at java.base/java.util.concurrent.Executors$RunnableAdapter.call(Executors.java:515)
		at java.base/java.util.concurrent.FutureTask.run(FutureTask.java:264)
		at org.apache.tomcat.util.threads.InlineExecutorService.execute(InlineExecutorService.java:82)
		at java.base/java.util.concurrent.AbstractExecutorService.submit(AbstractExecutorService.java:118)
		at org.apache.catalina.startup.HostConfig.deployDescriptors(HostConfig.java:572)
		at org.apache.catalina.startup.HostConfig.deployApps(HostConfig.java:463)
		at org.apache.catalina.startup.HostConfig.start(HostConfig.java:1576)
		at org.apache.catalina.startup.HostConfig.lifecycleEvent(HostConfig.java:309)
		at org.apache.catalina.util.LifecycleBase.fireLifecycleEvent(LifecycleBase.java:109)
		at org.apache.catalina.util.LifecycleBase.setStateInternal(LifecycleBase.java:389)
		at org.apache.catalina.util.LifecycleBase.setState(LifecycleBase.java:336)
		at org.apache.catalina.core.ContainerBase.startInternal(ContainerBase.java:774)
		at org.apache.catalina.core.StandardHost.startInternal(StandardHost.java:726)
		at org.apache.catalina.util.LifecycleBase.start(LifecycleBase.java:164)
		at org.apache.catalina.core.ContainerBase$StartChild.call(ContainerBase.java:1201)
		at org.apache.catalina.core.ContainerBase$StartChild.call(ContainerBase.java:1191)
		at java.base/java.util.concurrent.FutureTask.run(FutureTask.java:264)
		at org.apache.tomcat.util.threads.InlineExecutorService.execute(InlineExecutorService.java:82)
		at java.base/java.util.concurrent.AbstractExecutorService.submit(AbstractExecutorService.java:140)
		at org.apache.catalina.core.ContainerBase.startInternal(ContainerBase.java:747)
		at org.apache.catalina.core.StandardEngine.startInternal(StandardEngine.java:209)
		at org.apache.catalina.util.LifecycleBase.start(LifecycleBase.java:164)
		at org.apache.catalina.core.StandardService.startInternal(StandardService.java:410)
		at org.apache.catalina.util.LifecycleBase.start(LifecycleBase.java:164)
		at org.apache.catalina.core.StandardServer.startInternal(StandardServer.java:872)
		at org.apache.catalina.util.LifecycleBase.start(LifecycleBase.java:164)
		at org.apache.catalina.startup.Catalina.start(Catalina.java:736)
		at java.base/jdk.internal.reflect.NativeMethodAccessorImpl.invoke0(Native Method)
		at java.base/jdk.internal.reflect.NativeMethodAccessorImpl.invoke(NativeMethodAccessorImpl.java:62)
		at java.base/jdk.internal.reflect.DelegatingMethodAccessorImpl.invoke(DelegatingMethodAccessorImpl.java:43)
		at java.base/java.lang.reflect.Method.invoke(Method.java:566)
		at org.apache.catalina.startup.Bootstrap.start(Bootstrap.java:342)
		at org.apache.catalina.startup.Bootstrap.main(Bootstrap.java:473)
06-Oct-2026 16:20:19.262 SEVERE [main] org.apache.catalina.core.StandardContext.listenerStart Exception sending context initialized event to listener instance of class [com.hmdm.guice.Initializer]
	java.lang.NullPointerException
		at com.google.inject.servlet.GuiceServletContextListener.contextInitialized(GuiceServletContextListener.java:47)
		at com.hmdm.guice.Initializer.contextInitialized(Initializer.java:126)
		at org.apache.catalina.core.StandardContext.listenerStart(StandardContext.java:4047)
		at org.apache.catalina.core.StandardContext.startInternal(StandardContext.java:4489)
		at org.apache.catalina.util.LifecycleBase.start(LifecycleBase.java:164)
		at org.apache.catalina.core.ContainerBase.addChildInternal(ContainerBase.java:597)
		at org.apache.catalina.core.ContainerBase.addChild(ContainerBase.java:569)
		at org.apache.catalina.core.StandardHost.addChild(StandardHost.java:608)
		at org.apache.catalina.startup.HostConfig.deployDescriptor(HostConfig.java:677)
		at org.apache.catalina.startup.HostConfig$DeployDescriptor.run(HostConfig.java:1836)
		at java.base/java.util.concurrent.Executors$RunnableAdapter.call(Executors.java:515)
		at java.base/java.util.concurrent.FutureTask.run(FutureTask.java:264)
		at org.apache.tomcat.util.threads.InlineExecutorService.execute(InlineExecutorService.java:82)
		at java.base/java.util.concurrent.AbstractExecutorService.submit(AbstractExecutorService.java:118)
		at org.apache.catalina.startup.HostConfig.deployDescriptors(HostConfig.java:572)
		at org.apache.catalina.startup.HostConfig.deployApps(HostConfig.java:463)
		at org.apache.catalina.startup.HostConfig.start(HostConfig.java:1576)
		at org.apache.catalina.startup.HostConfig.lifecycleEvent(HostConfig.java:309)
		at org.apache.catalina.util.LifecycleBase.fireLifecycleEvent(LifecycleBase.java:109)
		at org.apache.catalina.util.LifecycleBase.setStateInternal(LifecycleBase.java:389)
		at org.apache.catalina.util.LifecycleBase.setState(LifecycleBase.java:336)
		at org.apache.catalina.core.ContainerBase.startInternal(ContainerBase.java:774)
		at org.apache.catalina.core.StandardHost.startInternal(StandardHost.java:726)
		at org.apache.catalina.util.LifecycleBase.start(LifecycleBase.java:164)
		at org.apache.catalina.core.ContainerBase$StartChild.call(ContainerBase.java:1201)
		at org.apache.catalina.core.ContainerBase$StartChild.call(ContainerBase.java:1191)
		at java.base/java.util.concurrent.FutureTask.run(FutureTask.java:264)
		at org.apache.tomcat.util.threads.InlineExecutorService.execute(InlineExecutorService.java:82)
		at java.base/java.util.concurrent.AbstractExecutorService.submit(AbstractExecutorService.java:140)
		at org.apache.catalina.core.ContainerBase.startInternal(ContainerBase.java:747)
		at org.apache.catalina.core.StandardEngine.startInternal(StandardEngine.java:209)
		at org.apache.catalina.util.LifecycleBase.start(LifecycleBase.java:164)
		at org.apache.catalina.core.StandardService.startInternal(StandardService.java:410)
		at org.apache.catalina.util.LifecycleBase.start(LifecycleBase.java:164)
		at org.apache.catalina.core.StandardServer.startInternal(StandardServer.java:872)
		at org.apache.catalina.util.LifecycleBase.start(LifecycleBase.java:164)
		at org.apache.catalina.startup.Catalina.start(Catalina.java:736)
		at java.base/jdk.internal.reflect.NativeMethodAccessorImpl.invoke0(Native Method)
		at java.base/jdk.internal.reflect.NativeMethodAccessorImpl.invoke(NativeMethodAccessorImpl.java:62)
		at java.base/jdk.internal.reflect.DelegatingMethodAccessorImpl.invoke(DelegatingMethodAccessorImpl.java:43)
		at java.base/java.lang.reflect.Method.invoke(Method.java:566)
		at org.apache.catalina.startup.Bootstrap.start(Bootstrap.java:342)
		at org.apache.catalina.startup.Bootstrap.main(Bootstrap.java:473)
